<?xml version="1.0" encoding="UTF-8"?>
<kml xmlns="http://www.opengis.net/kml/2.2">
  <Document id="root_doc">
    <Schema id="Lote_B.schema">
      <SimpleField name="Cédula" type="double"/>
      <SimpleField name="Nombres_y_" type="string"/>
      <SimpleField name="Sexo" type="string"/>
      <SimpleField name="Cambio_de_" type="string"/>
      <SimpleField name="Titular_se" type="string"/>
      <SimpleField name="Cédula_Ti" type="string"/>
      <SimpleField name="ci_UNIF" type="double"/>
      <SimpleField name="Situación" type="string"/>
      <SimpleField name="Comunidad" type="string"/>
      <SimpleField name="Modelo_imp" type="string"/>
      <SimpleField name="Departamen" type="string"/>
      <SimpleField name="Distrito" type="string"/>
      <SimpleField name="Localidad" type="string"/>
      <SimpleField name="Teléfono" type="string"/>
      <SimpleField name="Vivienda_L" type="double"/>
      <SimpleField name="Vivienda_1" type="double"/>
      <SimpleField name="Superficie" type="double"/>
      <SimpleField name="Situaci_1" type="string"/>
      <SimpleField name="Plantado" type="string"/>
      <SimpleField name="Fecha_Plan" type="string"/>
      <SimpleField name="Jornales" type="double"/>
      <SimpleField name="Monto" type="double"/>
      <SimpleField name="Grupo_de_p" type="string"/>
      <SimpleField name="Estado_del" type="string"/>
      <SimpleField name="Empresa" type="string"/>
      <SimpleField name="Lote" type="string"/>
      <SimpleField name="Parametro" type="double"/>
      <SimpleField name="Sup_SIG" type="double"/>
      <SimpleField name="Situacion" type="string"/>
      <SimpleField name="X" type="double"/>
      <SimpleField name="Y" type="double"/>
      <SimpleField name="cedula" type="string"/>
    </Schema>
    <Document id="Lote_B">
      <name>Lote_B</name>
      <Placemark id="Lote_B.1">
        <ExtendedData>
          <SchemaData schemaUrl="#Lote_B.schema">
            <SimpleData name="Cédula">4187176.00000000000</SimpleData>
            <SimpleData name="Nombres_y_">MARIA ESTELA CARBALLO GIMENEZ</SimpleData>
            <SimpleData name="Sexo">Mujer</SimpleData>
            <SimpleData name="Cambio_de_">NO</SimpleData>
            <SimpleData name="Titular_se">NO</SimpleData>
            <SimpleData name="ci_UNIF">4187176.00000000000</SimpleData>
            <SimpleData name="Situación">NO</SimpleData>
            <SimpleData name="Comunidad">Ind?gena</SimpleData>
            <SimpleData name="Modelo_imp">Modelo 4</SimpleData>
            <SimpleData name="Departamen">GUAIRA</SimpleData>
            <SimpleData name="Distrito">PASO YOBAI</SimpleData>
            <SimpleData name="Localidad">COM INDIG ARROYO HU</SimpleData>
            <SimpleData name="Teléfono">0984576329</SimpleData>
            <SimpleData name="Vivienda_L">-25.66691600000</SimpleData>
            <SimpleData name="Vivienda_1">-55.98582230000</SimpleData>
            <SimpleData name="Superficie">0.70000000000</SimpleData>
            <SimpleData name="Situaci_1">Pol?gono</SimpleData>
            <SimpleData name="Plantado">SI</SimpleData>
            <SimpleData name="Fecha_Plan">2025/10/02</SimpleData>
            <SimpleData name="Jornales">0.00000000000</SimpleData>
            <SimpleData name="Monto">0.00000000000</SimpleData>
            <SimpleData name="Grupo_de_p">B-P1-XX-XX-XX</SimpleData>
            <SimpleData name="Estado_del">Activo</SimpleData>
            <SimpleData name="Empresa">Unique Wood Paraguay SA</SimpleData>
            <SimpleData name="Lote">B</SimpleData>
            <SimpleData name="Parametro">0.00000000000</SimpleData>
            <SimpleData name="Sup_SIG">1.16811397103</SimpleData>
            <SimpleData name="X">-55.98699342000</SimpleData>
            <SimpleData name="Y">-25.66623619000</SimpleData>
            <SimpleData name="cedula">4187176</SimpleData>
          </SchemaData>
        </ExtendedData>
        <Polygon>
          <outerBoundaryIs>
            <LinearRing>
              <coordinates>
                -55.9862517003769,-25.6664433002296,0
                -55.9873499999814,-25.6667966997667,0
                -55.9878450003415,-25.6659349997052,0
                -55.9863500000295,-25.6657966996524,0
                -55.9862517003769,-25.6664433002296,0
              </coordinates>
            </LinearRing>
          </outerBoundaryIs>
        </Polygon>
      </Placemark>
      <Placemark id="Lote_B.2">
        <ExtendedData>
          <SchemaData schemaUrl="#Lote_B.schema">
            <SimpleData name="Cédula">5451903.00000000000</SimpleData>
            <SimpleData name="Nombres_y_">LUISA KRACHOVAGI</SimpleData>
            <SimpleData name="Sexo">Mujer</SimpleData>
            <SimpleData name="Cambio_de_">NO</SimpleData>
            <SimpleData name="Titular_se">NO</SimpleData>
            <SimpleData name="ci_UNIF">5451903.00000000000</SimpleData>
            <SimpleData name="Situación">NO</SimpleData>
            <SimpleData name="Comunidad">Ind?gena</SimpleData>
            <SimpleData name="Modelo_imp">Modelo 4</SimpleData>
            <SimpleData name="Departamen">CAAZAPA</SimpleData>
            <SimpleData name="Distrito">ABAI</SimpleData>
            <SimpleData name="Localidad">COM INDIG YPETIMI</SimpleData>
            <SimpleData name="Teléfono">0986743845</SimpleData>
            <SimpleData name="Vivienda_L">-25.94115190000</SimpleData>
            <SimpleData name="Vivienda_1">-55.70490930000</SimpleData>
            <SimpleData name="Superficie">0.70000000000</SimpleData>
            <SimpleData name="Situaci_1">Pol?gono</SimpleData>
            <SimpleData name="Plantado">SI</SimpleData>
            <SimpleData name="Fecha_Plan">2025/09/25</SimpleData>
            <SimpleData name="Jornales">0.00000000000</SimpleData>
            <SimpleData name="Monto">0.00000000000</SimpleData>
            <SimpleData name="Grupo_de_p">B-P1-XX-XX-XX</SimpleData>
            <SimpleData name="Estado_del">Activo</SimpleData>
            <SimpleData name="Empresa">Unique Wood Paraguay SA</SimpleData>
            <SimpleData name="Lote">B</SimpleData>
            <SimpleData name="Parametro">0.00000000000</SimpleData>
            <SimpleData name="Sup_SIG">0.71066635156</SimpleData>
            <SimpleData name="X">-55.73485382000</SimpleData>
            <SimpleData name="Y">-25.95625114000</SimpleData>
            <SimpleData name="cedula">5451903</SimpleData>
          </SchemaData>
        </ExtendedData>
        <Polygon>
          <outerBoundaryIs>
            <LinearRing>
              <coordinates>
                -55.7346731193236,-25.9567337086613,0
                -55.7346740131028,-25.9567358625583,0
                -55.7346857668987,-25.9567341803396,0
                -55.7347681315034,-25.9567223902021,0
                -55.7351392006672,-25.9566692709292,0
                -55.7353513880481,-25.9566244966181,0
                -55.735355701203,-25.9566235862961,0
                -55.735344731827,-25.9565929929434,0
                -55.7353387753409,-25.956576379846,0
                -55.7350392094206,-25.9557408575165,0
                -55.7350263158898,-25.9557440646625,0
                -55.7346516864252,-25.9558372321478,0
                -55.7343343103932,-25.9559161600585,0
                -55.7343420132773,-25.9559347485582,0
                -55.7343533213333,-25.9559620332701,0
                -55.7344834161815,-25.9562759554699,0
                -55.7346576033449,-25.956696266195,0
                -55.734662297941,-25.9567075965204,0
                -55.7346722635539,-25.9567316426733,0
                -55.7346731193236,-25.9567337086613,0
              </coordinates>
            </LinearRing>
          </outerBoundaryIs>
        </Polygon>
      </Placemark>
      <Placemark id="Lote_B.3">
        <ExtendedData>
          <SchemaData schemaUrl="#Lote_B.schema">
            <SimpleData name="Cédula">3014392.00000000000</SimpleData>
            <SimpleData name="Nombres_y_">ZENON MBEPURANGI</SimpleData>
            <SimpleData name="Sexo">Hombre</SimpleData>
            <SimpleData name="Cambio_de_">NO</SimpleData>
            <SimpleData name="Titular_se">NO</SimpleData>
            <SimpleData name="ci_UNIF">3014392.00000000000</SimpleData>
            <SimpleData name="Situación">NO</SimpleData>
            <SimpleData name="Comunidad">Ind?gena</SimpleData>
            <SimpleData name="Modelo_imp">Modelo 4</SimpleData>
            <SimpleData name="Departamen">CAAZAPA</SimpleData>
            <SimpleData name="Distrito">ABAI</SimpleData>
            <SimpleData name="Localidad">COM INDIG YPETIMI</SimpleData>
            <SimpleData name="Teléfono">0985877442</SimpleData>
            <SimpleData name="Vivienda_L">-25.94107420000</SimpleData>
            <SimpleData name="Vivienda_1">-55.70493190000</SimpleData>
            <SimpleData name="Superficie">0.70000000000</SimpleData>
            <SimpleData name="Situaci_1">Par?metro</SimpleData>
            <SimpleData name="Plantado">SI</SimpleData>
            <SimpleData name="Fecha_Plan">2025/10/23</SimpleData>
            <SimpleData name="Jornales">0.00000000000</SimpleData>
            <SimpleData name="Monto">0.00000000000</SimpleData>
            <SimpleData name="Grupo_de_p">B-P3-XX-XX-XX</SimpleData>
            <SimpleData name="Estado_del">Activo</SimpleData>
            <SimpleData name="Empresa">Unique Wood Paraguay SA</SimpleData>
            <SimpleData name="Lote">B</SimpleData>
            <SimpleData name="Parametro">0.00000000000</SimpleData>
            <SimpleData name="Sup_SIG">0.75088735005</SimpleData>
            <SimpleData name="X">-55.72511338000</SimpleData>
            <SimpleData name="Y">-25.95496444000</SimpleData>
            <SimpleData name="cedula">3014392</SimpleData>
          </SchemaData>
        </ExtendedData>
        <Polygon>
          <outerBoundaryIs>
            <LinearRing>
              <coordinates>
                -55.7248227844683,-25.954801002452,0
                -55.7248112508173,-25.9548020032537,0
                -55.7247995432261,-25.9548030196766,0
                -55.7246137952044,-25.9548191408833,0
                -55.7241346695094,-25.954860724884,0
                -55.7242942069357,-25.9552221016262,0
                -55.7242116180586,-25.9553445618197,0
                -55.7249809902315,-25.9551050509652,0
                -55.7252621661272,-25.9550417846925,0
                -55.7254861453133,-25.955072209027,0
                -55.725759660126,-25.9551632468464,0
                -55.7259523470557,-25.9551173919943,0
                -55.7260276393556,-25.9549861386642,0
                -55.7261073934572,-25.9548471085461,0
                -55.7261660970625,-25.9547907344597,0
                -55.7261553960985,-25.9547489889897,0
                -55.7256561315423,-25.9547442018791,0
                -55.7254850899273,-25.9547425618128,0
                -55.7254774056692,-25.9547352695405,0
                -55.7252660045424,-25.9547579705702,0
                -55.7249390442641,-25.9547930790772,0
                -55.7248241930495,-25.9548054108482,0
                -55.7248227844683,-25.954801002452,0
              </coordinates>
            </LinearRing>
          </outerBoundaryIs>
        </Polygon>
      </Placemark>
      <Placemark id="Lote_B.4">
        <ExtendedData>
          <SchemaData schemaUrl="#Lote_B.schema">
            <SimpleData name="Cédula">5691711.00000000000</SimpleData>
            <SimpleData name="Nombres_y_">EVA TEJUGI</SimpleData>
            <SimpleData name="Sexo">Mujer</SimpleData>
            <SimpleData name="Cambio_de_">NO</SimpleData>
            <SimpleData name="Titular_se">NO</SimpleData>
            <SimpleData name="ci_UNIF">5691711.00000000000</SimpleData>
            <SimpleData name="Situación">NO</SimpleData>
            <SimpleData name="Comunidad">Ind?gena</SimpleData>
            <SimpleData name="Modelo_imp">Modelo 4</SimpleData>
            <SimpleData name="Departamen">CAAZAPA</SimpleData>
            <SimpleData name="Distrito">ABAI</SimpleData>
            <SimpleData name="Localidad">COM INDIG YPETIMI</SimpleData>
            <SimpleData name="Teléfono">ND</SimpleData>
            <SimpleData name="Vivienda_L">-25.94105550000</SimpleData>
            <SimpleData name="Vivienda_1">-55.70492590000</SimpleData>
            <SimpleData name="Superficie">0.70000000000</SimpleData>
            <SimpleData name="Situaci_1">Pol?gono</SimpleData>
            <SimpleData name="Plantado">SI</SimpleData>
            <SimpleData name="Fecha_Plan">2025/09/23</SimpleData>
            <SimpleData name="Jornales">0.00000000000</SimpleData>
            <SimpleData name="Monto">0.00000000000</SimpleData>
            <SimpleData name="Grupo_de_p">B-P1-XX-XX-XX</SimpleData>
            <SimpleData name="Estado_del">Activo</SimpleData>
            <SimpleData name="Empresa">Unique Wood Paraguay SA</SimpleData>
            <SimpleData name="Lote">B</SimpleData>
            <SimpleData name="Parametro">0.00000000000</SimpleData>
            <SimpleData name="Sup_SIG">0.72478570692</SimpleData>
            <SimpleData name="X">-55.73153569000</SimpleData>
            <SimpleData name="Y">-25.95417827000</SimpleData>
            <SimpleData name="cedula">5691711</SimpleData>
          </SchemaData>
        </ExtendedData>
        <Polygon>
          <outerBoundaryIs>
            <LinearRing>
              <coordinates>
                -55.731106718204,-25.9538835065956,0
                -55.7311236397257,-25.953903451776,0
                -55.7312405076196,-25.9543959012989,0
                -55.7313295448224,-25.9547710816074,0
                -55.7313318399919,-25.9547807523272,0
                -55.7313441608793,-25.9547737611445,0
                -55.7313916014258,-25.9547925977602,0
                -55.7320036233491,-25.9544263432294,0
                -55.7319989390732,-25.9544021517536,0
                -55.7316948504401,-25.9536679514597,0
                -55.7316816110024,-25.9536359845884,0
                -55.7316815749836,-25.9536358975988,0
                -55.7316640512251,-25.9535935871132,0
                -55.7316515156383,-25.9535633192569,0
                -55.7316455568913,-25.9535489351476,0
                -55.731634207024,-25.9535215297938,0
                -55.7315998894881,-25.9535341011634,0
                -55.7313769532446,-25.9537139016265,0
                -55.7313228667465,-25.953742774097,0
                -55.7312871889628,-25.9537715487341,0
                -55.7311559548938,-25.9538773905854,0
                -55.7311369306752,-25.9538796561569,0
                -55.7311065239215,-25.9538832773737,0
                -55.731106718204,-25.9538835065956,0
              </coordinates>
            </LinearRing>
          </outerBoundaryIs>
        </Polygon>
      </Placemark>
      <Placemark id="Lote_B.5">
        <ExtendedData>
          <SchemaData schemaUrl="#Lote_B.schema">
            <SimpleData name="Cédula">8032929.00000000000</SimpleData>
            <SimpleData name="Nombres_y_">CARMEN MENDEZ MARTINEZ</SimpleData>
            <SimpleData name="Sexo">Mujer</SimpleData>
            <SimpleData name="Cambio_de_">NO</SimpleData>
            <SimpleData name="Titular_se">NO</SimpleData>
            <SimpleData name="ci_UNIF">8032929.00000000000</SimpleData>
            <SimpleData name="Situación">NO</SimpleData>
            <SimpleData name="Comunidad">Ind?gena</SimpleData>
            <SimpleData name="Modelo_imp">Modelo 5</SimpleData>
            <SimpleData name="Departamen">CAAZAPA</SimpleData>
            <SimpleData name="Distrito">ABAI</SimpleData>
            <SimpleData name="Localidad">COM INDIG YKUA PORA</SimpleData>
            <SimpleData name="Teléfono">0985931789</SimpleData>
            <SimpleData name="Vivienda_L">-25.82085310000</SimpleData>
            <SimpleData name="Vivienda_1">-55.66221010000</SimpleData>
            <SimpleData name="Superficie">0.70000000000</SimpleData>
            <SimpleData name="Situaci_1">Pol?gono</SimpleData>
            <SimpleData name="Plantado">SI</SimpleData>
            <SimpleData name="Fecha_Plan">2025/11/11</SimpleData>
            <SimpleData name="Jornales">0.00000000000</SimpleData>
            <SimpleData name="Monto">0.00000000000</SimpleData>
            <SimpleData name="Grupo_de_p">B-P1-XX-XX-XX</SimpleData>
            <SimpleData name="Estado_del">Activo</SimpleData>
            <SimpleData name="Empresa">Unique Wood Paraguay SA</SimpleData>
            <SimpleData name="Lote">B</SimpleData>
            <SimpleData name="Parametro">0.00000000000</SimpleData>
            <SimpleData name="Sup_SIG">0.76954129738</SimpleData>
            <SimpleData name="X">-55.66298703000</SimpleData>
            <SimpleData name="Y">-25.82089777000</SimpleData>
            <SimpleData name="cedula">8032929</SimpleData>
          </SchemaData>
        </ExtendedData>
        <Polygon>
          <outerBoundaryIs>
            <LinearRing>
              <coordinates>
                -55.662451599644,-25.8204933998831,0
                -55.6631265997506,-25.8216440997661,0
                -55.6635532999486,-25.8212233002133,0
                -55.6627399997319,-25.8201298995832,0
                -55.662451599644,-25.8204933998831,0
              </coordinates>
            </LinearRing>
          </outerBoundaryIs>
        </Polygon>
      </Placemark>
      <Placemark id="Lote_B.6">
        <ExtendedData>
          <SchemaData schemaUrl="#Lote_B.schema">
            <SimpleData name="Cédula">4334949.00000000000</SimpleData>
            <SimpleData name="Nombres_y_">MATEO TYKUARAUGI MENDOZA MBYVAUGI</SimpleData>
            <SimpleData name="Sexo">Hombre</SimpleData>
            <SimpleData name="Cambio_de_">NO</SimpleData>
            <SimpleData name="Titular_se">NO</SimpleData>
            <SimpleData name="ci_UNIF">4334949.00000000000</SimpleData>
            <SimpleData name="Situación">NO</SimpleData>
            <SimpleData name="Comunidad">Ind?gena</SimpleData>
            <SimpleData name="Modelo_imp">Modelo 4</SimpleData>
            <SimpleData name="Departamen">CAAZAPA</SimpleData>
            <SimpleData name="Distrito">ABAI</SimpleData>
            <SimpleData name="Localidad">COM INDIG YPETIMI</SimpleData>
            <SimpleData name="Teléfono">0985696423</SimpleData>
            <SimpleData name="Vivienda_L">-25.94109310000</SimpleData>
            <SimpleData name="Vivienda_1">-55.70499930000</SimpleData>
            <SimpleData name="Superficie">0.70000000000</SimpleData>
            <SimpleData name="Situaci_1">Pol?gono</SimpleData>
            <SimpleData name="Plantado">SI</SimpleData>
            <SimpleData name="Fecha_Plan">2025/10/16</SimpleData>
            <SimpleData name="Jornales">0.00000000000</SimpleData>
            <SimpleData name="Monto">0.00000000000</SimpleData>
            <SimpleData name="Grupo_de_p">B-P1-XX-XX-XX</SimpleData>
            <SimpleData name="Estado_del">Activo</SimpleData>
            <SimpleData name="Empresa">Unique Wood Paraguay SA</SimpleData>
            <SimpleData name="Lote">B</SimpleData>
            <SimpleData name="Parametro">0.00000000000</SimpleData>
            <SimpleData name="Sup_SIG">0.75095568050</SimpleData>
            <SimpleData name="X">-55.72950595000</SimpleData>
            <SimpleData name="Y">-25.95671747000</SimpleData>
            <SimpleData name="cedula">4334949</SimpleData>
          </SchemaData>
        </ExtendedData>
        <Polygon>
          <outerBoundaryIs>
            <LinearRing>
              <coordinates>
                -55.7290895459156,-25.9563512832003,0
                -55.7290108699072,-25.9563747339405,0
                -55.7293002258309,-25.9572645179483,0
                -55.7300294596361,-25.9570242244968,0
                -55.7300133512327,-25.9569853534805,0
                -55.7297823193852,-25.9564278947242,0
                -55.7297187225358,-25.9562744411819,0
                -55.7296778936321,-25.9561759265009,0
                -55.729340049299,-25.956276620236,0
                -55.7290895459156,-25.9563512832003,0
              </coordinates>
            </LinearRing>
          </outerBoundaryIs>
        </Polygon>
      </Placemark>
      <Placemark id="Lote_B.7">
        <ExtendedData>
          <SchemaData schemaUrl="#Lote_B.schema">
            <SimpleData name="Cédula">8023475.00000000000</SimpleData>
            <SimpleData name="Nombres_y_">NIMIA AMARILLA AQUINO</SimpleData>
            <SimpleData name="Sexo">Mujer</SimpleData>
            <SimpleData name="Cambio_de_">NO</SimpleData>
            <SimpleData name="Titular_se">NO</SimpleData>
            <SimpleData name="ci_UNIF">8023475.00000000000</SimpleData>
            <SimpleData name="Situación">NO</SimpleData>
            <SimpleData name="Comunidad">Ind?gena</SimpleData>
            <SimpleData name="Modelo_imp">Modelo 4</SimpleData>
            <SimpleData name="Departamen">CAAZAPA</SimpleData>
            <SimpleData name="Distrito">ABAI</SimpleData>
            <SimpleData name="Localidad">COM INDIG YTU</SimpleData>
            <SimpleData name="Teléfono">0986150167</SimpleData>
            <SimpleData name="Vivienda_L">-25.78481290000</SimpleData>
            <SimpleData name="Vivienda_1">-55.59940340000</SimpleData>
            <SimpleData name="Superficie">0.70000000000</SimpleData>
            <SimpleData name="Situaci_1">Par?metro</SimpleData>
            <SimpleData name="Plantado">SI</SimpleData>
            <SimpleData name="Fecha_Plan">2026/01/16</SimpleData>
            <SimpleData name="Jornales">0.00000000000</SimpleData>
            <SimpleData name="Monto">0.00000000000</SimpleData>
            <SimpleData name="Grupo_de_p">B-P3-XX-XX-XX</SimpleData>
            <SimpleData name="Estado_del">Activo</SimpleData>
            <SimpleData name="Empresa">Unique Wood Paraguay SA</SimpleData>
            <SimpleData name="Lote">B</SimpleData>
            <SimpleData name="Parametro">0.00000000000</SimpleData>
            <SimpleData name="Sup_SIG">0.84972333076</SimpleData>
            <SimpleData name="X">-55.60336945000</SimpleData>
            <SimpleData name="Y">-25.77594924000</SimpleData>
            <SimpleData name="cedula">8023475</SimpleData>
          </SchemaData>
        </ExtendedData>
        <Polygon>
          <outerBoundaryIs>
            <LinearRing>
              <coordinates>
                -55.6034392146038,-25.7755774103802,0
                -55.6026536059466,-25.7758653787906,0
                -55.6026499997165,-25.77586670023,0
                -55.6026647643501,-25.7758877420106,0
                -55.6026911972648,-25.775925417028,0
                -55.6030733002323,-25.7764700001683,0
                -55.6039824783479,-25.7760587787548,0
                -55.6038362106297,-25.7754318879363,0
                -55.6034392146038,-25.7755774103802,0
              </coordinates>
            </LinearRing>
          </outerBoundaryIs>
        </Polygon>
      </Placemark>
      <Placemark id="Lote_B.8">
        <ExtendedData>
          <SchemaData schemaUrl="#Lote_B.schema">
            <SimpleData name="Cédula">7463388.00000000000</SimpleData>
            <SimpleData name="Nombres_y_">NANCY MABEL NU?EZ</SimpleData>
            <SimpleData name="Sexo">Mujer</SimpleData>
            <SimpleData name="Cambio_de_">NO</SimpleData>
            <SimpleData name="Titular_se">NO</SimpleData>
            <SimpleData name="ci_UNIF">7463388.00000000000</SimpleData>
            <SimpleData name="Situación">NO</SimpleData>
            <SimpleData name="Comunidad">Ind?gena</SimpleData>
            <SimpleData name="Modelo_imp">Modelo 4</SimpleData>
            <SimpleData name="Departamen">CAAZAPA</SimpleData>
            <SimpleData name="Distrito">ABAI</SimpleData>
            <SimpleData name="Localidad"><![CDATA[COM INDIG YPETI - NARA'I]]></SimpleData>
            <SimpleData name="Teléfono">0981669148</SimpleData>
            <SimpleData name="Vivienda_L">-25.80384460000</SimpleData>
            <SimpleData name="Vivienda_1">-55.59587560000</SimpleData>
            <SimpleData name="Superficie">0.70000000000</SimpleData>
            <SimpleData name="Situaci_1">Pol?gono</SimpleData>
            <SimpleData name="Plantado">SI</SimpleData>
            <SimpleData name="Fecha_Plan">2025/11/12</SimpleData>
            <SimpleData name="Jornales">0.00000000000</SimpleData>
            <SimpleData name="Monto">0.00000000000</SimpleData>
            <SimpleData name="Grupo_de_p">B-P1-XX-XX-XX</SimpleData>
            <SimpleData name="Estado_del">Activo</SimpleData>
            <SimpleData name="Empresa">Unique Wood Paraguay SA</SimpleData>
            <SimpleData name="Lote">B</SimpleData>
            <SimpleData name="Parametro">0.00000000000</SimpleData>
            <SimpleData name="Sup_SIG">0.87116111428</SimpleData>
            <SimpleData name="X">-55.59035953000</SimpleData>
            <SimpleData name="Y">-25.79912714000</SimpleData>
            <SimpleData name="cedula">7463388</SimpleData>
          </SchemaData>
        </ExtendedData>
        <Polygon>
          <outerBoundaryIs>
            <LinearRing>
              <coordinates>
                -55.5897628538524,-25.7992955518904,0
                -55.590280000346,-25.7997517006782,0
                -55.5903540160867,-25.7996760506612,0
                -55.5910366997937,-25.7989782997723,0
                -55.5902862999875,-25.7985228004197,0
                -55.5897585996991,-25.7992917999565,0
                -55.5897628538524,-25.7992955518904,0
              </coordinates>
            </LinearRing>
          </outerBoundaryIs>
        </Polygon>
      </Placemark>
      <Placemark id="Lote_B.9">
        <ExtendedData>
          <SchemaData schemaUrl="#Lote_B.schema">
            <SimpleData name="Cédula">5451947.00000000000</SimpleData>
            <SimpleData name="Nombres_y_">AMELIA VARUKUGI</SimpleData>
            <SimpleData name="Sexo">Mujer</SimpleData>
            <SimpleData name="Cambio_de_">NO</SimpleData>
            <SimpleData name="Titular_se">NO</SimpleData>
            <SimpleData name="ci_UNIF">5451947.00000000000</SimpleData>
            <SimpleData name="Situación">NO</SimpleData>
            <SimpleData name="Comunidad">Ind?gena</SimpleData>
            <SimpleData name="Modelo_imp">Modelo 4</SimpleData>
            <SimpleData name="Departamen">CAAZAPA</SimpleData>
            <SimpleData name="Distrito">ABAI</SimpleData>
            <SimpleData name="Localidad">COM INDIG YPETIMI</SimpleData>
            <SimpleData name="Teléfono">0984607827</SimpleData>
            <SimpleData name="Vivienda_L">-25.94102380000</SimpleData>
            <SimpleData name="Vivienda_1">-55.70495120000</SimpleData>
            <SimpleData name="Superficie">0.70000000000</SimpleData>
            <SimpleData name="Situaci_1">Pol?gono</SimpleData>
            <SimpleData name="Plantado">SI</SimpleData>
            <SimpleData name="Fecha_Plan">2025/09/23</SimpleData>
            <SimpleData name="Jornales">0.00000000000</SimpleData>
            <SimpleData name="Monto">0.00000000000</SimpleData>
            <SimpleData name="Grupo_de_p">B-P1-XX-XX-XX</SimpleData>
            <SimpleData name="Estado_del">Activo</SimpleData>
            <SimpleData name="Empresa">Unique Wood Paraguay SA</SimpleData>
            <SimpleData name="Lote">B</SimpleData>
            <SimpleData name="Parametro">0.00000000000</SimpleData>
            <SimpleData name="Sup_SIG">0.70057844102</SimpleData>
            <SimpleData name="X">-55.73224835000</SimpleData>
            <SimpleData name="Y">-25.95584506000</SimpleData>
            <SimpleData name="cedula">5451947</SimpleData>
          </SchemaData>
        </ExtendedData>
        <Polygon>
          <outerBoundaryIs>
            <LinearRing>
              <coordinates>
                -55.7323483634262,-25.9552675674726,0
                -55.7323296840709,-25.9552777082014,0
                -55.7323343090719,-25.9552916869619,0
                -55.732335260959,-25.9552945645674,0
                -55.7323420664767,-25.9553151279762,0
                -55.7319400295862,-25.9554892547784,0
                -55.7317420666631,-25.9555967291544,0
                -55.7320101164497,-25.9561714143098,0
                -55.7321136687579,-25.956393428377,0
                -55.7321259595833,-25.956388043047,0
                -55.7326385839042,-25.9561634465035,0
                -55.7327364685635,-25.9561205609325,0
                -55.7327584271703,-25.9561085167496,0
                -55.7327544115747,-25.9560999207365,0
                -55.7326628016442,-25.9559038359736,0
                -55.7326047879734,-25.9557796605676,0
                -55.7323783110871,-25.9552948990559,0
                -55.7323733631576,-25.9552843085905,0
                -55.7323651104405,-25.9552666433146,0
                -55.732362066302,-25.9552601287505,0
                -55.7323483634262,-25.9552675674726,0
              </coordinates>
            </LinearRing>
          </outerBoundaryIs>
        </Polygon>
      </Placemark>
      <Placemark id="Lote_B.10">
        <ExtendedData>
          <SchemaData schemaUrl="#Lote_B.schema">
            <SimpleData name="Cédula">5604674.00000000000</SimpleData>
            <SimpleData name="Nombres_y_">MARTA LEIVA MAIDANA</SimpleData>
            <SimpleData name="Sexo">Mujer</SimpleData>
            <SimpleData name="Cambio_de_">NO</SimpleData>
            <SimpleData name="Titular_se">NO</SimpleData>
            <SimpleData name="ci_UNIF">5604674.00000000000</SimpleData>
            <SimpleData name="Situación">NO</SimpleData>
            <SimpleData name="Comunidad">Campesina</SimpleData>
            <SimpleData name="Modelo_imp">Modelo 4</SimpleData>
            <SimpleData name="Departamen">GUAIRA</SimpleData>
            <SimpleData name="Distrito">PASO YOBAI</SimpleData>
            <SimpleData name="Localidad">ARROYO MOROTI</SimpleData>
            <SimpleData name="Teléfono">0976523682</SimpleData>
            <SimpleData name="Vivienda_L">-25.70314470000</SimpleData>
            <SimpleData name="Vivienda_1">-56.06159320000</SimpleData>
            <SimpleData name="Superficie">0.70000000000</SimpleData>
            <SimpleData name="Situaci_1">Pol?gono</SimpleData>
            <SimpleData name="Plantado">SI</SimpleData>
            <SimpleData name="Fecha_Plan">2025/10/25</SimpleData>
            <SimpleData name="Jornales">0.00000000000</SimpleData>
            <SimpleData name="Monto">0.00000000000</SimpleData>
            <SimpleData name="Grupo_de_p">B-P1-XX-XX-XX</SimpleData>
            <SimpleData name="Estado_del">Activo</SimpleData>
            <SimpleData name="Empresa">Unique Wood Paraguay SA</SimpleData>
            <SimpleData name="Lote">B</SimpleData>
            <SimpleData name="Parametro">0.00000000000</SimpleData>
            <SimpleData name="Sup_SIG">0.69822795637</SimpleData>
            <SimpleData name="X">-56.05845483000</SimpleData>
            <SimpleData name="Y">-25.70930046000</SimpleData>
            <SimpleData name="cedula">5604674</SimpleData>
          </SchemaData>
        </ExtendedData>
        <Polygon>
          <outerBoundaryIs>
            <LinearRing>
              <coordinates>
                -56.0578099993545,-25.7095183002823,0
                -56.058799999336,-25.7096683000163,0
                -56.0591096006821,-25.7091340003073,0
                -56.0581450004221,-25.7088950000719,0
                -56.0578099993545,-25.7095183002823,0
              </coordinates>
            </LinearRing>
          </outerBoundaryIs>
        </Polygon>
      </Placemark>
      <Placemark id="Lote_B.11">
        <ExtendedData>
          <SchemaData schemaUrl="#Lote_B.schema">
            <SimpleData name="Cédula">6518274.00000000000</SimpleData>
            <SimpleData name="Nombres_y_">JAIME RAMON ARZAMENDIA ROSALES</SimpleData>
            <SimpleData name="Sexo">Hombre</SimpleData>
            <SimpleData name="Cambio_de_">NO</SimpleData>
            <SimpleData name="Titular_se">NO</SimpleData>
            <SimpleData name="ci_UNIF">6518274.00000000000</SimpleData>
            <SimpleData name="Situación">NO</SimpleData>
            <SimpleData name="Comunidad">Campesina</SimpleData>
            <SimpleData name="Modelo_imp">Modelo 5</SimpleData>
            <SimpleData name="Departamen">GUAIRA</SimpleData>
            <SimpleData name="Distrito">PASO YOBAI</SimpleData>
            <SimpleData name="Localidad">SAN FRANCISCO I</SimpleData>
            <SimpleData name="Teléfono">0991862329</SimpleData>
            <SimpleData name="Vivienda_L">-25.71673690000</SimpleData>
            <SimpleData name="Vivienda_1">-55.92880930000</SimpleData>
            <SimpleData name="Superficie">0.70000000000</SimpleData>
            <SimpleData name="Situaci_1">Pol?gono</SimpleData>
            <SimpleData name="Plantado">SI</SimpleData>
            <SimpleData name="Fecha_Plan">2025/09/24</SimpleData>
            <SimpleData name="Jornales">0.00000000000</SimpleData>
            <SimpleData name="Monto">0.00000000000</SimpleData>
            <SimpleData name="Grupo_de_p">B-P1-XX-XX-XX</SimpleData>
            <SimpleData name="Estado_del">Activo</SimpleData>
            <SimpleData name="Empresa">Unique Wood Paraguay SA</SimpleData>
            <SimpleData name="Lote">B</SimpleData>
            <SimpleData name="Parametro">0.00000000000</SimpleData>
            <SimpleData name="Sup_SIG">0.90064201775</SimpleData>
            <SimpleData name="X">-55.92709164000</SimpleData>
            <SimpleData name="Y">-25.71617878000</SimpleData>
            <SimpleData name="cedula">6518274</SimpleData>
          </SchemaData>
        </ExtendedData>
        <Polygon>
          <outerBoundaryIs>
            <LinearRing>
              <coordinates>
                -55.926103299676,-25.7161171003719,0
                -55.9280632999648,-25.7166571994598,0
                -55.9281533992795,-25.7163413996317,0
                -55.9262864000266,-25.7156720998946,0
                -55.926103299676,-25.7161171003719,0
              </coordinates>
            </LinearRing>
          </outerBoundaryIs>
        </Polygon>
      </Placemark>
      <Placemark id="Lote_B.12">
        <ExtendedData>
          <SchemaData schemaUrl="#Lote_B.schema">
            <SimpleData name="Cédula">6765391.00000000000</SimpleData>
            <SimpleData name="Nombres_y_">LIZ MABEL CENTURION NU?EZ</SimpleData>
            <SimpleData name="Sexo">Mujer</SimpleData>
            <SimpleData name="Cambio_de_">NO</SimpleData>
            <SimpleData name="Titular_se">NO</SimpleData>
            <SimpleData name="ci_UNIF">6765391.00000000000</SimpleData>
            <SimpleData name="Situación">NO</SimpleData>
            <SimpleData name="Comunidad">Ind?gena</SimpleData>
            <SimpleData name="Modelo_imp">Modelo 5</SimpleData>
            <SimpleData name="Departamen">CAAZAPA</SimpleData>
            <SimpleData name="Distrito">ABAI</SimpleData>
            <SimpleData name="Localidad">COM INDIG YTU</SimpleData>
            <SimpleData name="Teléfono">0985886181</SimpleData>
            <SimpleData name="Vivienda_L">-25.78498830000</SimpleData>
            <SimpleData name="Vivienda_1">-55.59953510000</SimpleData>
            <SimpleData name="Superficie">0.70000000000</SimpleData>
            <SimpleData name="Situaci_1">Par?metro</SimpleData>
            <SimpleData name="Plantado">SI</SimpleData>
            <SimpleData name="Fecha_Plan">2026/01/19</SimpleData>
            <SimpleData name="Jornales">0.00000000000</SimpleData>
            <SimpleData name="Monto">0.00000000000</SimpleData>
            <SimpleData name="Grupo_de_p">B-P3-XX-XX-XX</SimpleData>
            <SimpleData name="Estado_del">Activo</SimpleData>
            <SimpleData name="Empresa">Unique Wood Paraguay SA</SimpleData>
            <SimpleData name="Lote">B</SimpleData>
            <SimpleData name="Parametro">0.00000000000</SimpleData>
            <SimpleData name="Sup_SIG">0.78010293295</SimpleData>
            <SimpleData name="X">-55.59844232000</SimpleData>
            <SimpleData name="Y">-25.78581878000</SimpleData>
            <SimpleData name="cedula">6765391</SimpleData>
          </SchemaData>
        </ExtendedData>
        <Polygon>
          <outerBoundaryIs>
            <LinearRing>
              <coordinates>
                -55.5982250361695,-25.7857031776342,0
                -55.597616299632,-25.786038200011,0
                -55.5976180136431,-25.7860503435298,0
                -55.5976233996443,-25.7860884999661,0
                -55.5978364999424,-25.7864204001543,0
                -55.5993250000868,-25.7855283002043,0
                -55.5990816999504,-25.7852317004231,0
                -55.5982250361695,-25.7857031776342,0
              </coordinates>
            </LinearRing>
          </outerBoundaryIs>
        </Polygon>
      </Placemark>
      <Placemark id="Lote_B.13">
        <ExtendedData>
          <SchemaData schemaUrl="#Lote_B.schema">
            <SimpleData name="Cédula">6743885.00000000000</SimpleData>
            <SimpleData name="Nombres_y_">DOMINGA CHEJUGI</SimpleData>
            <SimpleData name="Sexo">Mujer</SimpleData>
            <SimpleData name="Cambio_de_">NO</SimpleData>
            <SimpleData name="Titular_se">NO</SimpleData>
            <SimpleData name="ci_UNIF">6743885.00000000000</SimpleData>
            <SimpleData name="Situación">NO</SimpleData>
            <SimpleData name="Comunidad">Ind?gena</SimpleData>
            <SimpleData name="Modelo_imp">Modelo 4</SimpleData>
            <SimpleData name="Departamen">CAAZAPA</SimpleData>
            <SimpleData name="Distrito">ABAI</SimpleData>
            <SimpleData name="Localidad">COM INDIG YPETIMI</SimpleData>
            <SimpleData name="Teléfono">0985639015</SimpleData>
            <SimpleData name="Vivienda_L">-25.94127170000</SimpleData>
            <SimpleData name="Vivienda_1">-55.70494320000</SimpleData>
            <SimpleData name="Superficie">0.70000000000</SimpleData>
            <SimpleData name="Situaci_1">Pol?gono</SimpleData>
            <SimpleData name="Plantado">SI</SimpleData>
            <SimpleData name="Fecha_Plan">2025/10/16</SimpleData>
            <SimpleData name="Jornales">0.00000000000</SimpleData>
            <SimpleData name="Monto">0.00000000000</SimpleData>
            <SimpleData name="Grupo_de_p">B-P1-XX-XX-XX</SimpleData>
            <SimpleData name="Estado_del">Activo</SimpleData>
            <SimpleData name="Empresa">Unique Wood Paraguay SA</SimpleData>
            <SimpleData name="Lote">B</SimpleData>
            <SimpleData name="Parametro">0.00000000000</SimpleData>
            <SimpleData name="Sup_SIG">0.70492654461</SimpleData>
            <SimpleData name="X">-55.73015255000</SimpleData>
            <SimpleData name="Y">-25.95465394000</SimpleData>
            <SimpleData name="cedula">6743885</SimpleData>
          </SchemaData>
        </ExtendedData>
        <Polygon>
          <outerBoundaryIs>
            <LinearRing>
              <coordinates>
                -55.729656199697,-25.9543488322706,0
                -55.729656212291,-25.9543488684953,0
                -55.7296834678067,-25.954422140384,0
                -55.7298541241469,-25.9548809457149,0
                -55.729960049721,-25.9551657204467,0
                -55.7299674842091,-25.9551857053265,0
                -55.7299711019416,-25.9551954319058,0
                -55.7299987874069,-25.9551852242236,0
                -55.7300001049044,-25.9551847383078,0
                -55.7300127715167,-25.9551800679007,0
                -55.7300162026255,-25.9551788024017,0
                -55.7300211287007,-25.9551769857321,0
                -55.7300454281803,-25.9551680258786,0
                -55.7300542525892,-25.9551647726525,0
                -55.7300576195253,-25.9551635309667,0
                -55.7301015671375,-25.955147325594,0
                -55.7301673556774,-25.9551230669037,0
                -55.7302073527702,-25.9551083192674,0
                -55.7302198809984,-25.9551036999936,0
                -55.7302642506827,-25.9550873393694,0
                -55.7306139116741,-25.9549584090641,0
                -55.7306190011809,-25.9549565306066,0
                -55.7303912182988,-25.9541551400892,0
                -55.730390532165,-25.9541527234523,0
                -55.7303845617406,-25.9541375780873,0
                -55.7303372396444,-25.9541513027198,0
                -55.7297549175321,-25.954320200331,0
                -55.729656199697,-25.9543488322706,0
              </coordinates>
            </LinearRing>
          </outerBoundaryIs>
        </Polygon>
      </Placemark>
      <Placemark id="Lote_B.14">
        <ExtendedData>
          <SchemaData schemaUrl="#Lote_B.schema">
            <SimpleData name="Cédula">3590584.00000000000</SimpleData>
            <SimpleData name="Nombres_y_">JOSE MBEYUAGI</SimpleData>
            <SimpleData name="Sexo">Hombre</SimpleData>
            <SimpleData name="Cambio_de_">NO</SimpleData>
            <SimpleData name="Titular_se">NO</SimpleData>
            <SimpleData name="ci_UNIF">3590584.00000000000</SimpleData>
            <SimpleData name="Situación">NO</SimpleData>
            <SimpleData name="Comunidad">Ind?gena</SimpleData>
            <SimpleData name="Modelo_imp">Modelo 4</SimpleData>
            <SimpleData name="Departamen">CAAZAPA</SimpleData>
            <SimpleData name="Distrito">ABAI</SimpleData>
            <SimpleData name="Localidad">COM INDIG YPETIMI</SimpleData>
            <SimpleData name="Teléfono">0972609949</SimpleData>
            <SimpleData name="Vivienda_L">-25.94106270000</SimpleData>
            <SimpleData name="Vivienda_1">-55.70493120000</SimpleData>
            <SimpleData name="Superficie">0.70000000000</SimpleData>
            <SimpleData name="Situaci_1">Pol?gono</SimpleData>
            <SimpleData name="Plantado">SI</SimpleData>
            <SimpleData name="Fecha_Plan">2025/10/16</SimpleData>
            <SimpleData name="Jornales">0.00000000000</SimpleData>
            <SimpleData name="Monto">0.00000000000</SimpleData>
            <SimpleData name="Grupo_de_p">B-P1-XX-XX-XX</SimpleData>
            <SimpleData name="Estado_del">Activo</SimpleData>
            <SimpleData name="Empresa">Unique Wood Paraguay SA</SimpleData>
            <SimpleData name="Lote">B</SimpleData>
            <SimpleData name="Parametro">0.00000000000</SimpleData>
            <SimpleData name="Sup_SIG">0.70536937225</SimpleData>
            <SimpleData name="X">-55.72984752000</SimpleData>
            <SimpleData name="Y">-25.95566168000</SimpleData>
            <SimpleData name="cedula">3590584</SimpleData>
          </SchemaData>
        </ExtendedData>
        <Polygon>
          <outerBoundaryIs>
            <LinearRing>
              <coordinates>
                -55.7299711019416,-25.9551954319058,0
                -55.7299723340954,-25.9551999199665,0
                -55.7293521118193,-25.9553007403891,0
                -55.7293637035154,-25.9553367459036,0
                -55.7296164149122,-25.956121759361,0
                -55.7296169416286,-25.9561233963422,0
                -55.7296239204798,-25.9561450764098,0
                -55.7296388913601,-25.9561422527313,0
                -55.7296486524633,-25.9561404107864,0
                -55.7296621202659,-25.95613786915,0
                -55.7296738287763,-25.9561356605775,0
                -55.729696010908,-25.9561314754625,0
                -55.7298553426982,-25.9561014179312,0
                -55.7299146007577,-25.9560902377032,0
                -55.7300266941681,-25.9560690902476,0
                -55.7303527897772,-25.9560075705008,0
                -55.7303591203743,-25.9560063755639,0
                -55.7303051173779,-25.955876290989,0
                -55.7300542525892,-25.9551647726525,0
                -55.7300454281803,-25.9551680258786,0
                -55.7300211287007,-25.9551769857321,0
                -55.7300162026255,-25.9551788024017,0
                -55.7300127715167,-25.9551800679007,0
                -55.7300001049044,-25.9551847383078,0
                -55.7299987874069,-25.9551852242236,0
                -55.7299711019416,-25.9551954319058,0
              </coordinates>
            </LinearRing>
          </outerBoundaryIs>
        </Polygon>
      </Placemark>
      <Placemark id="Lote_B.15">
        <ExtendedData>
          <SchemaData schemaUrl="#Lote_B.schema">
            <SimpleData name="Cédula">6553322.00000000000</SimpleData>
            <SimpleData name="Nombres_y_">DELFI TYKUARANGI</SimpleData>
            <SimpleData name="Sexo">Mujer</SimpleData>
            <SimpleData name="Cambio_de_">NO</SimpleData>
            <SimpleData name="Titular_se">NO</SimpleData>
            <SimpleData name="ci_UNIF">6553322.00000000000</SimpleData>
            <SimpleData name="Situación">NO</SimpleData>
            <SimpleData name="Comunidad">Ind?gena</SimpleData>
            <SimpleData name="Modelo_imp">Modelo 4</SimpleData>
            <SimpleData name="Departamen">CAAZAPA</SimpleData>
            <SimpleData name="Distrito">ABAI</SimpleData>
            <SimpleData name="Localidad">COM INDIG YPETIMI</SimpleData>
            <SimpleData name="Teléfono">0982887281</SimpleData>
            <SimpleData name="Vivienda_L">-25.94115430000</SimpleData>
            <SimpleData name="Vivienda_1">-55.70506680000</SimpleData>
            <SimpleData name="Superficie">0.70000000000</SimpleData>
            <SimpleData name="Situaci_1">Pol?gono</SimpleData>
            <SimpleData name="Plantado">SI</SimpleData>
            <SimpleData name="Fecha_Plan">2025/09/23</SimpleData>
            <SimpleData name="Jornales">0.00000000000</SimpleData>
            <SimpleData name="Monto">0.00000000000</SimpleData>
            <SimpleData name="Grupo_de_p">B-P1-XX-XX-XX</SimpleData>
            <SimpleData name="Estado_del">Activo</SimpleData>
            <SimpleData name="Empresa">Unique Wood Paraguay SA</SimpleData>
            <SimpleData name="Lote">B</SimpleData>
            <SimpleData name="Parametro">0.00000000000</SimpleData>
            <SimpleData name="Sup_SIG">0.71463199626</SimpleData>
            <SimpleData name="X">-55.73498352000</SimpleData>
            <SimpleData name="Y">-25.95810492000</SimpleData>
            <SimpleData name="cedula">6553322</SimpleData>
          </SchemaData>
        </ExtendedData>
        <Polygon>
          <outerBoundaryIs>
            <LinearRing>
              <coordinates>
                -55.7344097093153,-25.9578151017306,0
                -55.7345149040665,-25.9579973686506,0
                -55.7347607777772,-25.9584233798877,0
                -55.7347709392477,-25.9584409858777,0
                -55.7347737299058,-25.9584458206756,0
                -55.7347861250613,-25.9584672986661,0
                -55.7348649802901,-25.9586039242796,0
                -55.7353527153192,-25.9584447410459,0
                -55.7354974276033,-25.958412734911,0
                -55.7355438830834,-25.958402459897,0
                -55.735545569034,-25.958405720385,0
                -55.7355749089401,-25.9583961445534,0
                -55.7355583527991,-25.9583681414674,0
                -55.735554221859,-25.9583611543092,0
                -55.7355526493376,-25.9583584943075,0
                -55.7355452203103,-25.9583459293983,0
                -55.7353011349867,-25.957933240407,0
                -55.7351449130201,-25.9576691042707,0
                -55.7351318080742,-25.9576469456754,0
                -55.735114934038,-25.9576180558697,0
                -55.7351045918066,-25.9576234313923,0
                -55.7350181490623,-25.9576683623676,0
                -55.7345530259169,-25.9577526472894,0
                -55.7343906455926,-25.9577820720754,0
                -55.7343937764752,-25.957787495807,0
                -55.7344097093153,-25.9578151017306,0
              </coordinates>
            </LinearRing>
          </outerBoundaryIs>
        </Polygon>
      </Placemark>
      <Placemark id="Lote_B.16">
        <ExtendedData>
          <SchemaData schemaUrl="#Lote_B.schema">
            <SimpleData name="Cédula">6512704.00000000000</SimpleData>
            <SimpleData name="Nombres_y_">MARY ROMERO GONZALEZ</SimpleData>
            <SimpleData name="Sexo">Mujer</SimpleData>
            <SimpleData name="Cambio_de_">NO</SimpleData>
            <SimpleData name="Titular_se">NO</SimpleData>
            <SimpleData name="ci_UNIF">6512704.00000000000</SimpleData>
            <SimpleData name="Situación">NO</SimpleData>
            <SimpleData name="Comunidad">Ind?gena</SimpleData>
            <SimpleData name="Modelo_imp">Modelo 5</SimpleData>
            <SimpleData name="Departamen">GUAIRA</SimpleData>
            <SimpleData name="Distrito">PASO YOBAI</SimpleData>
            <SimpleData name="Localidad">COM INDIG ARROYO HU</SimpleData>
            <SimpleData name="Teléfono">ND</SimpleData>
            <SimpleData name="Vivienda_L">-25.67193330000</SimpleData>
            <SimpleData name="Vivienda_1">-55.98960000000</SimpleData>
            <SimpleData name="Superficie">0.70000000000</SimpleData>
            <SimpleData name="Situaci_1">Pol?gono</SimpleData>
            <SimpleData name="Plantado">SI</SimpleData>
            <SimpleData name="Fecha_Plan">2025/10/22</SimpleData>
            <SimpleData name="Jornales">0.00000000000</SimpleData>
            <SimpleData name="Monto">0.00000000000</SimpleData>
            <SimpleData name="Grupo_de_p">B-P1-XX-XX-XX</SimpleData>
            <SimpleData name="Estado_del">Activo</SimpleData>
            <SimpleData name="Empresa">Unique Wood Paraguay SA</SimpleData>
            <SimpleData name="Lote">B</SimpleData>
            <SimpleData name="Parametro">0.00000000000</SimpleData>
            <SimpleData name="Sup_SIG">0.82122031922</SimpleData>
            <SimpleData name="X">-55.99042517000</SimpleData>
            <SimpleData name="Y">-25.67234552000</SimpleData>
            <SimpleData name="cedula">6512704</SimpleData>
          </SchemaData>
        </ExtendedData>
        <MultiGeometry>
          <Polygon>
            <outerBoundaryIs>
              <LinearRing>
                <coordinates>
                  -55.9906933987118,-25.6728366999257,0
                  -55.9908749993921,-25.6725899999,0
                  -55.9907091451441,-25.6723217663066,0
                  -55.9906542994402,-25.6723226005064,0
                  -55.9904555999306,-25.6721350996373,0
                  -55.9905318397963,-25.6720350180188,0
                  -55.9903783008398,-25.6717867004993,0
                  -55.9899466998682,-25.6722963011676,0
                  -55.9906933987118,-25.6728366999257,0
                </coordinates>
              </LinearRing>
            </outerBoundaryIs>
          </Polygon>
          <Polygon>
            <outerBoundaryIs>
              <LinearRing>
                <coordinates>
                  -55.9896354005083,-25.6713194004572,0
                  -55.98954454278,-25.6712743467822,0
                  -55.9892882994474,-25.6717533003498,0
                  -55.9895724995656,-25.6719344006481,0
                  -55.99011300048,-25.6707950001195,0
                  -55.989924966963,-25.6707010608513,0
                  -55.9896354005083,-25.6713194004572,0
                </coordinates>
              </LinearRing>
            </outerBoundaryIs>
          </Polygon>
        </MultiGeometry>
      </Placemark>
      <Placemark id="Lote_B.17">
        <ExtendedData>
          <SchemaData schemaUrl="#Lote_B.schema">
            <SimpleData name="Cédula">1926817.00000000000</SimpleData>
            <SimpleData name="Nombres_y_">PATRICIO AMARILLA VAZQUEZ</SimpleData>
            <SimpleData name="Sexo">Hombre</SimpleData>
            <SimpleData name="Cambio_de_">NO</SimpleData>
            <SimpleData name="Titular_se">NO</SimpleData>
            <SimpleData name="ci_UNIF">1926817.00000000000</SimpleData>
            <SimpleData name="Situación">NO</SimpleData>
            <SimpleData name="Comunidad">Ind?gena</SimpleData>
            <SimpleData name="Modelo_imp">Modelo 5</SimpleData>
            <SimpleData name="Departamen">CAAZAPA</SimpleData>
            <SimpleData name="Distrito">ABAI</SimpleData>
            <SimpleData name="Localidad"><![CDATA[COM INDIG YPETI - NARA'I]]></SimpleData>
            <SimpleData name="Teléfono">0982332933</SimpleData>
            <SimpleData name="Vivienda_L">-25.80977060000</SimpleData>
            <SimpleData name="Vivienda_1">-55.58344820000</SimpleData>
            <SimpleData name="Superficie">0.70000000000</SimpleData>
            <SimpleData name="Situaci_1">Pol?gono</SimpleData>
            <SimpleData name="Plantado">SI</SimpleData>
            <SimpleData name="Fecha_Plan">2025/11/12</SimpleData>
            <SimpleData name="Jornales">0.00000000000</SimpleData>
            <SimpleData name="Monto">0.00000000000</SimpleData>
            <SimpleData name="Grupo_de_p">B-P1-XX-XX-XX</SimpleData>
            <SimpleData name="Estado_del">Activo</SimpleData>
            <SimpleData name="Empresa">Unique Wood Paraguay SA</SimpleData>
            <SimpleData name="Lote">B</SimpleData>
            <SimpleData name="Parametro">0.00000000000</SimpleData>
            <SimpleData name="Sup_SIG">0.70631957867</SimpleData>
            <SimpleData name="X">-55.59145025000</SimpleData>
            <SimpleData name="Y">-25.79130597000</SimpleData>
            <SimpleData name="cedula">1926817</SimpleData>
          </SchemaData>
        </ExtendedData>
        <Polygon>
          <outerBoundaryIs>
            <LinearRing>
              <coordinates>
                -55.5917246508026,-25.7908195416819,0
                -55.5907868999179,-25.7913075001505,0
                -55.5909475994651,-25.7916661995351,0
                -55.5913833994351,-25.7915491995263,0
                -55.5914623998322,-25.7916979999703,0
                -55.5920673998885,-25.7914261994195,0
                -55.5919115199799,-25.791136052731,0
                -55.5917377999348,-25.7908126999758,0
                -55.5917246508026,-25.7908195416819,0
              </coordinates>
            </LinearRing>
          </outerBoundaryIs>
        </Polygon>
      </Placemark>
      <Placemark id="Lote_B.18">
        <ExtendedData>
          <SchemaData schemaUrl="#Lote_B.schema">
            <SimpleData name="Cédula">7243153.00000000000</SimpleData>
            <SimpleData name="Nombres_y_">FRANCISCO KRAGI</SimpleData>
            <SimpleData name="Sexo">Hombre</SimpleData>
            <SimpleData name="Cambio_de_">NO</SimpleData>
            <SimpleData name="Titular_se">NO</SimpleData>
            <SimpleData name="ci_UNIF">7243153.00000000000</SimpleData>
            <SimpleData name="Situación">NO</SimpleData>
            <SimpleData name="Comunidad">Ind?gena</SimpleData>
            <SimpleData name="Modelo_imp">Modelo 4</SimpleData>
            <SimpleData name="Departamen">CAAZAPA</SimpleData>
            <SimpleData name="Distrito">ABAI</SimpleData>
            <SimpleData name="Localidad">COM INDIG YPETIMI</SimpleData>
            <SimpleData name="Teléfono">0983663043</SimpleData>
            <SimpleData name="Vivienda_L">-25.94111340000</SimpleData>
            <SimpleData name="Vivienda_1">-55.70498980000</SimpleData>
            <SimpleData name="Superficie">0.70000000000</SimpleData>
            <SimpleData name="Situaci_1">Par?metro</SimpleData>
            <SimpleData name="Plantado">SI</SimpleData>
            <SimpleData name="Fecha_Plan">2025/11/28</SimpleData>
            <SimpleData name="Jornales">0.00000000000</SimpleData>
            <SimpleData name="Monto">0.00000000000</SimpleData>
            <SimpleData name="Grupo_de_p">B-P2-XX-XX-XX</SimpleData>
            <SimpleData name="Estado_del">Activo</SimpleData>
            <SimpleData name="Empresa">Unique Wood Paraguay SA</SimpleData>
            <SimpleData name="Lote">B</SimpleData>
            <SimpleData name="Parametro">0.00000000000</SimpleData>
            <SimpleData name="Sup_SIG">0.74023084433</SimpleData>
            <SimpleData name="X">-55.73454138000</SimpleData>
            <SimpleData name="Y">-25.95892608000</SimpleData>
            <SimpleData name="cedula">7243153</SimpleData>
          </SchemaData>
        </ExtendedData>
        <Polygon>
          <outerBoundaryIs>
            <LinearRing>
              <coordinates>
                -55.7339350726508,-25.9586914559528,0
                -55.7339357909705,-25.9586928336705,0
                -55.7341300464039,-25.9590652931126,0
                -55.734531598961,-25.9594452606337,0
                -55.7350893226746,-25.9591177643131,0
                -55.7351268999934,-25.9590956991382,0
                -55.7349315104462,-25.9588057438127,0
                -55.7348080371093,-25.9586225093808,0
                -55.7348344716888,-25.9586138815894,0
                -55.7348604522541,-25.958605402408,0
                -55.7347854421292,-25.9584673739546,0
                -55.7347737299058,-25.9584458206756,0
                -55.7340072028017,-25.9586703297541,0
                -55.7339350726508,-25.9586914559528,0
              </coordinates>
            </LinearRing>
          </outerBoundaryIs>
        </Polygon>
      </Placemark>
      <Placemark id="Lote_B.19">
        <ExtendedData>
          <SchemaData schemaUrl="#Lote_B.schema">
            <SimpleData name="Cédula">1608846.00000000000</SimpleData>
            <SimpleData name="Nombres_y_">JUANITA ACHIPURAGI FRANCO</SimpleData>
            <SimpleData name="Sexo">Mujer</SimpleData>
            <SimpleData name="Cambio_de_">NO</SimpleData>
            <SimpleData name="Titular_se">NO</SimpleData>
            <SimpleData name="ci_UNIF">1608846.00000000000</SimpleData>
            <SimpleData name="Situación">NO</SimpleData>
            <SimpleData name="Comunidad">Ind?gena</SimpleData>
            <SimpleData name="Modelo_imp">Modelo 4</SimpleData>
            <SimpleData name="Departamen">CAAZAPA</SimpleData>
            <SimpleData name="Distrito">ABAI</SimpleData>
            <SimpleData name="Localidad">COM INDIG YPETIMI</SimpleData>
            <SimpleData name="Teléfono">0983161598</SimpleData>
            <SimpleData name="Vivienda_L">-25.94106860000</SimpleData>
            <SimpleData name="Vivienda_1">-55.70490820000</SimpleData>
            <SimpleData name="Superficie">0.70000000000</SimpleData>
            <SimpleData name="Situaci_1">Pol?gono</SimpleData>
            <SimpleData name="Plantado">SI</SimpleData>
            <SimpleData name="Fecha_Plan">2025/09/23</SimpleData>
            <SimpleData name="Jornales">0.00000000000</SimpleData>
            <SimpleData name="Monto">0.00000000000</SimpleData>
            <SimpleData name="Grupo_de_p">B-P1-XX-XX-XX</SimpleData>
            <SimpleData name="Estado_del">Activo</SimpleData>
            <SimpleData name="Empresa">Unique Wood Paraguay SA</SimpleData>
            <SimpleData name="Lote">B</SimpleData>
            <SimpleData name="Parametro">0.00000000000</SimpleData>
            <SimpleData name="Sup_SIG">0.70772253964</SimpleData>
            <SimpleData name="X">-55.73275334000</SimpleData>
            <SimpleData name="Y">-25.95669367000</SimpleData>
            <SimpleData name="cedula">1608846</SimpleData>
          </SchemaData>
        </ExtendedData>
        <Polygon>
          <outerBoundaryIs>
            <LinearRing>
              <coordinates>
                -55.7326119044588,-25.9572672962782,0
                -55.7326125753609,-25.9572689029119,0
                -55.7326128996937,-25.9572687396259,0
                -55.7326198641076,-25.9572652523762,0
                -55.732635642473,-25.9572573523897,0
                -55.733241382042,-25.9569540572343,0
                -55.7332546742055,-25.9569474012258,0
                -55.7332432748464,-25.9569226905779,0
                -55.7330753489977,-25.9565586565379,0
                -55.7328763693395,-25.9561273045668,0
                -55.7328703002745,-25.9561141510328,0
                -55.7328692237143,-25.9561118158577,0
                -55.7328679724444,-25.9561091017605,0
                -55.7328663208915,-25.9561100064117,0
                -55.7328611853523,-25.956112824416,0
                -55.7328477267029,-25.9561202057318,0
                -55.7328470164526,-25.9561205949658,0
                -55.732831342655,-25.9561291910944,0
                -55.7328093840513,-25.9561412352884,0
                -55.7327311878091,-25.9561841207991,0
                -55.7322662726543,-25.9564391029748,0
                -55.7324579317672,-25.9568983512161,0
                -55.7325637073677,-25.9571518091905,0
                -55.7326071527124,-25.9572559103177,0
                -55.7326091722154,-25.9572607483353,0
                -55.7326119044588,-25.9572672962782,0
              </coordinates>
            </LinearRing>
          </outerBoundaryIs>
        </Polygon>
      </Placemark>
      <Placemark id="Lote_B.20">
        <ExtendedData>
          <SchemaData schemaUrl="#Lote_B.schema">
            <SimpleData name="Cédula">2406507.00000000000</SimpleData>
            <SimpleData name="Nombres_y_">MAGDALENA ESQUIVEL MALLORQUIN</SimpleData>
            <SimpleData name="Sexo">Mujer</SimpleData>
            <SimpleData name="Cambio_de_">NO</SimpleData>
            <SimpleData name="Titular_se">NO</SimpleData>
            <SimpleData name="ci_UNIF">2406507.00000000000</SimpleData>
            <SimpleData name="Situación">NO</SimpleData>
            <SimpleData name="Comunidad">Campesina</SimpleData>
            <SimpleData name="Modelo_imp">Modelo 5</SimpleData>
            <SimpleData name="Departamen">GUAIRA</SimpleData>
            <SimpleData name="Distrito">PASO YOBAI</SimpleData>
            <SimpleData name="Localidad">SANTA MARIA</SimpleData>
            <SimpleData name="Teléfono">0982908357</SimpleData>
            <SimpleData name="Vivienda_L">-25.73010130000</SimpleData>
            <SimpleData name="Vivienda_1">-55.96750680000</SimpleData>
            <SimpleData name="Superficie">0.70000000000</SimpleData>
            <SimpleData name="Situaci_1">Pol?gono</SimpleData>
            <SimpleData name="Plantado">SI</SimpleData>
            <SimpleData name="Fecha_Plan">2025/09/26</SimpleData>
            <SimpleData name="Jornales">0.00000000000</SimpleData>
            <SimpleData name="Monto">0.00000000000</SimpleData>
            <SimpleData name="Grupo_de_p">B-P1-XX-XX-XX</SimpleData>
            <SimpleData name="Estado_del">Activo</SimpleData>
            <SimpleData name="Empresa">Unique Wood Paraguay SA</SimpleData>
            <SimpleData name="Lote">B</SimpleData>
            <SimpleData name="Parametro">0.00000000000</SimpleData>
            <SimpleData name="Sup_SIG">0.78165321528</SimpleData>
            <SimpleData name="X">-55.96781784000</SimpleData>
            <SimpleData name="Y">-25.73968223000</SimpleData>
            <SimpleData name="cedula">2406507</SimpleData>
          </SchemaData>
        </ExtendedData>
        <Polygon>
          <outerBoundaryIs>
            <LinearRing>
              <coordinates>
                -55.9673762997811,-25.7392939995184,0
                -55.9673597003089,-25.7401399004783,0
                -55.9679555006801,-25.7401343997877,0
                -55.9679520005658,-25.7398738996354,0
                -55.9683492000019,-25.7398155005384,0
                -55.9684402999428,-25.7393593000768,0
                -55.9673762997811,-25.7392939995184,0
              </coordinates>
            </LinearRing>
          </outerBoundaryIs>
        </Polygon>
      </Placemark>
      <Placemark id="Lote_B.21">
        <ExtendedData>
          <SchemaData schemaUrl="#Lote_B.schema">
            <SimpleData name="Cédula">6204243.00000000000</SimpleData>
            <SimpleData name="Nombres_y_">HILARION LUCAS BENITEZ CENTURION</SimpleData>
            <SimpleData name="Sexo">Hombre</SimpleData>
            <SimpleData name="Cambio_de_">NO</SimpleData>
            <SimpleData name="Titular_se">NO</SimpleData>
            <SimpleData name="ci_UNIF">6204243.00000000000</SimpleData>
            <SimpleData name="Situación">NO</SimpleData>
            <SimpleData name="Comunidad">Ind?gena</SimpleData>
            <SimpleData name="Modelo_imp">Modelo 4</SimpleData>
            <SimpleData name="Departamen">GUAIRA</SimpleData>
            <SimpleData name="Distrito">PASO YOBAI</SimpleData>
            <SimpleData name="Localidad">COM INDIG YRYVU KUA - NARANJITO</SimpleData>
            <SimpleData name="Teléfono">0987351202</SimpleData>
            <SimpleData name="Vivienda_L">-25.67174410000</SimpleData>
            <SimpleData name="Vivienda_1">-55.96489900000</SimpleData>
            <SimpleData name="Superficie">0.70000000000</SimpleData>
            <SimpleData name="Situaci_1">Pol?gono</SimpleData>
            <SimpleData name="Plantado">SI</SimpleData>
            <SimpleData name="Fecha_Plan">2025/10/02</SimpleData>
            <SimpleData name="Jornales">0.00000000000</SimpleData>
            <SimpleData name="Monto">0.00000000000</SimpleData>
            <SimpleData name="Grupo_de_p">B-P1-XX-XX-XX</SimpleData>
            <SimpleData name="Estado_del">Activo</SimpleData>
            <SimpleData name="Empresa">Unique Wood Paraguay SA</SimpleData>
            <SimpleData name="Lote">B</SimpleData>
            <SimpleData name="Parametro">0.00000000000</SimpleData>
            <SimpleData name="Sup_SIG">0.70491208015</SimpleData>
            <SimpleData name="X">-55.96240310000</SimpleData>
            <SimpleData name="Y">-25.67170049000</SimpleData>
            <SimpleData name="cedula">6204243</SimpleData>
          </SchemaData>
        </ExtendedData>
        <Polygon>
          <outerBoundaryIs>
            <LinearRing>
              <coordinates>
                -55.9620640006254,-25.672129799882,0
                -55.9626682000602,-25.6722675994425,0
                -55.962764199271,-25.6712220000613,0
                -55.9620839997883,-25.6712137000931,0
                -55.9620640006254,-25.672129799882,0
              </coordinates>
            </LinearRing>
          </outerBoundaryIs>
        </Polygon>
      </Placemark>
      <Placemark id="Lote_B.22">
        <ExtendedData>
          <SchemaData schemaUrl="#Lote_B.schema">
            <SimpleData name="Cédula">5451910.00000000000</SimpleData>
            <SimpleData name="Nombres_y_">ANA VACHUGI</SimpleData>
            <SimpleData name="Sexo">Mujer</SimpleData>
            <SimpleData name="Cambio_de_">NO</SimpleData>
            <SimpleData name="Titular_se">NO</SimpleData>
            <SimpleData name="ci_UNIF">5451910.00000000000</SimpleData>
            <SimpleData name="Situación">NO</SimpleData>
            <SimpleData name="Comunidad">Ind?gena</SimpleData>
            <SimpleData name="Modelo_imp">Modelo 4</SimpleData>
            <SimpleData name="Departamen">CAAZAPA</SimpleData>
            <SimpleData name="Distrito">ABAI</SimpleData>
            <SimpleData name="Localidad">COM INDIG YPETIMI</SimpleData>
            <SimpleData name="Teléfono">0983130487</SimpleData>
            <SimpleData name="Vivienda_L">-25.94108080000</SimpleData>
            <SimpleData name="Vivienda_1">-55.70490790000</SimpleData>
            <SimpleData name="Superficie">0.70000000000</SimpleData>
            <SimpleData name="Situaci_1">Pol?gono</SimpleData>
            <SimpleData name="Plantado">SI</SimpleData>
            <SimpleData name="Fecha_Plan">2025/09/20</SimpleData>
            <SimpleData name="Jornales">0.00000000000</SimpleData>
            <SimpleData name="Monto">0.00000000000</SimpleData>
            <SimpleData name="Grupo_de_p">B-P1-XX-XX-XX</SimpleData>
            <SimpleData name="Estado_del">Activo</SimpleData>
            <SimpleData name="Empresa">Unique Wood Paraguay SA</SimpleData>
            <SimpleData name="Lote">B</SimpleData>
            <SimpleData name="Parametro">0.00000000000</SimpleData>
            <SimpleData name="Sup_SIG">0.70291978885</SimpleData>
            <SimpleData name="X">-55.73363217000</SimpleData>
            <SimpleData name="Y">-25.95369970000</SimpleData>
            <SimpleData name="cedula">5451910</SimpleData>
          </SchemaData>
        </ExtendedData>
        <Polygon>
          <outerBoundaryIs>
            <LinearRing>
              <coordinates>
                -55.7336935042828,-25.9531973671851,0
                -55.7331051537651,-25.953352783242,0
                -55.733105667516,-25.9533540490253,0
                -55.7331089461869,-25.9533609511463,0
                -55.7331096249619,-25.9533623808874,0
                -55.7331099492145,-25.9533630635742,0
                -55.7331142133448,-25.9533720400494,0
                -55.7331164518544,-25.9533767535777,0
                -55.7332676821111,-25.95369513675,0
                -55.7335052748553,-25.9541953355294,0
                -55.7335074792266,-25.9541999756222,0
                -55.7335153532047,-25.9542165531966,0
                -55.7335189893963,-25.9542242069028,0
                -55.7335233991012,-25.9542334907078,0
                -55.7335249520314,-25.9542367590828,0
                -55.7335306811984,-25.9542347335333,0
                -55.7335400142779,-25.954240205213,0
                -55.7335432984002,-25.9542390439767,0
                -55.7335679884836,-25.9542303117449,0
                -55.7335960569196,-25.9542203847869,0
                -55.7335965411138,-25.9542202138682,0
                -55.7336115572623,-25.9542149027993,0
                -55.7336324559571,-25.9542075115397,0
                -55.7336464565872,-25.9542025599498,0
                -55.7336572532926,-25.9541987414076,0
                -55.7336693943163,-25.9541944479834,0
                -55.7338484510633,-25.9541311230367,0
                -55.7338928017064,-25.954115437345,0
                -55.7340813028509,-25.9540464110008,0
                -55.7340851047564,-25.9540450186338,0
                -55.7340860843102,-25.9540446597363,0
                -55.7341429478906,-25.9540269679793,0
                -55.7341420157775,-25.9540243857907,0
                -55.7341321164467,-25.9539969734357,0
                -55.7341369842476,-25.9539954594723,0
                -55.7337605922829,-25.9531796449061,0
                -55.7336935042828,-25.9531973671851,0
              </coordinates>
            </LinearRing>
          </outerBoundaryIs>
        </Polygon>
      </Placemark>
      <Placemark id="Lote_B.23">
        <ExtendedData>
          <SchemaData schemaUrl="#Lote_B.schema">
            <SimpleData name="Cédula">5451924.00000000000</SimpleData>
            <SimpleData name="Nombres_y_">CLAUDIO TYKUARANGI</SimpleData>
            <SimpleData name="Sexo">Hombre</SimpleData>
            <SimpleData name="Cambio_de_">NO</SimpleData>
            <SimpleData name="Titular_se">NO</SimpleData>
            <SimpleData name="ci_UNIF">5451924.00000000000</SimpleData>
            <SimpleData name="Situación">NO</SimpleData>
            <SimpleData name="Comunidad">Ind?gena</SimpleData>
            <SimpleData name="Modelo_imp">Modelo 4</SimpleData>
            <SimpleData name="Departamen">CAAZAPA</SimpleData>
            <SimpleData name="Distrito">ABAI</SimpleData>
            <SimpleData name="Localidad">COM INDIG YPETIMI</SimpleData>
            <SimpleData name="Teléfono">0983014943</SimpleData>
            <SimpleData name="Vivienda_L">-25.94150050000</SimpleData>
            <SimpleData name="Vivienda_1">-55.70485580000</SimpleData>
            <SimpleData name="Superficie">0.70000000000</SimpleData>
            <SimpleData name="Situaci_1">Pol?gono</SimpleData>
            <SimpleData name="Plantado">SI</SimpleData>
            <SimpleData name="Fecha_Plan">2025/10/16</SimpleData>
            <SimpleData name="Jornales">0.00000000000</SimpleData>
            <SimpleData name="Monto">0.00000000000</SimpleData>
            <SimpleData name="Grupo_de_p">B-P1-XX-XX-XX</SimpleData>
            <SimpleData name="Estado_del">Activo</SimpleData>
            <SimpleData name="Empresa">Unique Wood Paraguay SA</SimpleData>
            <SimpleData name="Lote">B</SimpleData>
            <SimpleData name="Parametro">0.00000000000</SimpleData>
            <SimpleData name="Sup_SIG">0.71136221333</SimpleData>
            <SimpleData name="X">-55.72913717000</SimpleData>
            <SimpleData name="Y">-25.95393138000</SimpleData>
            <SimpleData name="cedula">5451924</SimpleData>
          </SchemaData>
        </ExtendedData>
        <Polygon>
          <outerBoundaryIs>
            <LinearRing>
              <coordinates>
                -55.7286146744334,-25.9535856955071,0
                -55.7287313777431,-25.9539093279276,0
                -55.7289857919872,-25.9544221054481,0
                -55.7290093924751,-25.9544174065163,0
                -55.7292995569241,-25.9543596346314,0
                -55.7295867546516,-25.95430245458,0
                -55.7296352786224,-25.9542927936538,0
                -55.7296607235758,-25.9542877279874,0
                -55.7293370500132,-25.9534896134397,0
                -55.7293167131048,-25.9534394665134,0
                -55.7286146744334,-25.9535856955071,0
              </coordinates>
            </LinearRing>
          </outerBoundaryIs>
        </Polygon>
      </Placemark>
      <Placemark id="Lote_B.24">
        <ExtendedData>
          <SchemaData schemaUrl="#Lote_B.schema">
            <SimpleData name="Cédula">4963891.00000000000</SimpleData>
            <SimpleData name="Nombres_y_">BENICIO ACHIPURANGI MENDEZ</SimpleData>
            <SimpleData name="Sexo">Hombre</SimpleData>
            <SimpleData name="Cambio_de_">NO</SimpleData>
            <SimpleData name="Titular_se">NO</SimpleData>
            <SimpleData name="ci_UNIF">4963891.00000000000</SimpleData>
            <SimpleData name="Situación">NO</SimpleData>
            <SimpleData name="Comunidad">Ind?gena</SimpleData>
            <SimpleData name="Modelo_imp">Modelo 4</SimpleData>
            <SimpleData name="Departamen">CAAZAPA</SimpleData>
            <SimpleData name="Distrito">ABAI</SimpleData>
            <SimpleData name="Localidad">COM INDIG YPETIMI</SimpleData>
            <SimpleData name="Teléfono">0985973230</SimpleData>
            <SimpleData name="Vivienda_L">-25.94116210000</SimpleData>
            <SimpleData name="Vivienda_1">-55.70506880000</SimpleData>
            <SimpleData name="Superficie">0.70000000000</SimpleData>
            <SimpleData name="Situaci_1">Pol?gono</SimpleData>
            <SimpleData name="Plantado">SI</SimpleData>
            <SimpleData name="Fecha_Plan">2025/10/12</SimpleData>
            <SimpleData name="Jornales">0.00000000000</SimpleData>
            <SimpleData name="Monto">0.00000000000</SimpleData>
            <SimpleData name="Grupo_de_p">B-P1-XX-XX-XX</SimpleData>
            <SimpleData name="Estado_del">Activo</SimpleData>
            <SimpleData name="Empresa">Unique Wood Paraguay SA</SimpleData>
            <SimpleData name="Lote">B</SimpleData>
            <SimpleData name="Parametro">0.00000000000</SimpleData>
            <SimpleData name="Sup_SIG">0.72403709220</SimpleData>
            <SimpleData name="X">-55.73159914000</SimpleData>
            <SimpleData name="Y">-25.95617033000</SimpleData>
            <SimpleData name="cedula">4963891</SimpleData>
          </SchemaData>
        </ExtendedData>
        <Polygon>
          <outerBoundaryIs>
            <LinearRing>
              <coordinates>
                -55.7310688922717,-25.9559153110703,0
                -55.7310821040808,-25.9559411058385,0
                -55.7314527716386,-25.9566647936609,0
                -55.7314590059034,-25.9566769645863,0
                -55.7314707691294,-25.9566999297243,0
                -55.7314526441037,-25.9567044486003,0
                -55.7314545581063,-25.9567083160431,0
                -55.7314735691005,-25.9567467302209,0
                -55.7314911400208,-25.9567376308234,0
                -55.7315026029227,-25.9567316920677,0
                -55.7315292635932,-25.9567178853746,0
                -55.7316317706562,-25.9566647936841,0
                -55.7316389362133,-25.9566610816269,0
                -55.73213466854,-25.9564043291579,0
                -55.7321259595833,-25.956388043047,0
                -55.7321136687579,-25.956393428377,0
                -55.7320101164497,-25.9561714143098,0
                -55.7317115253488,-25.9556130506597,0
                -55.7310821038009,-25.9559090960496,0
                -55.7310688922717,-25.9559153110703,0
              </coordinates>
            </LinearRing>
          </outerBoundaryIs>
        </Polygon>
      </Placemark>
      <Placemark id="Lote_B.25">
        <ExtendedData>
          <SchemaData schemaUrl="#Lote_B.schema">
            <SimpleData name="Cédula">6756920.00000000000</SimpleData>
            <SimpleData name="Nombres_y_">FILOMENA BENITEZ RAMIREZ</SimpleData>
            <SimpleData name="Sexo">Mujer</SimpleData>
            <SimpleData name="Cambio_de_">NO</SimpleData>
            <SimpleData name="Titular_se">NO</SimpleData>
            <SimpleData name="ci_UNIF">6756920.00000000000</SimpleData>
            <SimpleData name="Situación">NO</SimpleData>
            <SimpleData name="Comunidad">Ind?gena</SimpleData>
            <SimpleData name="Modelo_imp">Modelo 4</SimpleData>
            <SimpleData name="Departamen">GUAIRA</SimpleData>
            <SimpleData name="Distrito">PASO YOBAI</SimpleData>
            <SimpleData name="Localidad">COM INDIG YRYVU KUA - NARANJITO</SimpleData>
            <SimpleData name="Teléfono">0983086306</SimpleData>
            <SimpleData name="Vivienda_L">-25.67386860000</SimpleData>
            <SimpleData name="Vivienda_1">-55.96531800000</SimpleData>
            <SimpleData name="Superficie">0.70000000000</SimpleData>
            <SimpleData name="Situaci_1">Pol?gono</SimpleData>
            <SimpleData name="Plantado">SI</SimpleData>
            <SimpleData name="Fecha_Plan">2025/10/01</SimpleData>
            <SimpleData name="Jornales">0.00000000000</SimpleData>
            <SimpleData name="Monto">0.00000000000</SimpleData>
            <SimpleData name="Grupo_de_p">B-P1-XX-XX-XX</SimpleData>
            <SimpleData name="Estado_del">Activo</SimpleData>
            <SimpleData name="Empresa">Unique Wood Paraguay SA</SimpleData>
            <SimpleData name="Lote">B</SimpleData>
            <SimpleData name="Parametro">0.00000000000</SimpleData>
            <SimpleData name="Sup_SIG">0.70624259332</SimpleData>
            <SimpleData name="X">-55.96539659000</SimpleData>
            <SimpleData name="Y">-25.67444249000</SimpleData>
            <SimpleData name="cedula">6756920</SimpleData>
          </SchemaData>
        </ExtendedData>
        <Polygon>
          <outerBoundaryIs>
            <LinearRing>
              <coordinates>
                -55.9649004999583,-25.6748643000202,0
                -55.9656770002698,-25.6748799995809,0
                -55.9658343002935,-25.6739415999191,0
                -55.9651541004274,-25.6740358998361,0
                -55.9649004999583,-25.6748643000202,0
              </coordinates>
            </LinearRing>
          </outerBoundaryIs>
        </Polygon>
      </Placemark>
      <Placemark id="Lote_B.26">
        <ExtendedData>
          <SchemaData schemaUrl="#Lote_B.schema">
            <SimpleData name="Cédula">5921501.00000000000</SimpleData>
            <SimpleData name="Nombres_y_">MARIA MENDOZA CENTURION</SimpleData>
            <SimpleData name="Sexo">Mujer</SimpleData>
            <SimpleData name="Cambio_de_">NO</SimpleData>
            <SimpleData name="Titular_se">NO</SimpleData>
            <SimpleData name="ci_UNIF">5921501.00000000000</SimpleData>
            <SimpleData name="Situación">NO</SimpleData>
            <SimpleData name="Comunidad">Ind?gena</SimpleData>
            <SimpleData name="Modelo_imp">Modelo 5</SimpleData>
            <SimpleData name="Departamen">CAAZAPA</SimpleData>
            <SimpleData name="Distrito">ABAI</SimpleData>
            <SimpleData name="Localidad"><![CDATA[COM INDIG ?U APU'A]]></SimpleData>
            <SimpleData name="Teléfono">0985981826</SimpleData>
            <SimpleData name="Vivienda_L">-25.80637560000</SimpleData>
            <SimpleData name="Vivienda_1">-55.80400510000</SimpleData>
            <SimpleData name="Superficie">0.70000000000</SimpleData>
            <SimpleData name="Situaci_1">Par?metro</SimpleData>
            <SimpleData name="Plantado">SI</SimpleData>
            <SimpleData name="Fecha_Plan">2025/12/05</SimpleData>
            <SimpleData name="Jornales">0.00000000000</SimpleData>
            <SimpleData name="Monto">0.00000000000</SimpleData>
            <SimpleData name="Grupo_de_p">B-P2-XX-XX-XX</SimpleData>
            <SimpleData name="Estado_del">Activo</SimpleData>
            <SimpleData name="Empresa">Unique Wood Paraguay SA</SimpleData>
            <SimpleData name="Lote">B</SimpleData>
            <SimpleData name="Parametro">0.00000000000</SimpleData>
            <SimpleData name="Sup_SIG">0.73479974232</SimpleData>
            <SimpleData name="X">-55.80575654000</SimpleData>
            <SimpleData name="Y">-25.80761908000</SimpleData>
            <SimpleData name="cedula">5921501</SimpleData>
          </SchemaData>
        </ExtendedData>
        <Polygon>
          <outerBoundaryIs>
            <LinearRing>
              <coordinates>
                -55.805340199622,-25.80803409991,0
                -55.8058985004518,-25.808261899645,0
                -55.8061835999419,-25.8071963998271,0
                -55.8055939996371,-25.8069951996078,0
                -55.805340199622,-25.80803409991,0
              </coordinates>
            </LinearRing>
          </outerBoundaryIs>
        </Polygon>
      </Placemark>
      <Placemark id="Lote_B.27">
        <ExtendedData>
          <SchemaData schemaUrl="#Lote_B.schema">
            <SimpleData name="Cédula">6204320.00000000000</SimpleData>
            <SimpleData name="Nombres_y_">NERY DUARTE BENITEZ</SimpleData>
            <SimpleData name="Sexo">Hombre</SimpleData>
            <SimpleData name="Cambio_de_">NO</SimpleData>
            <SimpleData name="Titular_se">NO</SimpleData>
            <SimpleData name="ci_UNIF">6204320.00000000000</SimpleData>
            <SimpleData name="Situación">NO</SimpleData>
            <SimpleData name="Comunidad">Ind?gena</SimpleData>
            <SimpleData name="Modelo_imp">Modelo 6</SimpleData>
            <SimpleData name="Departamen">GUAIRA</SimpleData>
            <SimpleData name="Distrito">PASO YOBAI</SimpleData>
            <SimpleData name="Localidad">COM INDIG SANTA TERESITA</SimpleData>
            <SimpleData name="Teléfono">0982039886</SimpleData>
            <SimpleData name="Vivienda_L">-25.69715390000</SimpleData>
            <SimpleData name="Vivienda_1">-55.90404080000</SimpleData>
            <SimpleData name="Superficie">0.90000000000</SimpleData>
            <SimpleData name="Situaci_1">Pol?gono</SimpleData>
            <SimpleData name="Plantado">SI</SimpleData>
            <SimpleData name="Fecha_Plan">2025/10/08</SimpleData>
            <SimpleData name="Jornales">0.00000000000</SimpleData>
            <SimpleData name="Monto">0.00000000000</SimpleData>
            <SimpleData name="Grupo_de_p">B-P1-XX-XX-XX</SimpleData>
            <SimpleData name="Estado_del">Activo</SimpleData>
            <SimpleData name="Empresa">Unique Wood Paraguay SA</SimpleData>
            <SimpleData name="Lote">B</SimpleData>
            <SimpleData name="Parametro">0.00000000000</SimpleData>
            <SimpleData name="Sup_SIG">0.94449425574</SimpleData>
            <SimpleData name="X">-55.90195122000</SimpleData>
            <SimpleData name="Y">-25.69878821000</SimpleData>
            <SimpleData name="cedula">6204320</SimpleData>
          </SchemaData>
        </ExtendedData>
        <Polygon>
          <outerBoundaryIs>
            <LinearRing>
              <coordinates>
                -55.901438000488,-25.6992182997656,0
                -55.902050500318,-25.6995300997559,0
                -55.9024761004289,-25.6983058002297,0
                -55.9018197002415,-25.6980957004852,0
                -55.901438000488,-25.6992182997656,0
              </coordinates>
            </LinearRing>
          </outerBoundaryIs>
        </Polygon>
      </Placemark>
      <Placemark id="Lote_B.28">
        <ExtendedData>
          <SchemaData schemaUrl="#Lote_B.schema">
            <SimpleData name="Cédula">4633242.00000000000</SimpleData>
            <SimpleData name="Nombres_y_">VICTORIANA ARZAMENDIA MEZA</SimpleData>
            <SimpleData name="Sexo">Mujer</SimpleData>
            <SimpleData name="Cambio_de_">NO</SimpleData>
            <SimpleData name="Titular_se">NO</SimpleData>
            <SimpleData name="ci_UNIF">4633242.00000000000</SimpleData>
            <SimpleData name="Situación">NO</SimpleData>
            <SimpleData name="Comunidad">Campesina</SimpleData>
            <SimpleData name="Modelo_imp">Modelo 5</SimpleData>
            <SimpleData name="Departamen">GUAIRA</SimpleData>
            <SimpleData name="Distrito">PASO YOBAI</SimpleData>
            <SimpleData name="Localidad">SAN FRANCISCO I</SimpleData>
            <SimpleData name="Teléfono">0984418762</SimpleData>
            <SimpleData name="Vivienda_L">-25.72427550000</SimpleData>
            <SimpleData name="Vivienda_1">-55.92521630000</SimpleData>
            <SimpleData name="Superficie">0.70000000000</SimpleData>
            <SimpleData name="Situaci_1">Pol?gono</SimpleData>
            <SimpleData name="Plantado">SI</SimpleData>
            <SimpleData name="Fecha_Plan">2025/09/24</SimpleData>
            <SimpleData name="Jornales">0.00000000000</SimpleData>
            <SimpleData name="Monto">0.00000000000</SimpleData>
            <SimpleData name="Grupo_de_p">B-P1-XX-XX-XX</SimpleData>
            <SimpleData name="Estado_del">Activo</SimpleData>
            <SimpleData name="Empresa">Unique Wood Paraguay SA</SimpleData>
            <SimpleData name="Lote">B</SimpleData>
            <SimpleData name="Parametro">0.00000000000</SimpleData>
            <SimpleData name="Sup_SIG">0.72290421156</SimpleData>
            <SimpleData name="X">-55.92631496000</SimpleData>
            <SimpleData name="Y">-25.72425936000</SimpleData>
            <SimpleData name="cedula">4633242</SimpleData>
          </SchemaData>
        </ExtendedData>
        <MultiGeometry>
          <Polygon>
            <outerBoundaryIs>
              <LinearRing>
                <coordinates>
                  -55.9249101002096,-25.7248744004567,0
                  -55.9252901996046,-25.7245174004909,0
                  -55.9248626001769,-25.7242731003585,0
                  -55.9245467995496,-25.7246276004748,0
                  -55.9249101002096,-25.7248744004567,0
                </coordinates>
              </LinearRing>
            </outerBoundaryIs>
          </Polygon>
          <Polygon>
            <outerBoundaryIs>
              <LinearRing>
                <coordinates>
                  -55.926427200159,-25.7246790005373,0
                  -55.9268387006094,-25.7243098992627,0
                  -55.9261696007997,-25.7238313002865,0
                  -55.925810399961,-25.7242215993729,0
                  -55.926427200159,-25.7246790005373,0
                </coordinates>
              </LinearRing>
            </outerBoundaryIs>
          </Polygon>
        </MultiGeometry>
      </Placemark>
      <Placemark id="Lote_B.29">
        <ExtendedData>
          <SchemaData schemaUrl="#Lote_B.schema">
            <SimpleData name="Cédula">4950577.00000000000</SimpleData>
            <SimpleData name="Nombres_y_">CINTIA MARLENE BENITEZ RUIZ</SimpleData>
            <SimpleData name="Sexo">Mujer</SimpleData>
            <SimpleData name="Cambio_de_">NO</SimpleData>
            <SimpleData name="Titular_se">NO</SimpleData>
            <SimpleData name="ci_UNIF">4950577.00000000000</SimpleData>
            <SimpleData name="Situación">NO</SimpleData>
            <SimpleData name="Comunidad">Campesina</SimpleData>
            <SimpleData name="Modelo_imp">Modelo 6</SimpleData>
            <SimpleData name="Departamen">GUAIRA</SimpleData>
            <SimpleData name="Distrito">PASO YOBAI</SimpleData>
            <SimpleData name="Localidad">SANTA MARIA</SimpleData>
            <SimpleData name="Teléfono">0984727444</SimpleData>
            <SimpleData name="Vivienda_L">-25.71561090000</SimpleData>
            <SimpleData name="Vivienda_1">-55.96868700000</SimpleData>
            <SimpleData name="Superficie">0.90000000000</SimpleData>
            <SimpleData name="Situaci_1">Pol?gono</SimpleData>
            <SimpleData name="Plantado">SI</SimpleData>
            <SimpleData name="Fecha_Plan">2025/09/26</SimpleData>
            <SimpleData name="Jornales">0.00000000000</SimpleData>
            <SimpleData name="Monto">0.00000000000</SimpleData>
            <SimpleData name="Grupo_de_p">B-P1-XX-XX-XX</SimpleData>
            <SimpleData name="Estado_del">Activo</SimpleData>
            <SimpleData name="Empresa">Unique Wood Paraguay SA</SimpleData>
            <SimpleData name="Lote">B</SimpleData>
            <SimpleData name="Parametro">0.00000000000</SimpleData>
            <SimpleData name="Sup_SIG">1.01003873585</SimpleData>
            <SimpleData name="X">-55.96301252000</SimpleData>
            <SimpleData name="Y">-25.71520578000</SimpleData>
            <SimpleData name="cedula">4950577</SimpleData>
          </SchemaData>
        </ExtendedData>
        <Polygon>
          <outerBoundaryIs>
            <LinearRing>
              <coordinates>
                -55.964150653114,-25.7154214851905,0
                -55.9641717001159,-25.7154032998978,0
                -55.9649073052334,-25.7154660849134,0
                -55.9649264003245,-25.7152602994435,0
                -55.9613133998683,-25.7149167005105,0
                -55.9613233000197,-25.715209999758,0
                -55.964150653114,-25.7154214851905,0
              </coordinates>
            </LinearRing>
          </outerBoundaryIs>
        </Polygon>
      </Placemark>
      <Placemark id="Lote_B.30">
        <ExtendedData>
          <SchemaData schemaUrl="#Lote_B.schema">
            <SimpleData name="Cédula">1608857.00000000000</SimpleData>
            <SimpleData name="Nombres_y_">HIGINIO GARAGI DUARTE</SimpleData>
            <SimpleData name="Sexo">Hombre</SimpleData>
            <SimpleData name="Cambio_de_">NO</SimpleData>
            <SimpleData name="Titular_se">NO</SimpleData>
            <SimpleData name="ci_UNIF">1608857.00000000000</SimpleData>
            <SimpleData name="Situación">NO</SimpleData>
            <SimpleData name="Comunidad">Ind?gena</SimpleData>
            <SimpleData name="Modelo_imp">Modelo 4</SimpleData>
            <SimpleData name="Departamen">CAAZAPA</SimpleData>
            <SimpleData name="Distrito">ABAI</SimpleData>
            <SimpleData name="Localidad">COM INDIG YPETIMI</SimpleData>
            <SimpleData name="Teléfono">ND</SimpleData>
            <SimpleData name="Vivienda_L">-25.94103310000</SimpleData>
            <SimpleData name="Vivienda_1">-55.70489150000</SimpleData>
            <SimpleData name="Superficie">0.70000000000</SimpleData>
            <SimpleData name="Situaci_1">Par?metro</SimpleData>
            <SimpleData name="Plantado">SI</SimpleData>
            <SimpleData name="Fecha_Plan">2025/10/23</SimpleData>
            <SimpleData name="Jornales">0.00000000000</SimpleData>
            <SimpleData name="Monto">0.00000000000</SimpleData>
            <SimpleData name="Grupo_de_p">B-P3-XX-XX-XX</SimpleData>
            <SimpleData name="Estado_del">Activo</SimpleData>
            <SimpleData name="Empresa">Unique Wood Paraguay SA</SimpleData>
            <SimpleData name="Lote">B</SimpleData>
            <SimpleData name="Parametro">0.00000000000</SimpleData>
            <SimpleData name="Sup_SIG">0.71842083088</SimpleData>
            <SimpleData name="X">-55.72777034000</SimpleData>
            <SimpleData name="Y">-25.95631710000</SimpleData>
            <SimpleData name="cedula">1608857</SimpleData>
          </SchemaData>
        </ExtendedData>
        <Polygon>
          <outerBoundaryIs>
            <LinearRing>
              <coordinates>
                -55.7279152465291,-25.9557236134711,0
                -55.72786858465,-25.9557352033056,0
                -55.7278407935996,-25.9557421061024,0
                -55.7278385224123,-25.9557304158638,0
                -55.7276632995542,-25.9557716993516,0
                -55.7276354483499,-25.9556283487334,0
                -55.7272876388824,-25.9567567987701,0
                -55.7282722500996,-25.9567021257247,0
                -55.7279152465291,-25.9557236134711,0
              </coordinates>
            </LinearRing>
          </outerBoundaryIs>
        </Polygon>
      </Placemark>
      <Placemark id="Lote_B.31">
        <ExtendedData>
          <SchemaData schemaUrl="#Lote_B.schema">
            <SimpleData name="Cédula">5451917.00000000000</SimpleData>
            <SimpleData name="Nombres_y_">MARGARITA KANJEGI</SimpleData>
            <SimpleData name="Sexo">Mujer</SimpleData>
            <SimpleData name="Cambio_de_">NO</SimpleData>
            <SimpleData name="Titular_se">NO</SimpleData>
            <SimpleData name="ci_UNIF">5451917.00000000000</SimpleData>
            <SimpleData name="Situación">NO</SimpleData>
            <SimpleData name="Comunidad">Ind?gena</SimpleData>
            <SimpleData name="Modelo_imp">Modelo 4</SimpleData>
            <SimpleData name="Departamen">CAAZAPA</SimpleData>
            <SimpleData name="Distrito">ABAI</SimpleData>
            <SimpleData name="Localidad">COM INDIG YPETIMI</SimpleData>
            <SimpleData name="Teléfono">0983036368</SimpleData>
            <SimpleData name="Vivienda_L">-25.94108310000</SimpleData>
            <SimpleData name="Vivienda_1">-55.70497410000</SimpleData>
            <SimpleData name="Superficie">0.70000000000</SimpleData>
            <SimpleData name="Situaci_1">Pol?gono</SimpleData>
            <SimpleData name="Plantado">SI</SimpleData>
            <SimpleData name="Fecha_Plan">2025/10/23</SimpleData>
            <SimpleData name="Jornales">0.00000000000</SimpleData>
            <SimpleData name="Monto">0.00000000000</SimpleData>
            <SimpleData name="Grupo_de_p">B-P1-XX-XX-XX</SimpleData>
            <SimpleData name="Estado_del">Activo</SimpleData>
            <SimpleData name="Empresa">Unique Wood Paraguay SA</SimpleData>
            <SimpleData name="Lote">B</SimpleData>
            <SimpleData name="Parametro">0.00000000000</SimpleData>
            <SimpleData name="Sup_SIG">0.72305361779</SimpleData>
            <SimpleData name="X">-55.72846470000</SimpleData>
            <SimpleData name="Y">-25.95604049000</SimpleData>
            <SimpleData name="cedula">5451917</SimpleData>
          </SchemaData>
        </ExtendedData>
        <Polygon>
          <outerBoundaryIs>
            <LinearRing>
              <coordinates>
                -55.7284459383931,-25.955591803557,0
                -55.7282378599174,-25.9556434853671,0
                -55.7280975379788,-25.9556783379591,0
                -55.7279163189925,-25.9557233475238,0
                -55.7281902619176,-25.956293628201,0
                -55.7283075703591,-25.9565378349756,0
                -55.7289702695284,-25.9564053327471,0
                -55.7289639315931,-25.9563866611691,0
                -55.7286798685226,-25.9555497336079,0
                -55.7284459383931,-25.955591803557,0
              </coordinates>
            </LinearRing>
          </outerBoundaryIs>
        </Polygon>
      </Placemark>
      <Placemark id="Lote_B.32">
        <ExtendedData>
          <SchemaData schemaUrl="#Lote_B.schema">
            <SimpleData name="Cédula">6198494.00000000000</SimpleData>
            <SimpleData name="Nombres_y_">JUAN VILLALBA BENITEZ</SimpleData>
            <SimpleData name="Sexo">Hombre</SimpleData>
            <SimpleData name="Cambio_de_">NO</SimpleData>
            <SimpleData name="Titular_se">NO</SimpleData>
            <SimpleData name="ci_UNIF">6198494.00000000000</SimpleData>
            <SimpleData name="Situación">NO</SimpleData>
            <SimpleData name="Comunidad">Ind?gena</SimpleData>
            <SimpleData name="Modelo_imp">Modelo 6</SimpleData>
            <SimpleData name="Departamen">GUAIRA</SimpleData>
            <SimpleData name="Distrito">PASO YOBAI</SimpleData>
            <SimpleData name="Localidad">COM INDIG SANTA TERESITA</SimpleData>
            <SimpleData name="Teléfono">0986311589</SimpleData>
            <SimpleData name="Vivienda_L">-25.69578250000</SimpleData>
            <SimpleData name="Vivienda_1">-55.90420160000</SimpleData>
            <SimpleData name="Superficie">0.90000000000</SimpleData>
            <SimpleData name="Situaci_1">Pol?gono</SimpleData>
            <SimpleData name="Plantado">SI</SimpleData>
            <SimpleData name="Fecha_Plan">2025/10/15</SimpleData>
            <SimpleData name="Jornales">0.00000000000</SimpleData>
            <SimpleData name="Monto">0.00000000000</SimpleData>
            <SimpleData name="Grupo_de_p">B-P1-XX-XX-XX</SimpleData>
            <SimpleData name="Estado_del">Activo</SimpleData>
            <SimpleData name="Empresa">Unique Wood Paraguay SA</SimpleData>
            <SimpleData name="Lote">B</SimpleData>
            <SimpleData name="Parametro">0.00000000000</SimpleData>
            <SimpleData name="Sup_SIG">0.93571689958</SimpleData>
            <SimpleData name="X">-55.90414398000</SimpleData>
            <SimpleData name="Y">-25.69580903000</SimpleData>
            <SimpleData name="cedula">6198494</SimpleData>
          </SchemaData>
        </ExtendedData>
        <Polygon>
          <outerBoundaryIs>
            <LinearRing>
              <coordinates>
                -55.9037287002014,-25.6964136004425,0
                -55.9043182997567,-25.6965900000472,0
                -55.9045435999333,-25.6951884003398,0
                -55.9039916000561,-25.6950149001285,0
                -55.9037287002014,-25.6964136004425,0
              </coordinates>
            </LinearRing>
          </outerBoundaryIs>
        </Polygon>
      </Placemark>
      <Placemark id="Lote_B.33">
        <ExtendedData>
          <SchemaData schemaUrl="#Lote_B.schema">
            <SimpleData name="Cédula">6204313.00000000000</SimpleData>
            <SimpleData name="Nombres_y_">ELENA BARRIOS BENITEZ</SimpleData>
            <SimpleData name="Sexo">Mujer</SimpleData>
            <SimpleData name="Cambio_de_">NO</SimpleData>
            <SimpleData name="Titular_se">NO</SimpleData>
            <SimpleData name="ci_UNIF">6204313.00000000000</SimpleData>
            <SimpleData name="Situación">NO</SimpleData>
            <SimpleData name="Comunidad">Ind?gena</SimpleData>
            <SimpleData name="Modelo_imp">Modelo 4</SimpleData>
            <SimpleData name="Departamen">GUAIRA</SimpleData>
            <SimpleData name="Distrito">PASO YOBAI</SimpleData>
            <SimpleData name="Localidad">COM INDIG SANTA TERESITA</SimpleData>
            <SimpleData name="Teléfono">0983341517</SimpleData>
            <SimpleData name="Vivienda_L">-25.69442830000</SimpleData>
            <SimpleData name="Vivienda_1">-55.90435640000</SimpleData>
            <SimpleData name="Superficie">0.70000000000</SimpleData>
            <SimpleData name="Situaci_1">Pol?gono</SimpleData>
            <SimpleData name="Plantado">SI</SimpleData>
            <SimpleData name="Fecha_Plan">2025/10/03</SimpleData>
            <SimpleData name="Jornales">0.00000000000</SimpleData>
            <SimpleData name="Monto">0.00000000000</SimpleData>
            <SimpleData name="Grupo_de_p">B-P1-XX-XX-XX</SimpleData>
            <SimpleData name="Estado_del">Activo</SimpleData>
            <SimpleData name="Empresa">Unique Wood Paraguay SA</SimpleData>
            <SimpleData name="Lote">B</SimpleData>
            <SimpleData name="Parametro">0.00000000000</SimpleData>
            <SimpleData name="Sup_SIG">0.74623797313</SimpleData>
            <SimpleData name="X">-55.90344427000</SimpleData>
            <SimpleData name="Y">-25.69476521000</SimpleData>
            <SimpleData name="cedula">6204313</SimpleData>
          </SchemaData>
        </ExtendedData>
        <Polygon>
          <outerBoundaryIs>
            <LinearRing>
              <coordinates>
                -55.902838500014,-25.6947432999032,0
                -55.903273300354,-25.6953400995435,0
                -55.9040602004223,-25.6947063000465,0
                -55.9036346000027,-25.6942299997146,0
                -55.902838500014,-25.6947432999032,0
              </coordinates>
            </LinearRing>
          </outerBoundaryIs>
        </Polygon>
      </Placemark>
      <Placemark id="Lote_B.34">
        <ExtendedData>
          <SchemaData schemaUrl="#Lote_B.schema">
            <SimpleData name="Cédula">5451959.00000000000</SimpleData>
            <SimpleData name="Nombres_y_">LIDIA CHEJUGI</SimpleData>
            <SimpleData name="Sexo">Mujer</SimpleData>
            <SimpleData name="Cambio_de_">NO</SimpleData>
            <SimpleData name="Titular_se">NO</SimpleData>
            <SimpleData name="ci_UNIF">5451959.00000000000</SimpleData>
            <SimpleData name="Situación">NO</SimpleData>
            <SimpleData name="Comunidad">Ind?gena</SimpleData>
            <SimpleData name="Modelo_imp">Modelo 4</SimpleData>
            <SimpleData name="Departamen">CAAZAPA</SimpleData>
            <SimpleData name="Distrito">ABAI</SimpleData>
            <SimpleData name="Localidad">COM INDIG YPETIMI</SimpleData>
            <SimpleData name="Teléfono">0984585234</SimpleData>
            <SimpleData name="Vivienda_L">-25.94104510000</SimpleData>
            <SimpleData name="Vivienda_1">-55.70494150000</SimpleData>
            <SimpleData name="Superficie">0.70000000000</SimpleData>
            <SimpleData name="Situaci_1">Pol?gono</SimpleData>
            <SimpleData name="Plantado">SI</SimpleData>
            <SimpleData name="Fecha_Plan">2025/10/23</SimpleData>
            <SimpleData name="Jornales">0.00000000000</SimpleData>
            <SimpleData name="Monto">0.00000000000</SimpleData>
            <SimpleData name="Grupo_de_p">B-P1-XX-XX-XX</SimpleData>
            <SimpleData name="Estado_del">Activo</SimpleData>
            <SimpleData name="Empresa">Unique Wood Paraguay SA</SimpleData>
            <SimpleData name="Lote">B</SimpleData>
            <SimpleData name="Parametro">0.00000000000</SimpleData>
            <SimpleData name="Sup_SIG">0.71274894290</SimpleData>
            <SimpleData name="X">-55.72775668000</SimpleData>
            <SimpleData name="Y">-25.95431839000</SimpleData>
            <SimpleData name="cedula">5451959</SimpleData>
          </SchemaData>
        </ExtendedData>
        <Polygon>
          <outerBoundaryIs>
            <LinearRing>
              <coordinates>
                -55.7272800964221,-25.9539213317127,0
                -55.727529334997,-25.9547504413023,0
                -55.7275464759552,-25.9547856894701,0
                -55.7275663850075,-25.954826629174,0
                -55.7276115526915,-25.9548178088892,0
                -55.7276489152062,-25.9548105126332,0
                -55.7276778370486,-25.9548048648383,0
                -55.7282548883078,-25.9546921754233,0
                -55.7282418490682,-25.9546654474765,0
                -55.7282376072095,-25.9546567527545,0
                -55.7282339819388,-25.9546493220261,0
                -55.728105899462,-25.9542816374785,0
                -55.7280547869952,-25.9541349099392,0
                -55.7279424744424,-25.9538124965369,0
                -55.7272800964221,-25.9539213317127,0
              </coordinates>
            </LinearRing>
          </outerBoundaryIs>
        </Polygon>
      </Placemark>
      <Placemark id="Lote_B.35">
        <ExtendedData>
          <SchemaData schemaUrl="#Lote_B.schema">
            <SimpleData name="Cédula">4899044.00000000000</SimpleData>
            <SimpleData name="Nombres_y_">DAVID PIKYGY</SimpleData>
            <SimpleData name="Sexo">Hombre</SimpleData>
            <SimpleData name="Cambio_de_">NO</SimpleData>
            <SimpleData name="Titular_se">NO</SimpleData>
            <SimpleData name="ci_UNIF">4899044.00000000000</SimpleData>
            <SimpleData name="Situación">NO</SimpleData>
            <SimpleData name="Comunidad">Ind?gena</SimpleData>
            <SimpleData name="Modelo_imp">Modelo 4</SimpleData>
            <SimpleData name="Departamen">CAAZAPA</SimpleData>
            <SimpleData name="Distrito">ABAI</SimpleData>
            <SimpleData name="Localidad">COM INDIG YPETIMI</SimpleData>
            <SimpleData name="Teléfono">0983335732</SimpleData>
            <SimpleData name="Vivienda_L">-25.94112110000</SimpleData>
            <SimpleData name="Vivienda_1">-55.70494250000</SimpleData>
            <SimpleData name="Superficie">0.70000000000</SimpleData>
            <SimpleData name="Situaci_1">Pol?gono</SimpleData>
            <SimpleData name="Plantado">SI</SimpleData>
            <SimpleData name="Fecha_Plan">2025/10/16</SimpleData>
            <SimpleData name="Jornales">0.00000000000</SimpleData>
            <SimpleData name="Monto">0.00000000000</SimpleData>
            <SimpleData name="Grupo_de_p">B-P1-XX-XX-XX</SimpleData>
            <SimpleData name="Estado_del">Activo</SimpleData>
            <SimpleData name="Empresa">Unique Wood Paraguay SA</SimpleData>
            <SimpleData name="Lote">B</SimpleData>
            <SimpleData name="Parametro">0.00000000000</SimpleData>
            <SimpleData name="Sup_SIG">0.71033311615</SimpleData>
            <SimpleData name="X">-55.72878586000</SimpleData>
            <SimpleData name="Y">-25.95500022000</SimpleData>
            <SimpleData name="cedula">4899044</SimpleData>
          </SchemaData>
        </ExtendedData>
        <Polygon>
          <outerBoundaryIs>
            <LinearRing>
              <coordinates>
                -55.7283068341741,-25.9546982068082,0
                -55.7285867872532,-25.9555453508718,0
                -55.7292714871123,-25.9552915495748,0
                -55.7291347570942,-25.954903036965,0
                -55.7289818708605,-25.9544686212625,0
                -55.7289781863257,-25.9544581501226,0
                -55.7289776799906,-25.9544583361799,0
                -55.7289566684397,-25.9544660706568,0
                -55.7283068341741,-25.9546982068082,0
              </coordinates>
            </LinearRing>
          </outerBoundaryIs>
        </Polygon>
      </Placemark>
      <Placemark id="Lote_B.36">
        <ExtendedData>
          <SchemaData schemaUrl="#Lote_B.schema">
            <SimpleData name="Cédula">5451961.00000000000</SimpleData>
            <SimpleData name="Nombres_y_">TEOFILA JANAGI</SimpleData>
            <SimpleData name="Sexo">Mujer</SimpleData>
            <SimpleData name="Cambio_de_">NO</SimpleData>
            <SimpleData name="Titular_se">NO</SimpleData>
            <SimpleData name="ci_UNIF">5451961.00000000000</SimpleData>
            <SimpleData name="Situación">NO</SimpleData>
            <SimpleData name="Comunidad">Ind?gena</SimpleData>
            <SimpleData name="Modelo_imp">Modelo 4</SimpleData>
            <SimpleData name="Departamen">CAAZAPA</SimpleData>
            <SimpleData name="Distrito">ABAI</SimpleData>
            <SimpleData name="Localidad">COM INDIG YPETIMI</SimpleData>
            <SimpleData name="Teléfono">0975524321</SimpleData>
            <SimpleData name="Vivienda_L">-25.94101020000</SimpleData>
            <SimpleData name="Vivienda_1">-55.70498530000</SimpleData>
            <SimpleData name="Superficie">0.70000000000</SimpleData>
            <SimpleData name="Situaci_1">Pol?gono</SimpleData>
            <SimpleData name="Plantado">SI</SimpleData>
            <SimpleData name="Fecha_Plan">2025/09/25</SimpleData>
            <SimpleData name="Jornales">0.00000000000</SimpleData>
            <SimpleData name="Monto">0.00000000000</SimpleData>
            <SimpleData name="Grupo_de_p">B-P1-XX-XX-XX</SimpleData>
            <SimpleData name="Estado_del">Activo</SimpleData>
            <SimpleData name="Empresa">Unique Wood Paraguay SA</SimpleData>
            <SimpleData name="Lote">B</SimpleData>
            <SimpleData name="Parametro">0.00000000000</SimpleData>
            <SimpleData name="Sup_SIG">0.71325633601</SimpleData>
            <SimpleData name="X">-55.73252983000</SimpleData>
            <SimpleData name="Y">-25.95297670000</SimpleData>
            <SimpleData name="cedula">5451961</SimpleData>
          </SchemaData>
        </ExtendedData>
        <Polygon>
          <outerBoundaryIs>
            <LinearRing>
              <coordinates>
                -55.7324732003474,-25.9534679288463,0
                -55.7326135712733,-25.9534494085705,0
                -55.7327170283915,-25.9534277743499,0
                -55.7327778743112,-25.9534150511786,0
                -55.732900072568,-25.9533894999447,0
                -55.7329461018563,-25.9533798738399,0
                -55.7330250143147,-25.9533633731169,0
                -55.7328024456086,-25.9527369487568,0
                -55.7327041882989,-25.9524954003594,0
                -55.7327083308065,-25.9524945590412,0
                -55.7326951741555,-25.9524622137792,0
                -55.7320241883373,-25.9525971008292,0
                -55.7323657894295,-25.9534821004903,0
                -55.7324732003474,-25.9534679288463,0
              </coordinates>
            </LinearRing>
          </outerBoundaryIs>
        </Polygon>
      </Placemark>
      <Placemark id="Lote_B.37">
        <ExtendedData>
          <SchemaData schemaUrl="#Lote_B.schema">
            <SimpleData name="Cédula">8027462.00000000000</SimpleData>
            <SimpleData name="Nombres_y_">ZULLY DOMINGUEZ FARI?A</SimpleData>
            <SimpleData name="Sexo">Mujer</SimpleData>
            <SimpleData name="Cambio_de_">NO</SimpleData>
            <SimpleData name="Titular_se">NO</SimpleData>
            <SimpleData name="ci_UNIF">8027462.00000000000</SimpleData>
            <SimpleData name="Situación">NO</SimpleData>
            <SimpleData name="Comunidad">Ind?gena</SimpleData>
            <SimpleData name="Modelo_imp">Modelo 5</SimpleData>
            <SimpleData name="Departamen">CAAZAPA</SimpleData>
            <SimpleData name="Distrito">ABAI</SimpleData>
            <SimpleData name="Localidad">COM INDIG YKUA PORA</SimpleData>
            <SimpleData name="Teléfono">ND</SimpleData>
            <SimpleData name="Vivienda_L">-25.81888860000</SimpleData>
            <SimpleData name="Vivienda_1">-55.66436160000</SimpleData>
            <SimpleData name="Superficie">0.70000000000</SimpleData>
            <SimpleData name="Situaci_1">Pol?gono</SimpleData>
            <SimpleData name="Plantado">SI</SimpleData>
            <SimpleData name="Fecha_Plan">2025/10/30</SimpleData>
            <SimpleData name="Jornales">0.00000000000</SimpleData>
            <SimpleData name="Monto">0.00000000000</SimpleData>
            <SimpleData name="Grupo_de_p">B-P2-XX-XX-XX</SimpleData>
            <SimpleData name="Estado_del">Activo</SimpleData>
            <SimpleData name="Empresa">Unique Wood Paraguay SA</SimpleData>
            <SimpleData name="Lote">B</SimpleData>
            <SimpleData name="Parametro">0.00000000000</SimpleData>
            <SimpleData name="Sup_SIG">0.69875079250</SimpleData>
            <SimpleData name="X">-55.66416856000</SimpleData>
            <SimpleData name="Y">-25.81942349000</SimpleData>
            <SimpleData name="cedula">8027462</SimpleData>
          </SchemaData>
        </ExtendedData>
        <Polygon>
          <outerBoundaryIs>
            <LinearRing>
              <coordinates>
                -55.6635127002613,-25.8194083996437,0
                -55.6643140003081,-25.8199012004715,0
                -55.6648417998206,-25.8194322999714,0
                -55.6639849000752,-25.8189484004712,0
                -55.6635127002613,-25.8194083996437,0
              </coordinates>
            </LinearRing>
          </outerBoundaryIs>
        </Polygon>
      </Placemark>
      <Placemark id="Lote_B.38">
        <ExtendedData>
          <SchemaData schemaUrl="#Lote_B.schema">
            <SimpleData name="Cédula">5451938.00000000000</SimpleData>
            <SimpleData name="Nombres_y_">DORA CHACHUGI</SimpleData>
            <SimpleData name="Sexo">Mujer</SimpleData>
            <SimpleData name="Cambio_de_">NO</SimpleData>
            <SimpleData name="Titular_se">NO</SimpleData>
            <SimpleData name="ci_UNIF">5451938.00000000000</SimpleData>
            <SimpleData name="Situación">NO</SimpleData>
            <SimpleData name="Comunidad">Ind?gena</SimpleData>
            <SimpleData name="Modelo_imp">Modelo 4</SimpleData>
            <SimpleData name="Departamen">CAAZAPA</SimpleData>
            <SimpleData name="Distrito">ABAI</SimpleData>
            <SimpleData name="Localidad">COM INDIG YPETIMI</SimpleData>
            <SimpleData name="Teléfono">0983161598</SimpleData>
            <SimpleData name="Vivienda_L">-25.94103750000</SimpleData>
            <SimpleData name="Vivienda_1">-55.70492160000</SimpleData>
            <SimpleData name="Superficie">0.70000000000</SimpleData>
            <SimpleData name="Situaci_1">Pol?gono</SimpleData>
            <SimpleData name="Plantado">SI</SimpleData>
            <SimpleData name="Fecha_Plan">2025/10/16</SimpleData>
            <SimpleData name="Jornales">0.00000000000</SimpleData>
            <SimpleData name="Monto">0.00000000000</SimpleData>
            <SimpleData name="Grupo_de_p">B-P1-XX-XX-XX</SimpleData>
            <SimpleData name="Estado_del">Activo</SimpleData>
            <SimpleData name="Empresa">Unique Wood Paraguay SA</SimpleData>
            <SimpleData name="Lote">B</SimpleData>
            <SimpleData name="Parametro">0.00000000000</SimpleData>
            <SimpleData name="Sup_SIG">0.76287823831</SimpleData>
            <SimpleData name="X">-55.73135536000</SimpleData>
            <SimpleData name="Y">-25.95725830000</SimpleData>
            <SimpleData name="cedula">5451938</SimpleData>
          </SchemaData>
        </ExtendedData>
        <Polygon>
          <outerBoundaryIs>
            <LinearRing>
              <coordinates>
                -55.7314447901604,-25.9567692931809,0
                -55.7307292589565,-25.956971407751,0
                -55.7307136678222,-25.9569758115133,0
                -55.7307143154291,-25.9569767010849,0
                -55.7308358803369,-25.9571440905496,0
                -55.7312768709061,-25.9577513095489,0
                -55.731909760592,-25.9576186103847,0
                -55.7319469703932,-25.9576108088118,0
                -55.7315325613527,-25.9568052644916,0
                -55.731528288083,-25.9567969551028,0
                -55.7315230775574,-25.956786826377,0
                -55.7315055066318,-25.956795925778,0
                -55.73148649562,-25.956757511604,0
                -55.7314623055987,-25.9567643446237,0
                -55.7314447901604,-25.9567692931809,0
              </coordinates>
            </LinearRing>
          </outerBoundaryIs>
        </Polygon>
      </Placemark>
      <Placemark id="Lote_B.39">
        <ExtendedData>
          <SchemaData schemaUrl="#Lote_B.schema">
            <SimpleData name="Cédula">5968756.00000000000</SimpleData>
            <SimpleData name="Nombres_y_">VICENTA KIMINAGI AQUINO KUAREGI</SimpleData>
            <SimpleData name="Sexo">Mujer</SimpleData>
            <SimpleData name="Cambio_de_">NO</SimpleData>
            <SimpleData name="Titular_se">NO</SimpleData>
            <SimpleData name="ci_UNIF">5968756.00000000000</SimpleData>
            <SimpleData name="Situación">NO</SimpleData>
            <SimpleData name="Comunidad">Ind?gena</SimpleData>
            <SimpleData name="Modelo_imp">Modelo 4</SimpleData>
            <SimpleData name="Departamen">CAAZAPA</SimpleData>
            <SimpleData name="Distrito">ABAI</SimpleData>
            <SimpleData name="Localidad">COM INDIG YPETIMI</SimpleData>
            <SimpleData name="Teléfono">0986785581</SimpleData>
            <SimpleData name="Vivienda_L">-25.94112000000</SimpleData>
            <SimpleData name="Vivienda_1">-55.70498130000</SimpleData>
            <SimpleData name="Superficie">0.70000000000</SimpleData>
            <SimpleData name="Situaci_1">Pol?gono</SimpleData>
            <SimpleData name="Plantado">SI</SimpleData>
            <SimpleData name="Fecha_Plan">2025/10/16</SimpleData>
            <SimpleData name="Jornales">0.00000000000</SimpleData>
            <SimpleData name="Monto">0.00000000000</SimpleData>
            <SimpleData name="Grupo_de_p">B-P1-XX-XX-XX</SimpleData>
            <SimpleData name="Estado_del">Activo</SimpleData>
            <SimpleData name="Empresa">Unique Wood Paraguay SA</SimpleData>
            <SimpleData name="Lote">B</SimpleData>
            <SimpleData name="Parametro">0.00000000000</SimpleData>
            <SimpleData name="Sup_SIG">0.74413779533</SimpleData>
            <SimpleData name="X">-55.73093183000</SimpleData>
            <SimpleData name="Y">-25.95643094000</SimpleData>
            <SimpleData name="cedula">5968756</SimpleData>
          </SchemaData>
        </ExtendedData>
        <Polygon>
          <outerBoundaryIs>
            <LinearRing>
              <coordinates>
                -55.7310256221273,-25.9559167546856,0
                -55.7304603676402,-25.956035130895,0
                -55.7306577547368,-25.9568390030157,0
                -55.7307125406435,-25.9569468245377,0
                -55.7314735691005,-25.9567467302209,0
                -55.7314545581063,-25.9567083160431,0
                -55.7314526441037,-25.9567044486003,0
                -55.7314707691294,-25.9566999297243,0
                -55.7314590059034,-25.9566769645863,0
                -55.7314527716386,-25.9566647936609,0
                -55.7310821040808,-25.9559411058385,0
                -55.7310688922717,-25.9559153110703,0
                -55.7310653677494,-25.9559084302262,0
                -55.7310593120233,-25.9559096980261,0
                -55.7310256221273,-25.9559167546856,0
              </coordinates>
            </LinearRing>
          </outerBoundaryIs>
        </Polygon>
      </Placemark>
      <Placemark id="Lote_B.40">
        <ExtendedData>
          <SchemaData schemaUrl="#Lote_B.schema">
            <SimpleData name="Cédula">6702535.00000000000</SimpleData>
            <SimpleData name="Nombres_y_">GERMINA NU?EZ ROMERO</SimpleData>
            <SimpleData name="Sexo">Mujer</SimpleData>
            <SimpleData name="Cambio_de_">NO</SimpleData>
            <SimpleData name="Titular_se">NO</SimpleData>
            <SimpleData name="ci_UNIF">6702535.00000000000</SimpleData>
            <SimpleData name="Situación">NO</SimpleData>
            <SimpleData name="Comunidad">Ind?gena</SimpleData>
            <SimpleData name="Modelo_imp">Modelo 5</SimpleData>
            <SimpleData name="Departamen">CAAZAPA</SimpleData>
            <SimpleData name="Distrito">ABAI</SimpleData>
            <SimpleData name="Localidad"><![CDATA[COM INDIG YPETI - NARA'I]]></SimpleData>
            <SimpleData name="Teléfono">ND</SimpleData>
            <SimpleData name="Vivienda_L">-25.80243190000</SimpleData>
            <SimpleData name="Vivienda_1">-55.58994060000</SimpleData>
            <SimpleData name="Superficie">0.70000000000</SimpleData>
            <SimpleData name="Situaci_1">Pol?gono</SimpleData>
            <SimpleData name="Plantado">SI</SimpleData>
            <SimpleData name="Fecha_Plan">2025/11/24</SimpleData>
            <SimpleData name="Jornales">0.00000000000</SimpleData>
            <SimpleData name="Monto">0.00000000000</SimpleData>
            <SimpleData name="Grupo_de_p">B-P1-XX-XX-XX</SimpleData>
            <SimpleData name="Estado_del">Activo</SimpleData>
            <SimpleData name="Empresa">Unique Wood Paraguay SA</SimpleData>
            <SimpleData name="Lote">B</SimpleData>
            <SimpleData name="Parametro">0.00000000000</SimpleData>
            <SimpleData name="Sup_SIG">0.70249618635</SimpleData>
            <SimpleData name="X">-55.59215187000</SimpleData>
            <SimpleData name="Y">-25.80194960000</SimpleData>
            <SimpleData name="cedula">6702535</SimpleData>
          </SchemaData>
        </ExtendedData>
        <Polygon>
          <outerBoundaryIs>
            <LinearRing>
              <coordinates>
                -55.5916736005205,-25.8017852992886,0
                -55.5918745003183,-25.8024778998653,0
                -55.5926728994394,-25.8021467006431,0
                -55.5923343002138,-25.8013782997908,0
                -55.5916736005205,-25.8017852992886,0
              </coordinates>
            </LinearRing>
          </outerBoundaryIs>
        </Polygon>
      </Placemark>
      <Placemark id="Lote_B.41">
        <ExtendedData>
          <SchemaData schemaUrl="#Lote_B.schema">
            <SimpleData name="Cédula">5699065.00000000000</SimpleData>
            <SimpleData name="Nombres_y_">ALICIA MBEPURANGI BRITEZ</SimpleData>
            <SimpleData name="Sexo">Mujer</SimpleData>
            <SimpleData name="Cambio_de_">NO</SimpleData>
            <SimpleData name="Titular_se">NO</SimpleData>
            <SimpleData name="ci_UNIF">5699065.00000000000</SimpleData>
            <SimpleData name="Situación">NO</SimpleData>
            <SimpleData name="Comunidad">Ind?gena</SimpleData>
            <SimpleData name="Modelo_imp">Modelo 4</SimpleData>
            <SimpleData name="Departamen">CAAZAPA</SimpleData>
            <SimpleData name="Distrito">ABAI</SimpleData>
            <SimpleData name="Localidad">COM INDIG YPETIMI</SimpleData>
            <SimpleData name="Teléfono">0986386819</SimpleData>
            <SimpleData name="Vivienda_L">-25.94114340000</SimpleData>
            <SimpleData name="Vivienda_1">-55.70487080000</SimpleData>
            <SimpleData name="Superficie">0.70000000000</SimpleData>
            <SimpleData name="Situaci_1">Pol?gono</SimpleData>
            <SimpleData name="Plantado">SI</SimpleData>
            <SimpleData name="Fecha_Plan">2025/09/25</SimpleData>
            <SimpleData name="Jornales">0.00000000000</SimpleData>
            <SimpleData name="Monto">0.00000000000</SimpleData>
            <SimpleData name="Grupo_de_p">B-P1-XX-XX-XX</SimpleData>
            <SimpleData name="Estado_del">Activo</SimpleData>
            <SimpleData name="Empresa">Unique Wood Paraguay SA</SimpleData>
            <SimpleData name="Lote">B</SimpleData>
            <SimpleData name="Parametro">0.00000000000</SimpleData>
            <SimpleData name="Sup_SIG">0.70175801567</SimpleData>
            <SimpleData name="X">-55.73334162000</SimpleData>
            <SimpleData name="Y">-25.95471891000</SimpleData>
            <SimpleData name="cedula">5699065</SimpleData>
          </SchemaData>
        </ExtendedData>
        <Polygon>
          <outerBoundaryIs>
            <LinearRing>
              <coordinates>
                -55.7335249520314,-25.9542367590828,0
                -55.7335263730891,-25.9542397518365,0
                -55.7335141311325,-25.9542417177088,0
                -55.7334994932089,-25.9542440680036,0
                -55.7334931136303,-25.9542450920137,0
                -55.7334884997652,-25.954245832624,0
                -55.7334857576575,-25.9542462727051,0
                -55.7328663504107,-25.95434573329,0
                -55.7328341613269,-25.9543509021107,0
                -55.7328337111481,-25.9543509740106,0
                -55.7328314682329,-25.9543513344825,0
                -55.7331192573893,-25.9551229893286,0
                -55.733126613305,-25.9551427142545,0
                -55.7331478607931,-25.9551996824992,0
                -55.733148413194,-25.9552011634999,0
                -55.7331487287021,-25.9552020104295,0
                -55.7331974151861,-25.9551935992848,0
                -55.7338411127165,-25.9550823951362,0
                -55.7338475672198,-25.9550812796761,0
                -55.7338546830724,-25.9550800508224,0
                -55.73368937801,-25.9546481917159,0
                -55.733582068155,-25.9543678421677,0
                -55.7335341046586,-25.9542436015237,0
                -55.733531502313,-25.9542368615215,0
                -55.7335306811984,-25.9542347335333,0
                -55.7335249520314,-25.9542367590828,0
              </coordinates>
            </LinearRing>
          </outerBoundaryIs>
        </Polygon>
      </Placemark>
      <Placemark id="Lote_B.42">
        <ExtendedData>
          <SchemaData schemaUrl="#Lote_B.schema">
            <SimpleData name="Cédula">6598293.00000000000</SimpleData>
            <SimpleData name="Nombres_y_">ROBERTO TUKAGI CHEYUGI</SimpleData>
            <SimpleData name="Sexo">Hombre</SimpleData>
            <SimpleData name="Cambio_de_">NO</SimpleData>
            <SimpleData name="Titular_se">NO</SimpleData>
            <SimpleData name="ci_UNIF">6598293.00000000000</SimpleData>
            <SimpleData name="Situación">NO</SimpleData>
            <SimpleData name="Comunidad">Ind?gena</SimpleData>
            <SimpleData name="Modelo_imp">Modelo 4</SimpleData>
            <SimpleData name="Departamen">CAAZAPA</SimpleData>
            <SimpleData name="Distrito">ABAI</SimpleData>
            <SimpleData name="Localidad">COM INDIG YPETIMI</SimpleData>
            <SimpleData name="Teléfono">0983569215</SimpleData>
            <SimpleData name="Vivienda_L">-25.94097870000</SimpleData>
            <SimpleData name="Vivienda_1">-55.70498860000</SimpleData>
            <SimpleData name="Superficie">0.70000000000</SimpleData>
            <SimpleData name="Situaci_1">Par?metro</SimpleData>
            <SimpleData name="Plantado">SI</SimpleData>
            <SimpleData name="Fecha_Plan">2025/11/28</SimpleData>
            <SimpleData name="Jornales">0.00000000000</SimpleData>
            <SimpleData name="Monto">0.00000000000</SimpleData>
            <SimpleData name="Grupo_de_p">B-P2-XX-XX-XX</SimpleData>
            <SimpleData name="Estado_del">Activo</SimpleData>
            <SimpleData name="Empresa">Unique Wood Paraguay SA</SimpleData>
            <SimpleData name="Lote">B</SimpleData>
            <SimpleData name="Parametro">0.00000000000</SimpleData>
            <SimpleData name="Sup_SIG">0.72437794352</SimpleData>
            <SimpleData name="X">-55.73614326000</SimpleData>
            <SimpleData name="Y">-25.95873178000</SimpleData>
            <SimpleData name="cedula">6598293</SimpleData>
          </SchemaData>
        </ExtendedData>
        <Polygon>
          <outerBoundaryIs>
            <LinearRing>
              <coordinates>
                -55.7359619100949,-25.9592265399227,0
                -55.7360359834402,-25.9592019861921,0
                -55.7367295001436,-25.9589721001373,0
                -55.7363380995064,-25.9582763001786,0
                -55.7355612523621,-25.95843605334,0
                -55.7359050358935,-25.9591009708573,0
                -55.7359135851526,-25.9591195576402,0
                -55.7359267002559,-25.9591449999404,0
                -55.7359483951206,-25.9591952427328,0
                -55.7359498709306,-25.9591984499188,0
                -55.7359619100949,-25.9592265399227,0
              </coordinates>
            </LinearRing>
          </outerBoundaryIs>
        </Polygon>
      </Placemark>
      <Placemark id="Lote_B.43">
        <ExtendedData>
          <SchemaData schemaUrl="#Lote_B.schema">
            <SimpleData name="Cédula">1338804.00000000000</SimpleData>
            <SimpleData name="Nombres_y_">RITA MORINIGO BAEZ</SimpleData>
            <SimpleData name="Sexo">Mujer</SimpleData>
            <SimpleData name="Cambio_de_">NO</SimpleData>
            <SimpleData name="Titular_se">NO</SimpleData>
            <SimpleData name="ci_UNIF">1338804.00000000000</SimpleData>
            <SimpleData name="Situación">NO</SimpleData>
            <SimpleData name="Comunidad">Campesina</SimpleData>
            <SimpleData name="Modelo_imp">Modelo 6</SimpleData>
            <SimpleData name="Departamen">GUAIRA</SimpleData>
            <SimpleData name="Distrito">PASO YOBAI</SimpleData>
            <SimpleData name="Localidad">SANTA MARIA</SimpleData>
            <SimpleData name="Teléfono">0981342922</SimpleData>
            <SimpleData name="Vivienda_L">-25.71872990000</SimpleData>
            <SimpleData name="Vivienda_1">-55.96843970000</SimpleData>
            <SimpleData name="Superficie">0.90000000000</SimpleData>
            <SimpleData name="Situaci_1">Pol?gono</SimpleData>
            <SimpleData name="Plantado">SI</SimpleData>
            <SimpleData name="Fecha_Plan">2025/10/14</SimpleData>
            <SimpleData name="Jornales">0.00000000000</SimpleData>
            <SimpleData name="Monto">0.00000000000</SimpleData>
            <SimpleData name="Grupo_de_p">B-P1-XX-XX-XX</SimpleData>
            <SimpleData name="Estado_del">Activo</SimpleData>
            <SimpleData name="Empresa">Unique Wood Paraguay SA</SimpleData>
            <SimpleData name="Lote">B</SimpleData>
            <SimpleData name="Parametro">0.00000000000</SimpleData>
            <SimpleData name="Sup_SIG">1.09067983291</SimpleData>
            <SimpleData name="X">-55.95942627000</SimpleData>
            <SimpleData name="Y">-25.71883300000</SimpleData>
            <SimpleData name="cedula">1338804</SimpleData>
          </SchemaData>
        </ExtendedData>
        <Polygon>
          <outerBoundaryIs>
            <LinearRing>
              <coordinates>
                -55.9585600000401,-25.7191049997434,0
                -55.960388300073,-25.7191217004649,0
                -55.9601799997389,-25.7185500001909,0
                -55.9585783001519,-25.7185300000603,0
                -55.9585600000401,-25.7191049997434,0
              </coordinates>
            </LinearRing>
          </outerBoundaryIs>
        </Polygon>
      </Placemark>
      <Placemark id="Lote_B.44">
        <ExtendedData>
          <SchemaData schemaUrl="#Lote_B.schema">
            <SimpleData name="Cédula">5599347.00000000000</SimpleData>
            <SimpleData name="Nombres_y_">ELVIO DOMINGUEZ NU?EZ</SimpleData>
            <SimpleData name="Sexo">Hombre</SimpleData>
            <SimpleData name="Cambio_de_">NO</SimpleData>
            <SimpleData name="Titular_se">NO</SimpleData>
            <SimpleData name="ci_UNIF">5599347.00000000000</SimpleData>
            <SimpleData name="Situación">NO</SimpleData>
            <SimpleData name="Comunidad">Ind?gena</SimpleData>
            <SimpleData name="Modelo_imp">Modelo 4</SimpleData>
            <SimpleData name="Departamen">CAAZAPA</SimpleData>
            <SimpleData name="Distrito">ABAI</SimpleData>
            <SimpleData name="Localidad"><![CDATA[COM INDIG YPETI - NARA'I]]></SimpleData>
            <SimpleData name="Teléfono">ND</SimpleData>
            <SimpleData name="Vivienda_L">-25.80732260000</SimpleData>
            <SimpleData name="Vivienda_1">-55.58196540000</SimpleData>
            <SimpleData name="Superficie">0.70000000000</SimpleData>
            <SimpleData name="Situaci_1">Pol?gono</SimpleData>
            <SimpleData name="Plantado">SI</SimpleData>
            <SimpleData name="Fecha_Plan">2025/11/12</SimpleData>
            <SimpleData name="Jornales">0.00000000000</SimpleData>
            <SimpleData name="Monto">0.00000000000</SimpleData>
            <SimpleData name="Grupo_de_p">B-P1-XX-XX-XX</SimpleData>
            <SimpleData name="Estado_del">Activo</SimpleData>
            <SimpleData name="Empresa">Unique Wood Paraguay SA</SimpleData>
            <SimpleData name="Lote">B</SimpleData>
            <SimpleData name="Parametro">0.00000000000</SimpleData>
            <SimpleData name="Sup_SIG">0.73977693990</SimpleData>
            <SimpleData name="X">-55.58924692000</SimpleData>
            <SimpleData name="Y">-25.79937404000</SimpleData>
            <SimpleData name="cedula">5599347</SimpleData>
          </SchemaData>
        </ExtendedData>
        <Polygon>
          <outerBoundaryIs>
            <LinearRing>
              <coordinates>
                -55.5889650000097,-25.7996682995028,0
                -55.5888783002063,-25.8004032995108,0
                -55.5897101547458,-25.7992348285422,0
                -55.589732600178,-25.7992032996866,0
                -55.5893183002307,-25.7987055148156,0
                -55.589149999699,-25.7985033006269,0
                -55.5889650000097,-25.7996682995028,0
              </coordinates>
            </LinearRing>
          </outerBoundaryIs>
        </Polygon>
      </Placemark>
      <Placemark id="Lote_B.45">
        <ExtendedData>
          <SchemaData schemaUrl="#Lote_B.schema">
            <SimpleData name="Cédula">4454522.00000000000</SimpleData>
            <SimpleData name="Nombres_y_">HIGINIO MBEPEGI</SimpleData>
            <SimpleData name="Sexo">Hombre</SimpleData>
            <SimpleData name="Cambio_de_">NO</SimpleData>
            <SimpleData name="Titular_se">NO</SimpleData>
            <SimpleData name="ci_UNIF">4454522.00000000000</SimpleData>
            <SimpleData name="Situación">NO</SimpleData>
            <SimpleData name="Comunidad">Ind?gena</SimpleData>
            <SimpleData name="Modelo_imp">Modelo 4</SimpleData>
            <SimpleData name="Departamen">CAAZAPA</SimpleData>
            <SimpleData name="Distrito">ABAI</SimpleData>
            <SimpleData name="Localidad">COM INDIG YPETIMI</SimpleData>
            <SimpleData name="Teléfono">0981254525</SimpleData>
            <SimpleData name="Vivienda_L">-25.94115170000</SimpleData>
            <SimpleData name="Vivienda_1">-55.70490520000</SimpleData>
            <SimpleData name="Superficie">0.70000000000</SimpleData>
            <SimpleData name="Situaci_1">Par?metro</SimpleData>
            <SimpleData name="Plantado">SI</SimpleData>
            <SimpleData name="Fecha_Plan">2025/11/28</SimpleData>
            <SimpleData name="Jornales">0.00000000000</SimpleData>
            <SimpleData name="Monto">0.00000000000</SimpleData>
            <SimpleData name="Grupo_de_p">B-P2-XX-XX-XX</SimpleData>
            <SimpleData name="Estado_del">Activo</SimpleData>
            <SimpleData name="Empresa">Unique Wood Paraguay SA</SimpleData>
            <SimpleData name="Lote">B</SimpleData>
            <SimpleData name="Parametro">0.00000000000</SimpleData>
            <SimpleData name="Sup_SIG">0.74597613021</SimpleData>
            <SimpleData name="X">-55.73659120000</SimpleData>
            <SimpleData name="Y">-25.95948854000</SimpleData>
            <SimpleData name="cedula">4454522</SimpleData>
          </SchemaData>
        </ExtendedData>
        <Polygon>
          <outerBoundaryIs>
            <LinearRing>
              <coordinates>
                -55.7360359834402,-25.9592019861921,0
                -55.736393122989,-25.9599808683078,0
                -55.7371624613662,-25.9597800946775,0
                -55.7371819830538,-25.9597750004229,0
                -55.7367257343489,-25.9589733719018,0
                -55.7360359834402,-25.9592019861921,0
              </coordinates>
            </LinearRing>
          </outerBoundaryIs>
        </Polygon>
      </Placemark>
      <Placemark id="Lote_B.46">
        <ExtendedData>
          <SchemaData schemaUrl="#Lote_B.schema">
            <SimpleData name="Cédula">8191690.00000000000</SimpleData>
            <SimpleData name="Nombres_y_">SILVINA MARTINEZ AQUINO</SimpleData>
            <SimpleData name="Sexo">Mujer</SimpleData>
            <SimpleData name="Cambio_de_">NO</SimpleData>
            <SimpleData name="Titular_se">NO</SimpleData>
            <SimpleData name="ci_UNIF">8191690.00000000000</SimpleData>
            <SimpleData name="Situación">NO</SimpleData>
            <SimpleData name="Comunidad">Ind?gena</SimpleData>
            <SimpleData name="Modelo_imp">Modelo 5</SimpleData>
            <SimpleData name="Departamen">GUAIRA</SimpleData>
            <SimpleData name="Distrito">PASO YOBAI</SimpleData>
            <SimpleData name="Localidad">COM INDIG ARROYO HU</SimpleData>
            <SimpleData name="Teléfono">0986182662</SimpleData>
            <SimpleData name="Vivienda_L">-25.67223170000</SimpleData>
            <SimpleData name="Vivienda_1">-55.99454730000</SimpleData>
            <SimpleData name="Superficie">0.70000000000</SimpleData>
            <SimpleData name="Situaci_1">Pol?gono</SimpleData>
            <SimpleData name="Plantado">SI</SimpleData>
            <SimpleData name="Fecha_Plan">2025/10/22</SimpleData>
            <SimpleData name="Jornales">0.00000000000</SimpleData>
            <SimpleData name="Monto">0.00000000000</SimpleData>
            <SimpleData name="Grupo_de_p">B-P1-XX-XX-XX</SimpleData>
            <SimpleData name="Estado_del">Activo</SimpleData>
            <SimpleData name="Empresa">Unique Wood Paraguay SA</SimpleData>
            <SimpleData name="Lote">B</SimpleData>
            <SimpleData name="Parametro">0.00000000000</SimpleData>
            <SimpleData name="Sup_SIG">0.88967736950</SimpleData>
            <SimpleData name="X">-55.99387185000</SimpleData>
            <SimpleData name="Y">-25.67234024000</SimpleData>
            <SimpleData name="cedula">8191690</SimpleData>
          </SchemaData>
        </ExtendedData>
        <Polygon>
          <outerBoundaryIs>
            <LinearRing>
              <coordinates>
                -55.9935618965499,-25.6718936449924,0
                -55.9936752001077,-25.6719764999523,0
                -55.9932801819765,-25.6724978836575,0
                -55.9932800001305,-25.6724982995608,0
                -55.9939800001846,-25.6729917002925,0
                -55.9944384999611,-25.6723616003357,0
                -55.9941555991957,-25.6721651006022,0
                -55.9942424998886,-25.6719315005803,0
                -55.9937382993414,-25.6716666995878,0
                -55.9935618965499,-25.6718936449924,0
              </coordinates>
            </LinearRing>
          </outerBoundaryIs>
        </Polygon>
      </Placemark>
      <Placemark id="Lote_B.47">
        <ExtendedData>
          <SchemaData schemaUrl="#Lote_B.schema">
            <SimpleData name="Cédula">5872307.00000000000</SimpleData>
            <SimpleData name="Nombres_y_">LIZ CARINA ROMERO CUBAS</SimpleData>
            <SimpleData name="Sexo">Mujer</SimpleData>
            <SimpleData name="Cambio_de_">NO</SimpleData>
            <SimpleData name="Titular_se">NO</SimpleData>
            <SimpleData name="ci_UNIF">5872307.00000000000</SimpleData>
            <SimpleData name="Situación">NO</SimpleData>
            <SimpleData name="Comunidad">Campesina</SimpleData>
            <SimpleData name="Modelo_imp">Modelo 5</SimpleData>
            <SimpleData name="Departamen">GUAIRA</SimpleData>
            <SimpleData name="Distrito">PASO YOBAI</SimpleData>
            <SimpleData name="Localidad">SAN JOSE</SimpleData>
            <SimpleData name="Teléfono">0991467878</SimpleData>
            <SimpleData name="Vivienda_L">-25.68844590000</SimpleData>
            <SimpleData name="Vivienda_1">-55.98940850000</SimpleData>
            <SimpleData name="Superficie">0.70000000000</SimpleData>
            <SimpleData name="Situaci_1">Pol?gono</SimpleData>
            <SimpleData name="Plantado">SI</SimpleData>
            <SimpleData name="Fecha_Plan">2025/10/16</SimpleData>
            <SimpleData name="Jornales">0.00000000000</SimpleData>
            <SimpleData name="Monto">0.00000000000</SimpleData>
            <SimpleData name="Grupo_de_p">B-P1-XX-XX-XX</SimpleData>
            <SimpleData name="Estado_del">Activo</SimpleData>
            <SimpleData name="Empresa">Unique Wood Paraguay SA</SimpleData>
            <SimpleData name="Lote">B</SimpleData>
            <SimpleData name="Parametro">0.00000000000</SimpleData>
            <SimpleData name="Sup_SIG">0.85854781307</SimpleData>
            <SimpleData name="X">-55.98405492000</SimpleData>
            <SimpleData name="Y">-25.68957254000</SimpleData>
            <SimpleData name="cedula">5872307</SimpleData>
          </SchemaData>
        </ExtendedData>
        <Polygon>
          <outerBoundaryIs>
            <LinearRing>
              <coordinates>
                -55.9833696003167,-25.6898307999915,0
                -55.9848224001976,-25.6898850996769,0
                -55.9845987998359,-25.6892904996407,0
                -55.9834272005802,-25.6892414998053,0
                -55.9833696003167,-25.6898307999915,0
              </coordinates>
            </LinearRing>
          </outerBoundaryIs>
        </Polygon>
      </Placemark>
      <Placemark id="Lote_B.48">
        <ExtendedData>
          <SchemaData schemaUrl="#Lote_B.schema">
            <SimpleData name="Cédula">5905430.00000000000</SimpleData>
            <SimpleData name="Nombres_y_">SONIA ELIZABETH QUINTANA GONZALEZ</SimpleData>
            <SimpleData name="Sexo">Mujer</SimpleData>
            <SimpleData name="Cambio_de_">NO</SimpleData>
            <SimpleData name="Titular_se">NO</SimpleData>
            <SimpleData name="ci_UNIF">5905430.00000000000</SimpleData>
            <SimpleData name="Situación">NO</SimpleData>
            <SimpleData name="Comunidad">Campesina</SimpleData>
            <SimpleData name="Modelo_imp">Modelo 4</SimpleData>
            <SimpleData name="Departamen">GUAIRA</SimpleData>
            <SimpleData name="Distrito">PASO YOBAI</SimpleData>
            <SimpleData name="Localidad">MANGRULLO</SimpleData>
            <SimpleData name="Teléfono">0985643563</SimpleData>
            <SimpleData name="Vivienda_L">-25.81965140000</SimpleData>
            <SimpleData name="Vivienda_1">-55.91822860000</SimpleData>
            <SimpleData name="Superficie">0.70000000000</SimpleData>
            <SimpleData name="Situaci_1">Pol?gono</SimpleData>
            <SimpleData name="Plantado">SI</SimpleData>
            <SimpleData name="Fecha_Plan">2025/10/25</SimpleData>
            <SimpleData name="Jornales">0.00000000000</SimpleData>
            <SimpleData name="Monto">0.00000000000</SimpleData>
            <SimpleData name="Grupo_de_p">B-P1-XX-XX-XX</SimpleData>
            <SimpleData name="Estado_del">Activo</SimpleData>
            <SimpleData name="Empresa">Unique Wood Paraguay SA</SimpleData>
            <SimpleData name="Lote">B</SimpleData>
            <SimpleData name="Parametro">0.00000000000</SimpleData>
            <SimpleData name="Sup_SIG">0.97938818545</SimpleData>
            <SimpleData name="X">-55.91779292000</SimpleData>
            <SimpleData name="Y">-25.82369042000</SimpleData>
            <SimpleData name="cedula">5905430</SimpleData>
          </SchemaData>
        </ExtendedData>
        <Polygon>
          <outerBoundaryIs>
            <LinearRing>
              <coordinates>
                -55.9168443997729,-25.8236845002464,0
                -55.9180075002322,-25.8242091001162,0
                -55.9185630998163,-25.8236681995683,0
                -55.9179316996142,-25.8231832996524,0
                -55.9168443997729,-25.8236845002464,0
              </coordinates>
            </LinearRing>
          </outerBoundaryIs>
        </Polygon>
      </Placemark>
      <Placemark id="Lote_B.49">
        <ExtendedData>
          <SchemaData schemaUrl="#Lote_B.schema">
            <SimpleData name="Cédula">6860006.00000000000</SimpleData>
            <SimpleData name="Nombres_y_">MIRTA CENTURION NU?EZ</SimpleData>
            <SimpleData name="Sexo">Mujer</SimpleData>
            <SimpleData name="Cambio_de_">NO</SimpleData>
            <SimpleData name="Titular_se">NO</SimpleData>
            <SimpleData name="ci_UNIF">6860006.00000000000</SimpleData>
            <SimpleData name="Situación">NO</SimpleData>
            <SimpleData name="Comunidad">Ind?gena</SimpleData>
            <SimpleData name="Modelo_imp">Modelo 5</SimpleData>
            <SimpleData name="Departamen">CAAZAPA</SimpleData>
            <SimpleData name="Distrito">ABAI</SimpleData>
            <SimpleData name="Localidad">COM INDIG YTU</SimpleData>
            <SimpleData name="Teléfono">0985886181</SimpleData>
            <SimpleData name="Vivienda_L">-25.78487520000</SimpleData>
            <SimpleData name="Vivienda_1">-55.59946820000</SimpleData>
            <SimpleData name="Superficie">0.70000000000</SimpleData>
            <SimpleData name="Situaci_1">Par?metro</SimpleData>
            <SimpleData name="Plantado">SI</SimpleData>
            <SimpleData name="Fecha_Plan">2026/01/14</SimpleData>
            <SimpleData name="Jornales">0.00000000000</SimpleData>
            <SimpleData name="Monto">0.00000000000</SimpleData>
            <SimpleData name="Grupo_de_p">B-P3-XX-XX-XX</SimpleData>
            <SimpleData name="Estado_del">Activo</SimpleData>
            <SimpleData name="Empresa">Unique Wood Paraguay SA</SimpleData>
            <SimpleData name="Lote">B</SimpleData>
            <SimpleData name="Parametro">0.00000000000</SimpleData>
            <SimpleData name="Sup_SIG">0.70473597240</SimpleData>
            <SimpleData name="X">-55.59912503000</SimpleData>
            <SimpleData name="Y">-25.78578968000</SimpleData>
            <SimpleData name="cedula">6860006</SimpleData>
          </SchemaData>
        </ExtendedData>
        <MultiGeometry>
          <Polygon>
            <outerBoundaryIs>
              <LinearRing>
                <coordinates>
                  -55.5979796997498,-25.7866668998421,0
                  -55.5994315995776,-25.7857449998441,0
                  -55.5993289000901,-25.7855284000562,0
                  -55.5978484002359,-25.7864369998928,0
                  -55.5979796997498,-25.7866668998421,0
                </coordinates>
              </LinearRing>
            </outerBoundaryIs>
          </Polygon>
          <Polygon>
            <outerBoundaryIs>
              <LinearRing>
                <coordinates>
                  -55.6000433003753,-25.7853349998151,0
                  -55.5998297000702,-25.785128000028,0
                  -55.5996499997492,-25.7852683001103,0
                  -55.5998119995988,-25.7854863002592,0
                  -55.6000433003753,-25.7853349998151,0
                </coordinates>
              </LinearRing>
            </outerBoundaryIs>
          </Polygon>
          <Polygon>
            <outerBoundaryIs>
              <LinearRing>
                <coordinates>
                  -55.6006751000328,-25.784956699679,0
                  -55.6005465997366,-25.7847467998555,0
                  -55.6000803536663,-25.7850790958681,0
                  -55.6002269000223,-25.7852462999966,0
                  -55.6006751000328,-25.784956699679,0
                </coordinates>
              </LinearRing>
            </outerBoundaryIs>
          </Polygon>
        </MultiGeometry>
      </Placemark>
      <Placemark id="Lote_B.50">
        <ExtendedData>
          <SchemaData schemaUrl="#Lote_B.schema">
            <SimpleData name="Cédula">6779200.00000000000</SimpleData>
            <SimpleData name="Nombres_y_">SILVIO CABRAL FARI?A</SimpleData>
            <SimpleData name="Sexo">Hombre</SimpleData>
            <SimpleData name="Cambio_de_">NO</SimpleData>
            <SimpleData name="Titular_se">NO</SimpleData>
            <SimpleData name="ci_UNIF">6779200.00000000000</SimpleData>
            <SimpleData name="Situación">NO</SimpleData>
            <SimpleData name="Comunidad">Ind?gena</SimpleData>
            <SimpleData name="Modelo_imp">Modelo 5</SimpleData>
            <SimpleData name="Departamen">CAAZAPA</SimpleData>
            <SimpleData name="Distrito">ABAI</SimpleData>
            <SimpleData name="Localidad"><![CDATA[COM INDIG YPETI - NARA'I]]></SimpleData>
            <SimpleData name="Teléfono">0986218071</SimpleData>
            <SimpleData name="Vivienda_L">-25.80379450000</SimpleData>
            <SimpleData name="Vivienda_1">-55.59688850000</SimpleData>
            <SimpleData name="Superficie">0.70000000000</SimpleData>
            <SimpleData name="Situaci_1">Pol?gono</SimpleData>
            <SimpleData name="Plantado">SI</SimpleData>
            <SimpleData name="Fecha_Plan">2025/11/28</SimpleData>
            <SimpleData name="Jornales">0.00000000000</SimpleData>
            <SimpleData name="Monto">0.00000000000</SimpleData>
            <SimpleData name="Grupo_de_p">B-P1-XX-XX-XX</SimpleData>
            <SimpleData name="Estado_del">Activo</SimpleData>
            <SimpleData name="Empresa">Unique Wood Paraguay SA</SimpleData>
            <SimpleData name="Lote">B</SimpleData>
            <SimpleData name="Parametro">0.00000000000</SimpleData>
            <SimpleData name="Sup_SIG">0.75341376233</SimpleData>
            <SimpleData name="X">-55.58735855000</SimpleData>
            <SimpleData name="Y">-25.80881920000</SimpleData>
            <SimpleData name="cedula">6779200</SimpleData>
          </SchemaData>
        </ExtendedData>
        <Polygon>
          <outerBoundaryIs>
            <LinearRing>
              <coordinates>
                -55.5867183008921,-25.8088334994776,0
                -55.5869302001934,-25.8093688001316,0
                -55.5880505005043,-25.8087489004692,0
                -55.5877468999213,-25.8082984999127,0
                -55.5867183008921,-25.8088334994776,0
              </coordinates>
            </LinearRing>
          </outerBoundaryIs>
        </Polygon>
      </Placemark>
      <Placemark id="Lote_B.51">
        <ExtendedData>
          <SchemaData schemaUrl="#Lote_B.schema">
            <SimpleData name="Cédula">7242335.00000000000</SimpleData>
            <SimpleData name="Nombres_y_">RAQUEL CHIVURAGI</SimpleData>
            <SimpleData name="Sexo">Mujer</SimpleData>
            <SimpleData name="Cambio_de_">NO</SimpleData>
            <SimpleData name="Titular_se">NO</SimpleData>
            <SimpleData name="ci_UNIF">7242335.00000000000</SimpleData>
            <SimpleData name="Situación">NO</SimpleData>
            <SimpleData name="Comunidad">Ind?gena</SimpleData>
            <SimpleData name="Modelo_imp">Modelo 4</SimpleData>
            <SimpleData name="Departamen">CAAZAPA</SimpleData>
            <SimpleData name="Distrito">ABAI</SimpleData>
            <SimpleData name="Localidad">COM INDIG YPETIMI</SimpleData>
            <SimpleData name="Teléfono">0984947310</SimpleData>
            <SimpleData name="Vivienda_L">-25.94109310000</SimpleData>
            <SimpleData name="Vivienda_1">-55.70499740000</SimpleData>
            <SimpleData name="Superficie">0.70000000000</SimpleData>
            <SimpleData name="Situaci_1">Pol?gono</SimpleData>
            <SimpleData name="Plantado">SI</SimpleData>
            <SimpleData name="Fecha_Plan">2025/10/23</SimpleData>
            <SimpleData name="Jornales">0.00000000000</SimpleData>
            <SimpleData name="Monto">0.00000000000</SimpleData>
            <SimpleData name="Grupo_de_p">B-P1-XX-XX-XX</SimpleData>
            <SimpleData name="Estado_del">Activo</SimpleData>
            <SimpleData name="Empresa">Unique Wood Paraguay SA</SimpleData>
            <SimpleData name="Lote">B</SimpleData>
            <SimpleData name="Parametro">0.00000000000</SimpleData>
            <SimpleData name="Sup_SIG">0.70980220145</SimpleData>
            <SimpleData name="X">-55.72382438000</SimpleData>
            <SimpleData name="Y">-25.95484943000</SimpleData>
            <SimpleData name="cedula">7242335</SimpleData>
          </SchemaData>
        </ExtendedData>
        <Polygon>
          <outerBoundaryIs>
            <LinearRing>
              <coordinates>
                -55.7242942069357,-25.9552221016262,0
                -55.7241524943025,-25.9549071116241,0
                -55.7241403922214,-25.954875616405,0
                -55.7241346695094,-25.954860724884,0
                -55.7241237506192,-25.9548323106918,0
                -55.7241175606604,-25.9548162025217,0
                -55.7238112812915,-25.9540191481721,0
                -55.7238091927558,-25.9540137117446,0
                -55.7236083928219,-25.9542611118833,0
                -55.7234934943974,-25.9554645122942,0
                -55.7238436501542,-25.9553585047175,0
                -55.7241649437703,-25.9552612352576,0
                -55.7242942069357,-25.9552221016262,0
              </coordinates>
            </LinearRing>
          </outerBoundaryIs>
        </Polygon>
      </Placemark>
      <Placemark id="Lote_B.52">
        <ExtendedData>
          <SchemaData schemaUrl="#Lote_B.schema">
            <SimpleData name="Cédula">3592743.00000000000</SimpleData>
            <SimpleData name="Nombres_y_">ELADIO VELASQUEZ LOPEZ</SimpleData>
            <SimpleData name="Sexo">Hombre</SimpleData>
            <SimpleData name="Cambio_de_">NO</SimpleData>
            <SimpleData name="Titular_se">NO</SimpleData>
            <SimpleData name="ci_UNIF">3592743.00000000000</SimpleData>
            <SimpleData name="Situación">NO</SimpleData>
            <SimpleData name="Comunidad">Ind?gena</SimpleData>
            <SimpleData name="Modelo_imp">Modelo 4</SimpleData>
            <SimpleData name="Departamen">CAAZAPA</SimpleData>
            <SimpleData name="Distrito">ABAI</SimpleData>
            <SimpleData name="Localidad">COM INDIG YPETIMI</SimpleData>
            <SimpleData name="Teléfono">0985670843</SimpleData>
            <SimpleData name="Vivienda_L">-25.94106990000</SimpleData>
            <SimpleData name="Vivienda_1">-55.70502110000</SimpleData>
            <SimpleData name="Superficie">0.70000000000</SimpleData>
            <SimpleData name="Situaci_1">Pol?gono</SimpleData>
            <SimpleData name="Plantado">SI</SimpleData>
            <SimpleData name="Fecha_Plan">2025/09/23</SimpleData>
            <SimpleData name="Jornales">0.00000000000</SimpleData>
            <SimpleData name="Monto">0.00000000000</SimpleData>
            <SimpleData name="Grupo_de_p">B-P1-XX-XX-XX</SimpleData>
            <SimpleData name="Estado_del">Activo</SimpleData>
            <SimpleData name="Empresa">Unique Wood Paraguay SA</SimpleData>
            <SimpleData name="Lote">B</SimpleData>
            <SimpleData name="Parametro">0.00000000000</SimpleData>
            <SimpleData name="Sup_SIG">0.70858094889</SimpleData>
            <SimpleData name="X">-55.73114805000</SimpleData>
            <SimpleData name="Y">-25.95330111000</SimpleData>
            <SimpleData name="cedula">3592743</SimpleData>
          </SchemaData>
        </ExtendedData>
        <Polygon>
          <outerBoundaryIs>
            <LinearRing>
              <coordinates>
                -55.7306729074988,-25.9530200623242,0
                -55.7310284549815,-25.9538813183467,0
                -55.731031117222,-25.953887767293,0
                -55.7310331311798,-25.9538926459111,0
                -55.7310561514998,-25.9538897869892,0
                -55.7310825418724,-25.9538865088798,0
                -55.731106718204,-25.9538835065956,0
                -55.7311065239215,-25.9538832773737,0
                -55.7311369306752,-25.9538796561569,0
                -55.7311559548938,-25.9538773905854,0
                -55.7312871889628,-25.9537715487341,0
                -55.7313228667465,-25.953742774097,0
                -55.7313769532446,-25.9537139016265,0
                -55.7315998894881,-25.9535341011634,0
                -55.731634207024,-25.9535215297938,0
                -55.7316249384633,-25.9534991508051,0
                -55.7316225529712,-25.9535010746564,0
                -55.7316146973608,-25.9535074106897,0
                -55.7312540065558,-25.9527002605065,0
                -55.7306729074988,-25.9530200623242,0
              </coordinates>
            </LinearRing>
          </outerBoundaryIs>
        </Polygon>
      </Placemark>
      <Placemark id="Lote_B.53">
        <ExtendedData>
          <SchemaData schemaUrl="#Lote_B.schema">
            <SimpleData name="Cédula">5451976.00000000000</SimpleData>
            <SimpleData name="Nombres_y_">LIZA KUICHAGI</SimpleData>
            <SimpleData name="Sexo">Mujer</SimpleData>
            <SimpleData name="Cambio_de_">NO</SimpleData>
            <SimpleData name="Titular_se">NO</SimpleData>
            <SimpleData name="ci_UNIF">5451976.00000000000</SimpleData>
            <SimpleData name="Situación">NO</SimpleData>
            <SimpleData name="Comunidad">Ind?gena</SimpleData>
            <SimpleData name="Modelo_imp">Modelo 4</SimpleData>
            <SimpleData name="Departamen">CAAZAPA</SimpleData>
            <SimpleData name="Distrito">ABAI</SimpleData>
            <SimpleData name="Localidad">COM INDIG YPETIMI</SimpleData>
            <SimpleData name="Teléfono">0985855684</SimpleData>
            <SimpleData name="Vivienda_L">-25.94116060000</SimpleData>
            <SimpleData name="Vivienda_1">-55.70492670000</SimpleData>
            <SimpleData name="Superficie">0.70000000000</SimpleData>
            <SimpleData name="Situaci_1">Pol?gono</SimpleData>
            <SimpleData name="Plantado">SI</SimpleData>
            <SimpleData name="Fecha_Plan">2025/10/16</SimpleData>
            <SimpleData name="Jornales">0.00000000000</SimpleData>
            <SimpleData name="Monto">0.00000000000</SimpleData>
            <SimpleData name="Grupo_de_p">B-P1-XX-XX-XX</SimpleData>
            <SimpleData name="Estado_del">Activo</SimpleData>
            <SimpleData name="Empresa">Unique Wood Paraguay SA</SimpleData>
            <SimpleData name="Lote">B</SimpleData>
            <SimpleData name="Parametro">0.00000000000</SimpleData>
            <SimpleData name="Sup_SIG">0.75143559346</SimpleData>
            <SimpleData name="X">-55.72985493000</SimpleData>
            <SimpleData name="Y">-25.95381243000</SimpleData>
            <SimpleData name="cedula">5451976</SimpleData>
          </SchemaData>
        </ExtendedData>
        <Polygon>
          <outerBoundaryIs>
            <LinearRing>
              <coordinates>
                -55.7293167131048,-25.9534394665134,0
                -55.7293370500132,-25.9534896134397,0
                -55.7296607235758,-25.9542877279874,0
                -55.7296352786224,-25.9542927936538,0
                -55.7296417342315,-25.9543100866791,0
                -55.7296467550553,-25.9543235354034,0
                -55.729656199697,-25.9543488322706,0
                -55.7297549175321,-25.954320200331,0
                -55.7303372396444,-25.9541513027198,0
                -55.7303845617406,-25.9541375780873,0
                -55.7303678910083,-25.9540952911899,0
                -55.7303672240691,-25.9540935988102,0
                -55.7303643958651,-25.9540864252113,0
                -55.7300602902278,-25.9533150032591,0
                -55.7299697507224,-25.9533406347605,0
                -55.7293167131048,-25.9534394665134,0
              </coordinates>
            </LinearRing>
          </outerBoundaryIs>
        </Polygon>
      </Placemark>
      <Placemark id="Lote_B.54">
        <ExtendedData>
          <SchemaData schemaUrl="#Lote_B.schema">
            <SimpleData name="Cédula">5921499.00000000000</SimpleData>
            <SimpleData name="Nombres_y_">ESTELVINA MENDOZA CENTURION</SimpleData>
            <SimpleData name="Sexo">Mujer</SimpleData>
            <SimpleData name="Cambio_de_">NO</SimpleData>
            <SimpleData name="Titular_se">NO</SimpleData>
            <SimpleData name="ci_UNIF">5921499.00000000000</SimpleData>
            <SimpleData name="Situación">NO</SimpleData>
            <SimpleData name="Comunidad">Ind?gena</SimpleData>
            <SimpleData name="Modelo_imp">Modelo 4</SimpleData>
            <SimpleData name="Departamen">CAAZAPA</SimpleData>
            <SimpleData name="Distrito">ABAI</SimpleData>
            <SimpleData name="Localidad"><![CDATA[COM INDIG ?U APU'A]]></SimpleData>
            <SimpleData name="Teléfono">0982290685</SimpleData>
            <SimpleData name="Vivienda_L">-25.81480930000</SimpleData>
            <SimpleData name="Vivienda_1">-55.81162140000</SimpleData>
            <SimpleData name="Superficie">0.70000000000</SimpleData>
            <SimpleData name="Situaci_1">Par?metro</SimpleData>
            <SimpleData name="Plantado">SI</SimpleData>
            <SimpleData name="Fecha_Plan">2025/11/29</SimpleData>
            <SimpleData name="Jornales">0.00000000000</SimpleData>
            <SimpleData name="Monto">0.00000000000</SimpleData>
            <SimpleData name="Grupo_de_p">B-P2-XX-XX-XX</SimpleData>
            <SimpleData name="Estado_del">Activo</SimpleData>
            <SimpleData name="Empresa">Unique Wood Paraguay SA</SimpleData>
            <SimpleData name="Lote">B</SimpleData>
            <SimpleData name="Parametro">0.00000000000</SimpleData>
            <SimpleData name="Sup_SIG">0.71911491456</SimpleData>
            <SimpleData name="X">-55.80664776000</SimpleData>
            <SimpleData name="Y">-25.80360463000</SimpleData>
            <SimpleData name="cedula">5921499</SimpleData>
          </SchemaData>
        </ExtendedData>
        <Polygon>
          <outerBoundaryIs>
            <LinearRing>
              <coordinates>
                -55.8064596170584,-25.8041265969003,0
                -55.8068100000319,-25.8042167000099,0
                -55.8068085794226,-25.8042274805713,0
                -55.8068633001826,-25.8042433004195,0
                -55.806975899625,-25.8030856998098,0
                -55.8065572998756,-25.8028945999628,0
                -55.8062340998549,-25.8040613996586,0
                -55.8064596170584,-25.8041265969003,0
              </coordinates>
            </LinearRing>
          </outerBoundaryIs>
        </Polygon>
      </Placemark>
      <Placemark id="Lote_B.55">
        <ExtendedData>
          <SchemaData schemaUrl="#Lote_B.schema">
            <SimpleData name="Cédula">5836219.00000000000</SimpleData>
            <SimpleData name="Nombres_y_">VICENTE PARAGUI DUARTE</SimpleData>
            <SimpleData name="Sexo">Hombre</SimpleData>
            <SimpleData name="Cambio_de_">NO</SimpleData>
            <SimpleData name="Titular_se">NO</SimpleData>
            <SimpleData name="ci_UNIF">5836219.00000000000</SimpleData>
            <SimpleData name="Situación">NO</SimpleData>
            <SimpleData name="Comunidad">Ind?gena</SimpleData>
            <SimpleData name="Modelo_imp">Modelo 4</SimpleData>
            <SimpleData name="Departamen">CAAZAPA</SimpleData>
            <SimpleData name="Distrito">ABAI</SimpleData>
            <SimpleData name="Localidad">COM INDIG YPETIMI</SimpleData>
            <SimpleData name="Teléfono">0984091072</SimpleData>
            <SimpleData name="Vivienda_L">-25.94137660000</SimpleData>
            <SimpleData name="Vivienda_1">-55.70488600000</SimpleData>
            <SimpleData name="Superficie">0.70000000000</SimpleData>
            <SimpleData name="Situaci_1">Pol?gono</SimpleData>
            <SimpleData name="Plantado">SI</SimpleData>
            <SimpleData name="Fecha_Plan">2025/09/23</SimpleData>
            <SimpleData name="Jornales">0.00000000000</SimpleData>
            <SimpleData name="Monto">0.00000000000</SimpleData>
            <SimpleData name="Grupo_de_p">B-P1-XX-XX-XX</SimpleData>
            <SimpleData name="Estado_del">Activo</SimpleData>
            <SimpleData name="Empresa">Unique Wood Paraguay SA</SimpleData>
            <SimpleData name="Lote">B</SimpleData>
            <SimpleData name="Parametro">0.00000000000</SimpleData>
            <SimpleData name="Sup_SIG">0.73198071133</SimpleData>
            <SimpleData name="X">-55.73055290000</SimpleData>
            <SimpleData name="Y">-25.95361330000</SimpleData>
            <SimpleData name="cedula">5836219</SimpleData>
          </SchemaData>
        </ExtendedData>
        <Polygon>
          <outerBoundaryIs>
            <LinearRing>
              <coordinates>
                -55.7300602902278,-25.9533150032591,0
                -55.7303643958651,-25.9540864252113,0
                -55.7303672240691,-25.9540935988102,0
                -55.7303678910083,-25.9540952911899,0
                -55.7303845617406,-25.9541375780873,0
                -55.730390532165,-25.9541527234523,0
                -55.7303919321667,-25.9541562749165,0
                -55.7303954904884,-25.9541653030594,0
                -55.7304430727938,-25.9541501307058,0
                -55.7305574829473,-25.9541136473499,0
                -55.7310596906908,-25.9539535026375,0
                -55.7310412035527,-25.9539122011568,0
                -55.731039613773,-25.9539086507436,0
                -55.7310397385965,-25.9539086518376,0
                -55.7310336451427,-25.9538938900345,0
                -55.7310331311798,-25.9538926459111,0
                -55.731031117222,-25.953887767293,0
                -55.7310284549815,-25.9538813183467,0
                -55.7306729074988,-25.9530200623242,0
                -55.7300695174748,-25.953311423116,0
                -55.7300602902278,-25.9533150032591,0
              </coordinates>
            </LinearRing>
          </outerBoundaryIs>
        </Polygon>
      </Placemark>
      <Placemark id="Lote_B.56">
        <ExtendedData>
          <SchemaData schemaUrl="#Lote_B.schema">
            <SimpleData name="Cédula">5451957.00000000000</SimpleData>
            <SimpleData name="Nombres_y_">ISAAC VYECHEGI</SimpleData>
            <SimpleData name="Sexo">Hombre</SimpleData>
            <SimpleData name="Cambio_de_">NO</SimpleData>
            <SimpleData name="Titular_se">NO</SimpleData>
            <SimpleData name="ci_UNIF">5451957.00000000000</SimpleData>
            <SimpleData name="Situación">NO</SimpleData>
            <SimpleData name="Comunidad">Ind?gena</SimpleData>
            <SimpleData name="Modelo_imp">Modelo 4</SimpleData>
            <SimpleData name="Departamen">CAAZAPA</SimpleData>
            <SimpleData name="Distrito">ABAI</SimpleData>
            <SimpleData name="Localidad">COM INDIG YPETIMI</SimpleData>
            <SimpleData name="Teléfono">0986626358</SimpleData>
            <SimpleData name="Vivienda_L">-25.94106970000</SimpleData>
            <SimpleData name="Vivienda_1">-55.70494670000</SimpleData>
            <SimpleData name="Superficie">0.70000000000</SimpleData>
            <SimpleData name="Situaci_1">Par?metro</SimpleData>
            <SimpleData name="Plantado">SI</SimpleData>
            <SimpleData name="Fecha_Plan">2025/11/28</SimpleData>
            <SimpleData name="Jornales">0.00000000000</SimpleData>
            <SimpleData name="Monto">0.00000000000</SimpleData>
            <SimpleData name="Grupo_de_p">B-P2-XX-XX-XX</SimpleData>
            <SimpleData name="Estado_del">Activo</SimpleData>
            <SimpleData name="Empresa">Unique Wood Paraguay SA</SimpleData>
            <SimpleData name="Lote">B</SimpleData>
            <SimpleData name="Parametro">0.00000000000</SimpleData>
            <SimpleData name="Sup_SIG">0.77264737540</SimpleData>
            <SimpleData name="X">-55.73674752000</SimpleData>
            <SimpleData name="Y">-25.96130559000</SimpleData>
            <SimpleData name="cedula">5451957</SimpleData>
          </SchemaData>
        </ExtendedData>
        <Polygon>
          <outerBoundaryIs>
            <LinearRing>
              <coordinates>
                -55.7360368585112,-25.960952548552,0
                -55.736043493344,-25.9609611312351,0
                -55.7360451976081,-25.9609633364406,0
                -55.7366132995749,-25.9616982995679,0
                -55.7366018260736,-25.961699222366,0
                -55.7366749997777,-25.9617900001724,0
                -55.7374932999101,-25.9615449999486,0
                -55.7367582997861,-25.9608633004192,0
                -55.7367232485647,-25.9608676361214,0
                -55.7364515562271,-25.9609012472846,0
                -55.7361923705687,-25.9609333103823,0
                -55.7360368585112,-25.960952548552,0
              </coordinates>
            </LinearRing>
          </outerBoundaryIs>
        </Polygon>
      </Placemark>
      <Placemark id="Lote_B.57">
        <ExtendedData>
          <SchemaData schemaUrl="#Lote_B.schema">
            <SimpleData name="Cédula">7162930.00000000000</SimpleData>
            <SimpleData name="Nombres_y_">FIDELINA BARRIOS MEDINA</SimpleData>
            <SimpleData name="Sexo">Mujer</SimpleData>
            <SimpleData name="Cambio_de_">NO</SimpleData>
            <SimpleData name="Titular_se">NO</SimpleData>
            <SimpleData name="ci_UNIF">7162930.00000000000</SimpleData>
            <SimpleData name="Situación">NO</SimpleData>
            <SimpleData name="Comunidad">Ind?gena</SimpleData>
            <SimpleData name="Modelo_imp">Modelo 6</SimpleData>
            <SimpleData name="Departamen">GUAIRA</SimpleData>
            <SimpleData name="Distrito">PASO YOBAI</SimpleData>
            <SimpleData name="Localidad">COM INDIG SANTA TERESITA</SimpleData>
            <SimpleData name="Teléfono">0982270620</SimpleData>
            <SimpleData name="Vivienda_L">-25.69782430000</SimpleData>
            <SimpleData name="Vivienda_1">-55.89636950000</SimpleData>
            <SimpleData name="Superficie">0.90000000000</SimpleData>
            <SimpleData name="Situaci_1">Pol?gono</SimpleData>
            <SimpleData name="Plantado">SI</SimpleData>
            <SimpleData name="Fecha_Plan">2025/10/08</SimpleData>
            <SimpleData name="Jornales">0.00000000000</SimpleData>
            <SimpleData name="Monto">0.00000000000</SimpleData>
            <SimpleData name="Grupo_de_p">B-P1-XX-XX-XX</SimpleData>
            <SimpleData name="Estado_del">Activo</SimpleData>
            <SimpleData name="Empresa">Unique Wood Paraguay SA</SimpleData>
            <SimpleData name="Lote">B</SimpleData>
            <SimpleData name="Parametro">0.00000000000</SimpleData>
            <SimpleData name="Sup_SIG">1.05360246093</SimpleData>
            <SimpleData name="X">-55.89656162000</SimpleData>
            <SimpleData name="Y">-25.69133252000</SimpleData>
            <SimpleData name="cedula">7162930</SimpleData>
          </SchemaData>
        </ExtendedData>
        <MultiGeometry>
          <Polygon>
            <outerBoundaryIs>
              <LinearRing>
                <coordinates>
                  -55.8969478005225,-25.6942425000689,0
                  -55.8969004000161,-25.6938671999231,0
                  -55.8961120995794,-25.6937716998321,0
                  -55.8961117004556,-25.6941482997351,0
                  -55.8969478005225,-25.6942425000689,0
                </coordinates>
              </LinearRing>
            </outerBoundaryIs>
          </Polygon>
          <Polygon>
            <outerBoundaryIs>
              <LinearRing>
                <coordinates>
                  -55.896660099628,-25.6918071997693,0
                  -55.8969351997562,-25.6916951002499,0
                  -55.8969286005477,-25.6908909998061,0
                  -55.8962109997375,-25.6908921999119,0
                  -55.8961763996057,-25.6917359001863,0
                  -55.896660099628,-25.6918071997693,0
                </coordinates>
              </LinearRing>
            </outerBoundaryIs>
          </Polygon>
        </MultiGeometry>
      </Placemark>
      <Placemark id="Lote_B.58">
        <ExtendedData>
          <SchemaData schemaUrl="#Lote_B.schema">
            <SimpleData name="Cédula">8302642.00000000000</SimpleData>
            <SimpleData name="Nombres_y_">FAUSTINO CABRAL NU?EZ</SimpleData>
            <SimpleData name="Sexo">Hombre</SimpleData>
            <SimpleData name="Cambio_de_">NO</SimpleData>
            <SimpleData name="Titular_se">NO</SimpleData>
            <SimpleData name="ci_UNIF">8302642.00000000000</SimpleData>
            <SimpleData name="Situación">NO</SimpleData>
            <SimpleData name="Comunidad">Ind?gena</SimpleData>
            <SimpleData name="Modelo_imp">Modelo 4</SimpleData>
            <SimpleData name="Departamen">CAAZAPA</SimpleData>
            <SimpleData name="Distrito">ABAI</SimpleData>
            <SimpleData name="Localidad">COM INDIG YTU</SimpleData>
            <SimpleData name="Teléfono">0984075596</SimpleData>
            <SimpleData name="Vivienda_L">-25.78454460000</SimpleData>
            <SimpleData name="Vivienda_1">-55.59911330000</SimpleData>
            <SimpleData name="Superficie">0.70000000000</SimpleData>
            <SimpleData name="Situaci_1">Par?metro</SimpleData>
            <SimpleData name="Plantado">SI</SimpleData>
            <SimpleData name="Fecha_Plan">2026/01/16</SimpleData>
            <SimpleData name="Jornales">0.00000000000</SimpleData>
            <SimpleData name="Monto">0.00000000000</SimpleData>
            <SimpleData name="Grupo_de_p">B-P3-XX-XX-XX</SimpleData>
            <SimpleData name="Estado_del">Activo</SimpleData>
            <SimpleData name="Empresa">Unique Wood Paraguay SA</SimpleData>
            <SimpleData name="Lote">B</SimpleData>
            <SimpleData name="Parametro">0.00000000000</SimpleData>
            <SimpleData name="Sup_SIG">1.03564822179</SimpleData>
            <SimpleData name="X">-55.60412526000</SimpleData>
            <SimpleData name="Y">-25.77483068000</SimpleData>
            <SimpleData name="cedula">8302642</SimpleData>
          </SchemaData>
        </ExtendedData>
        <Polygon>
          <outerBoundaryIs>
            <LinearRing>
              <coordinates>
                -55.6033509653415,-25.7747597457791,0
                -55.6037502655196,-25.7753580139023,0
                -55.6037897001596,-25.7754102003544,0
                -55.604822499875,-25.7749381998936,0
                -55.6047948249912,-25.7748600351165,0
                -55.6047294279595,-25.774675331144,0
                -55.604575399983,-25.7742402998982,0
                -55.6033509653415,-25.7747597457791,0
              </coordinates>
            </LinearRing>
          </outerBoundaryIs>
        </Polygon>
      </Placemark>
      <Placemark id="Lote_B.59">
        <ExtendedData>
          <SchemaData schemaUrl="#Lote_B.schema">
            <SimpleData name="Cédula">5113051.00000000000</SimpleData>
            <SimpleData name="Nombres_y_">ROQUE MEMBOGI MBEPURANGI VACHUGI</SimpleData>
            <SimpleData name="Sexo">Hombre</SimpleData>
            <SimpleData name="Cambio_de_">NO</SimpleData>
            <SimpleData name="Titular_se">NO</SimpleData>
            <SimpleData name="ci_UNIF">5113051.00000000000</SimpleData>
            <SimpleData name="Situación">NO</SimpleData>
            <SimpleData name="Comunidad">Ind?gena</SimpleData>
            <SimpleData name="Modelo_imp">Modelo 4</SimpleData>
            <SimpleData name="Departamen">CAAZAPA</SimpleData>
            <SimpleData name="Distrito">ABAI</SimpleData>
            <SimpleData name="Localidad">COM INDIG YPETIMI</SimpleData>
            <SimpleData name="Teléfono">0982670819</SimpleData>
            <SimpleData name="Vivienda_L">-25.94116970000</SimpleData>
            <SimpleData name="Vivienda_1">-55.70495690000</SimpleData>
            <SimpleData name="Superficie">0.70000000000</SimpleData>
            <SimpleData name="Situaci_1">Par?metro</SimpleData>
            <SimpleData name="Plantado">SI</SimpleData>
            <SimpleData name="Fecha_Plan">2025/11/28</SimpleData>
            <SimpleData name="Jornales">0.00000000000</SimpleData>
            <SimpleData name="Monto">0.00000000000</SimpleData>
            <SimpleData name="Grupo_de_p">B-P3-XX-XX-XX</SimpleData>
            <SimpleData name="Estado_del">Activo</SimpleData>
            <SimpleData name="Empresa">Unique Wood Paraguay SA</SimpleData>
            <SimpleData name="Lote">B</SimpleData>
            <SimpleData name="Parametro">0.00000000000</SimpleData>
            <SimpleData name="Sup_SIG">0.71136155629</SimpleData>
            <SimpleData name="X">-55.73411892000</SimpleData>
            <SimpleData name="Y">-25.95824045000</SimpleData>
            <SimpleData name="cedula">5113051</SimpleData>
          </SchemaData>
        </ExtendedData>
        <Polygon>
          <outerBoundaryIs>
            <LinearRing>
              <coordinates>
                -55.7347607777772,-25.9584233798877,0
                -55.7345149040665,-25.9579973686506,0
                -55.7344097093153,-25.9578151017306,0
                -55.7335040168431,-25.9580608419954,0
                -55.7337783302005,-25.9586536449999,0
                -55.7347607777772,-25.9584233798877,0
              </coordinates>
            </LinearRing>
          </outerBoundaryIs>
        </Polygon>
      </Placemark>
      <Placemark id="Lote_B.60">
        <ExtendedData>
          <SchemaData schemaUrl="#Lote_B.schema">
            <SimpleData name="Cédula">7347657.00000000000</SimpleData>
            <SimpleData name="Nombres_y_">JOSE DOMINGO MENDOZA AMARILLA</SimpleData>
            <SimpleData name="Sexo">Hombre</SimpleData>
            <SimpleData name="Cambio_de_">NO</SimpleData>
            <SimpleData name="Titular_se">NO</SimpleData>
            <SimpleData name="ci_UNIF">7347657.00000000000</SimpleData>
            <SimpleData name="Situación">NO</SimpleData>
            <SimpleData name="Comunidad">Ind?gena</SimpleData>
            <SimpleData name="Modelo_imp">Modelo 4</SimpleData>
            <SimpleData name="Departamen">CAAZAPA</SimpleData>
            <SimpleData name="Distrito">ABAI</SimpleData>
            <SimpleData name="Localidad"><![CDATA[COM INDIG YPETI - NARA'I]]></SimpleData>
            <SimpleData name="Teléfono">0986667103</SimpleData>
            <SimpleData name="Vivienda_L">-25.80825110000</SimpleData>
            <SimpleData name="Vivienda_1">-55.58300060000</SimpleData>
            <SimpleData name="Superficie">0.70000000000</SimpleData>
            <SimpleData name="Situaci_1">Pol?gono</SimpleData>
            <SimpleData name="Plantado">SI</SimpleData>
            <SimpleData name="Fecha_Plan">2025/11/12</SimpleData>
            <SimpleData name="Jornales">0.00000000000</SimpleData>
            <SimpleData name="Monto">0.00000000000</SimpleData>
            <SimpleData name="Grupo_de_p">B-P1-XX-XX-XX</SimpleData>
            <SimpleData name="Estado_del">Activo</SimpleData>
            <SimpleData name="Empresa">Unique Wood Paraguay SA</SimpleData>
            <SimpleData name="Lote">B</SimpleData>
            <SimpleData name="Parametro">0.00000000000</SimpleData>
            <SimpleData name="Sup_SIG">0.97301201473</SimpleData>
            <SimpleData name="X">-55.58977806000</SimpleData>
            <SimpleData name="Y">-25.79995434000</SimpleData>
            <SimpleData name="cedula">7347657</SimpleData>
          </SchemaData>
        </ExtendedData>
        <Polygon>
          <outerBoundaryIs>
            <LinearRing>
              <coordinates>
                -55.5903540160867,-25.7996760506612,0
                -55.590280000346,-25.7997517006782,0
                -55.5897628538524,-25.7992955518904,0
                -55.5897041999778,-25.7992577995233,0
                -55.5891457002878,-25.8001341000344,0
                -55.589924200494,-25.8006256998768,0
                -55.5904122002175,-25.7997135002858,0
                -55.5903540160867,-25.7996760506612,0
              </coordinates>
            </LinearRing>
          </outerBoundaryIs>
        </Polygon>
      </Placemark>
      <Placemark id="Lote_B.61">
        <ExtendedData>
          <SchemaData schemaUrl="#Lote_B.schema">
            <SimpleData name="Cédula">5389432.00000000000</SimpleData>
            <SimpleData name="Nombres_y_">AMADA MBYKAVOGI</SimpleData>
            <SimpleData name="Sexo">Mujer</SimpleData>
            <SimpleData name="Cambio_de_">NO</SimpleData>
            <SimpleData name="Titular_se">NO</SimpleData>
            <SimpleData name="ci_UNIF">5389432.00000000000</SimpleData>
            <SimpleData name="Situación">NO</SimpleData>
            <SimpleData name="Comunidad">Ind?gena</SimpleData>
            <SimpleData name="Modelo_imp">Modelo 4</SimpleData>
            <SimpleData name="Departamen">CAAZAPA</SimpleData>
            <SimpleData name="Distrito">ABAI</SimpleData>
            <SimpleData name="Localidad">COM INDIG YPETIMI</SimpleData>
            <SimpleData name="Teléfono">0983669434</SimpleData>
            <SimpleData name="Vivienda_L">-25.94102770000</SimpleData>
            <SimpleData name="Vivienda_1">-55.70496580000</SimpleData>
            <SimpleData name="Superficie">0.70000000000</SimpleData>
            <SimpleData name="Situaci_1">Pol?gono</SimpleData>
            <SimpleData name="Plantado">SI</SimpleData>
            <SimpleData name="Fecha_Plan">2025/10/16</SimpleData>
            <SimpleData name="Jornales">0.00000000000</SimpleData>
            <SimpleData name="Monto">0.00000000000</SimpleData>
            <SimpleData name="Grupo_de_p">B-P1-XX-XX-XX</SimpleData>
            <SimpleData name="Estado_del">Activo</SimpleData>
            <SimpleData name="Empresa">Unique Wood Paraguay SA</SimpleData>
            <SimpleData name="Lote">B</SimpleData>
            <SimpleData name="Parametro">0.00000000000</SimpleData>
            <SimpleData name="Sup_SIG">0.73915236227</SimpleData>
            <SimpleData name="X">-55.72844348000</SimpleData>
            <SimpleData name="Y">-25.95413103000</SimpleData>
            <SimpleData name="cedula">5389432</SimpleData>
          </SchemaData>
        </ExtendedData>
        <Polygon>
          <outerBoundaryIs>
            <LinearRing>
              <coordinates>
                -55.7279424744424,-25.9538124965369,0
                -55.7280547869952,-25.9541349099392,0
                -55.728105899462,-25.9542816374785,0
                -55.7282376072095,-25.9546567527545,0
                -55.7282418490682,-25.9546654474765,0
                -55.7289723042783,-25.9544265175655,0
                -55.7289857919872,-25.9544221054481,0
                -55.7287313777431,-25.9539093279276,0
                -55.7286146744334,-25.9535856955071,0
                -55.7285732548803,-25.9535996700214,0
                -55.7279424744424,-25.9538124965369,0
              </coordinates>
            </LinearRing>
          </outerBoundaryIs>
        </Polygon>
      </Placemark>
      <Placemark id="Lote_B.62">
        <ExtendedData>
          <SchemaData schemaUrl="#Lote_B.schema">
            <SimpleData name="Cédula">6173157.00000000000</SimpleData>
            <SimpleData name="Nombres_y_">SONIA BENITEZ AMARILLA</SimpleData>
            <SimpleData name="Sexo">Mujer</SimpleData>
            <SimpleData name="Cambio_de_">NO</SimpleData>
            <SimpleData name="Titular_se">NO</SimpleData>
            <SimpleData name="ci_UNIF">6173157.00000000000</SimpleData>
            <SimpleData name="Situación">NO</SimpleData>
            <SimpleData name="Comunidad">Ind?gena</SimpleData>
            <SimpleData name="Modelo_imp">Modelo 4</SimpleData>
            <SimpleData name="Departamen">CAAZAPA</SimpleData>
            <SimpleData name="Distrito">ABAI</SimpleData>
            <SimpleData name="Localidad"><![CDATA[COM INDIG ?U APU'A]]></SimpleData>
            <SimpleData name="Teléfono">0984612016</SimpleData>
            <SimpleData name="Vivienda_L">-25.80774870000</SimpleData>
            <SimpleData name="Vivienda_1">-55.80696200000</SimpleData>
            <SimpleData name="Superficie">0.70000000000</SimpleData>
            <SimpleData name="Situaci_1">Pol?gono</SimpleData>
            <SimpleData name="Plantado">SI</SimpleData>
            <SimpleData name="Fecha_Plan">2025/11/29</SimpleData>
            <SimpleData name="Jornales">0.00000000000</SimpleData>
            <SimpleData name="Monto">0.00000000000</SimpleData>
            <SimpleData name="Grupo_de_p">B-P2-XX-XX-XX</SimpleData>
            <SimpleData name="Estado_del">Activo</SimpleData>
            <SimpleData name="Empresa">Unique Wood Paraguay SA</SimpleData>
            <SimpleData name="Lote">B</SimpleData>
            <SimpleData name="Parametro">0.00000000000</SimpleData>
            <SimpleData name="Sup_SIG">0.70260382881</SimpleData>
            <SimpleData name="X">-55.81341535000</SimpleData>
            <SimpleData name="Y">-25.80019296000</SimpleData>
            <SimpleData name="cedula">6173157</SimpleData>
          </SchemaData>
        </ExtendedData>
        <Polygon>
          <outerBoundaryIs>
            <LinearRing>
              <coordinates>
                -55.8130316996734,-25.8006416998779,0
                -55.8136479001658,-25.8007631998258,0
                -55.8137797994731,-25.7997031004124,0
                -55.8131950003478,-25.7996399999483,0
                -55.8130316996734,-25.8006416998779,0
              </coordinates>
            </LinearRing>
          </outerBoundaryIs>
        </Polygon>
      </Placemark>
      <Placemark id="Lote_B.63">
        <ExtendedData>
          <SchemaData schemaUrl="#Lote_B.schema">
            <SimpleData name="Cédula">4057840.00000000000</SimpleData>
            <SimpleData name="Nombres_y_">SADI VILLALBA ALMADA</SimpleData>
            <SimpleData name="Sexo">Mujer</SimpleData>
            <SimpleData name="Cambio_de_">NO</SimpleData>
            <SimpleData name="Titular_se">NO</SimpleData>
            <SimpleData name="ci_UNIF">4057840.00000000000</SimpleData>
            <SimpleData name="Situación">NO</SimpleData>
            <SimpleData name="Comunidad">Ind?gena</SimpleData>
            <SimpleData name="Modelo_imp">Modelo 4</SimpleData>
            <SimpleData name="Departamen">CAAZAPA</SimpleData>
            <SimpleData name="Distrito">ABAI</SimpleData>
            <SimpleData name="Localidad">COM INDIG YPETIMI</SimpleData>
            <SimpleData name="Teléfono">0982873842</SimpleData>
            <SimpleData name="Vivienda_L">-25.94106270000</SimpleData>
            <SimpleData name="Vivienda_1">-55.70492780000</SimpleData>
            <SimpleData name="Superficie">0.70000000000</SimpleData>
            <SimpleData name="Situaci_1">Pol?gono</SimpleData>
            <SimpleData name="Plantado">SI</SimpleData>
            <SimpleData name="Fecha_Plan">2025/10/16</SimpleData>
            <SimpleData name="Jornales">0.00000000000</SimpleData>
            <SimpleData name="Monto">0.00000000000</SimpleData>
            <SimpleData name="Grupo_de_p">B-P1-XX-XX-XX</SimpleData>
            <SimpleData name="Estado_del">Activo</SimpleData>
            <SimpleData name="Empresa">Unique Wood Paraguay SA</SimpleData>
            <SimpleData name="Lote">B</SimpleData>
            <SimpleData name="Parametro">0.00000000000</SimpleData>
            <SimpleData name="Sup_SIG">0.71223126312</SimpleData>
            <SimpleData name="X">-55.72946979000</SimpleData>
            <SimpleData name="Y">-25.95480762000</SimpleData>
            <SimpleData name="cedula">4057840</SimpleData>
          </SchemaData>
        </ExtendedData>
        <Polygon>
          <outerBoundaryIs>
            <LinearRing>
              <coordinates>
                -55.7289857919872,-25.9544221054481,0
                -55.7289723042783,-25.9544265175655,0
                -55.7292920154752,-25.95530938505,0
                -55.7293246497448,-25.9553052041446,0
                -55.7293521118193,-25.9553007403891,0
                -55.7299723340954,-25.9551999199665,0
                -55.7299670900345,-25.9551857695829,0
                -55.7298541241469,-25.9548809457149,0
                -55.7296834678067,-25.954422140384,0
                -55.729656212291,-25.9543488684953,0
                -55.729656199697,-25.9543488322706,0
                -55.7296467550553,-25.9543235354034,0
                -55.7296417342315,-25.9543100866791,0
                -55.7296352786224,-25.9542927936538,0
                -55.7295867546516,-25.95430245458,0
                -55.7292995569241,-25.9543596346314,0
                -55.7290093924751,-25.9544174065163,0
                -55.7289857919872,-25.9544221054481,0
              </coordinates>
            </LinearRing>
          </outerBoundaryIs>
        </Polygon>
      </Placemark>
      <Placemark id="Lote_B.64">
        <ExtendedData>
          <SchemaData schemaUrl="#Lote_B.schema">
            <SimpleData name="Cédula">7163211.00000000000</SimpleData>
            <SimpleData name="Nombres_y_">ANTOLIANO RAMIREZ DIAZ</SimpleData>
            <SimpleData name="Sexo">Hombre</SimpleData>
            <SimpleData name="Cambio_de_">NO</SimpleData>
            <SimpleData name="Titular_se">NO</SimpleData>
            <SimpleData name="ci_UNIF">7163211.00000000000</SimpleData>
            <SimpleData name="Situación">NO</SimpleData>
            <SimpleData name="Comunidad">Ind?gena</SimpleData>
            <SimpleData name="Modelo_imp">Modelo 5</SimpleData>
            <SimpleData name="Departamen">CAAZAPA</SimpleData>
            <SimpleData name="Distrito">ABAI</SimpleData>
            <SimpleData name="Localidad"><![CDATA[COM INDIG YPETI - NARA'I]]></SimpleData>
            <SimpleData name="Teléfono">0982334020</SimpleData>
            <SimpleData name="Vivienda_L">-25.80266890000</SimpleData>
            <SimpleData name="Vivienda_1">-55.59068150000</SimpleData>
            <SimpleData name="Superficie">0.70000000000</SimpleData>
            <SimpleData name="Situaci_1">Pol?gono</SimpleData>
            <SimpleData name="Plantado">SI</SimpleData>
            <SimpleData name="Fecha_Plan">2025/11/12</SimpleData>
            <SimpleData name="Jornales">0.00000000000</SimpleData>
            <SimpleData name="Monto">0.00000000000</SimpleData>
            <SimpleData name="Grupo_de_p">B-P1-XX-XX-XX</SimpleData>
            <SimpleData name="Estado_del">Activo</SimpleData>
            <SimpleData name="Empresa">Unique Wood Paraguay SA</SimpleData>
            <SimpleData name="Lote">B</SimpleData>
            <SimpleData name="Parametro">0.00000000000</SimpleData>
            <SimpleData name="Sup_SIG">0.70329197643</SimpleData>
            <SimpleData name="X">-55.59282377000</SimpleData>
            <SimpleData name="Y">-25.79151172000</SimpleData>
            <SimpleData name="cedula">7163211</SimpleData>
          </SchemaData>
        </ExtendedData>
        <Polygon>
          <outerBoundaryIs>
            <LinearRing>
              <coordinates>
                -55.5921482841031,-25.7915812347217,0
                -55.5921263995844,-25.7915928997432,0
                -55.592363700387,-25.7920349997919,0
                -55.5931892029895,-25.7915875997911,0
                -55.59351967071,-25.7914084943726,0
                -55.5935204003908,-25.7914080996649,0
                -55.5932943019943,-25.7909928510005,0
                -55.5921533004777,-25.7915917002682,0
                -55.5921482841031,-25.7915812347217,0
              </coordinates>
            </LinearRing>
          </outerBoundaryIs>
        </Polygon>
      </Placemark>
      <Placemark id="Lote_B.65">
        <ExtendedData>
          <SchemaData schemaUrl="#Lote_B.schema">
            <SimpleData name="Cédula">7031317.00000000000</SimpleData>
            <SimpleData name="Nombres_y_">ALDO ESQUIVEL NEUKIRCHINGER</SimpleData>
            <SimpleData name="Sexo">Hombre</SimpleData>
            <SimpleData name="Cambio_de_">NO</SimpleData>
            <SimpleData name="Titular_se">NO</SimpleData>
            <SimpleData name="ci_UNIF">7031317.00000000000</SimpleData>
            <SimpleData name="Situación">NO</SimpleData>
            <SimpleData name="Comunidad">Campesina</SimpleData>
            <SimpleData name="Modelo_imp">Modelo 5</SimpleData>
            <SimpleData name="Departamen">GUAIRA</SimpleData>
            <SimpleData name="Distrito">PASO YOBAI</SimpleData>
            <SimpleData name="Localidad">SAN FRANCISCO I</SimpleData>
            <SimpleData name="Teléfono">0984719697</SimpleData>
            <SimpleData name="Vivienda_L">-25.70982970000</SimpleData>
            <SimpleData name="Vivienda_1">-55.93698380000</SimpleData>
            <SimpleData name="Superficie">0.70000000000</SimpleData>
            <SimpleData name="Situaci_1">Pol?gono</SimpleData>
            <SimpleData name="Plantado">SI</SimpleData>
            <SimpleData name="Fecha_Plan">2025/10/06</SimpleData>
            <SimpleData name="Jornales">0.00000000000</SimpleData>
            <SimpleData name="Monto">0.00000000000</SimpleData>
            <SimpleData name="Grupo_de_p">B-P1-XX-XX-XX</SimpleData>
            <SimpleData name="Estado_del">Activo</SimpleData>
            <SimpleData name="Empresa">Unique Wood Paraguay SA</SimpleData>
            <SimpleData name="Lote">B</SimpleData>
            <SimpleData name="Parametro">0.00000000000</SimpleData>
            <SimpleData name="Sup_SIG">0.75200017356</SimpleData>
            <SimpleData name="X">-55.93616891000</SimpleData>
            <SimpleData name="Y">-25.71007656000</SimpleData>
            <SimpleData name="cedula">7031317</SimpleData>
          </SchemaData>
        </ExtendedData>
        <Polygon>
          <outerBoundaryIs>
            <LinearRing>
              <coordinates>
                -55.9354799999756,-25.7102649997746,0
                -55.9364708999569,-25.7104993001255,0
                -55.9368149996913,-25.7099483003961,0
                -55.9359882996264,-25.7095999996572,0
                -55.9354799999756,-25.7102649997746,0
              </coordinates>
            </LinearRing>
          </outerBoundaryIs>
        </Polygon>
      </Placemark>
      <Placemark id="Lote_B.66">
        <ExtendedData>
          <SchemaData schemaUrl="#Lote_B.schema">
            <SimpleData name="Cédula">7467408.00000000000</SimpleData>
            <SimpleData name="Nombres_y_">MANUELA AMARILLA GONZALEZ</SimpleData>
            <SimpleData name="Sexo">Mujer</SimpleData>
            <SimpleData name="Cambio_de_">NO</SimpleData>
            <SimpleData name="Titular_se">NO</SimpleData>
            <SimpleData name="ci_UNIF">7467408.00000000000</SimpleData>
            <SimpleData name="Situación">NO</SimpleData>
            <SimpleData name="Comunidad">Ind?gena</SimpleData>
            <SimpleData name="Modelo_imp">Modelo 4</SimpleData>
            <SimpleData name="Departamen">GUAIRA</SimpleData>
            <SimpleData name="Distrito">PASO YOBAI</SimpleData>
            <SimpleData name="Localidad">COM INDIG SANTA TERESITA</SimpleData>
            <SimpleData name="Teléfono">0982030138</SimpleData>
            <SimpleData name="Vivienda_L">-25.70204450000</SimpleData>
            <SimpleData name="Vivienda_1">-55.92027280000</SimpleData>
            <SimpleData name="Superficie">0.70000000000</SimpleData>
            <SimpleData name="Situaci_1">Pol?gono</SimpleData>
            <SimpleData name="Plantado">SI</SimpleData>
            <SimpleData name="Fecha_Plan">2025/10/03</SimpleData>
            <SimpleData name="Jornales">0.00000000000</SimpleData>
            <SimpleData name="Monto">0.00000000000</SimpleData>
            <SimpleData name="Grupo_de_p">B-P1-XX-XX-XX</SimpleData>
            <SimpleData name="Estado_del">Activo</SimpleData>
            <SimpleData name="Empresa">Unique Wood Paraguay SA</SimpleData>
            <SimpleData name="Lote">B</SimpleData>
            <SimpleData name="Parametro">0.00000000000</SimpleData>
            <SimpleData name="Sup_SIG">0.71996526924</SimpleData>
            <SimpleData name="X">-55.91941018000</SimpleData>
            <SimpleData name="Y">-25.70124373000</SimpleData>
            <SimpleData name="cedula">7467408</SimpleData>
          </SchemaData>
        </ExtendedData>
        <Polygon>
          <outerBoundaryIs>
            <LinearRing>
              <coordinates>
                -55.9190675998023,-25.701648199965,0
                -55.9197379001818,-25.7018301008059,0
                -55.9197408998971,-25.7009011991812,0
                -55.9191292996791,-25.7005809995936,0
                -55.9190675998023,-25.701648199965,0
              </coordinates>
            </LinearRing>
          </outerBoundaryIs>
        </Polygon>
      </Placemark>
      <Placemark id="Lote_B.67">
        <ExtendedData>
          <SchemaData schemaUrl="#Lote_B.schema">
            <SimpleData name="Cédula">5451906.00000000000</SimpleData>
            <SimpleData name="Nombres_y_">ERIKA TYKUARANGI</SimpleData>
            <SimpleData name="Sexo">Mujer</SimpleData>
            <SimpleData name="Cambio_de_">NO</SimpleData>
            <SimpleData name="Titular_se">NO</SimpleData>
            <SimpleData name="ci_UNIF">5451906.00000000000</SimpleData>
            <SimpleData name="Situación">NO</SimpleData>
            <SimpleData name="Comunidad">Ind?gena</SimpleData>
            <SimpleData name="Modelo_imp">Modelo 4</SimpleData>
            <SimpleData name="Departamen">CAAZAPA</SimpleData>
            <SimpleData name="Distrito">ABAI</SimpleData>
            <SimpleData name="Localidad">COM INDIG YPETIMI</SimpleData>
            <SimpleData name="Teléfono">0982887281</SimpleData>
            <SimpleData name="Vivienda_L">-25.94102190000</SimpleData>
            <SimpleData name="Vivienda_1">-55.70490380000</SimpleData>
            <SimpleData name="Superficie">0.70000000000</SimpleData>
            <SimpleData name="Situaci_1">Pol?gono</SimpleData>
            <SimpleData name="Plantado">SI</SimpleData>
            <SimpleData name="Fecha_Plan">2025/09/23</SimpleData>
            <SimpleData name="Jornales">0.00000000000</SimpleData>
            <SimpleData name="Monto">0.00000000000</SimpleData>
            <SimpleData name="Grupo_de_p">B-P1-XX-XX-XX</SimpleData>
            <SimpleData name="Estado_del">Activo</SimpleData>
            <SimpleData name="Empresa">Unique Wood Paraguay SA</SimpleData>
            <SimpleData name="Lote">B</SimpleData>
            <SimpleData name="Parametro">0.00000000000</SimpleData>
            <SimpleData name="Sup_SIG">0.70214833901</SimpleData>
            <SimpleData name="X">-55.73451394000</SimpleData>
            <SimpleData name="Y">-25.95728803000</SimpleData>
            <SimpleData name="cedula">5451906</SimpleData>
          </SchemaData>
        </ExtendedData>
        <Polygon>
          <outerBoundaryIs>
            <LinearRing>
              <coordinates>
                -55.734333110125,-25.95774542331,0
                -55.7343426086744,-25.9577667315562,0
                -55.7343457009416,-25.957766055266,0
                -55.7343540948237,-25.9577642182073,0
                -55.7343590140379,-25.9577631407697,0
                -55.7343941391775,-25.9577554557679,0
                -55.7345533865784,-25.9577206072308,0
                -55.7345684855422,-25.9577173029431,0
                -55.7350101701267,-25.9576206481068,0
                -55.7350893076435,-25.9576033312221,0
                -55.734656653882,-25.9568406153343,0
                -55.7346438982071,-25.9568181256939,0
                -55.7346393068061,-25.9568100330041,0
                -55.7345852837746,-25.9568202993847,0
                -55.734548030164,-25.9568273789822,0
                -55.7339726081418,-25.9569367327154,0
                -55.7339776845313,-25.9569481241824,0
                -55.7341552382605,-25.9573464189905,0
                -55.7341631879722,-25.9573642521612,0
                -55.7342081437311,-25.9574650986226,0
                -55.7342170063584,-25.9574849784179,0
                -55.7343087897663,-25.9576908678775,0
                -55.734333110125,-25.95774542331,0
              </coordinates>
            </LinearRing>
          </outerBoundaryIs>
        </Polygon>
      </Placemark>
      <Placemark id="Lote_B.68">
        <ExtendedData>
          <SchemaData schemaUrl="#Lote_B.schema">
            <SimpleData name="Cédula">5451920.00000000000</SimpleData>
            <SimpleData name="Nombres_y_">CLARA PIRAGI</SimpleData>
            <SimpleData name="Sexo">Mujer</SimpleData>
            <SimpleData name="Cambio_de_">NO</SimpleData>
            <SimpleData name="Titular_se">NO</SimpleData>
            <SimpleData name="ci_UNIF">5451920.00000000000</SimpleData>
            <SimpleData name="Situación">NO</SimpleData>
            <SimpleData name="Comunidad">Ind?gena</SimpleData>
            <SimpleData name="Modelo_imp">Modelo 4</SimpleData>
            <SimpleData name="Departamen">CAAZAPA</SimpleData>
            <SimpleData name="Distrito">ABAI</SimpleData>
            <SimpleData name="Localidad">COM INDIG YPETIMI</SimpleData>
            <SimpleData name="Teléfono">0984184324</SimpleData>
            <SimpleData name="Vivienda_L">-25.94109740000</SimpleData>
            <SimpleData name="Vivienda_1">-55.70490350000</SimpleData>
            <SimpleData name="Superficie">0.70000000000</SimpleData>
            <SimpleData name="Situaci_1">Par?metro</SimpleData>
            <SimpleData name="Plantado">SI</SimpleData>
            <SimpleData name="Fecha_Plan">2025/11/28</SimpleData>
            <SimpleData name="Jornales">0.00000000000</SimpleData>
            <SimpleData name="Monto">0.00000000000</SimpleData>
            <SimpleData name="Grupo_de_p">B-P2-XX-XX-XX</SimpleData>
            <SimpleData name="Estado_del">Activo</SimpleData>
            <SimpleData name="Empresa">Unique Wood Paraguay SA</SimpleData>
            <SimpleData name="Lote">B</SimpleData>
            <SimpleData name="Parametro">0.00000000000</SimpleData>
            <SimpleData name="Sup_SIG">0.71828643200</SimpleData>
            <SimpleData name="X">-55.73591348000</SimpleData>
            <SimpleData name="Y">-25.96134778000</SimpleData>
            <SimpleData name="cedula">5451920</SimpleData>
          </SchemaData>
        </ExtendedData>
        <Polygon>
          <outerBoundaryIs>
            <LinearRing>
              <coordinates>
                -55.7351782996946,-25.9610617002037,0
                -55.7358666995106,-25.9617583003501,0
                -55.7366018260736,-25.961699222366,0
                -55.7366132995749,-25.9616982995679,0
                -55.7360451976081,-25.9609633364406,0
                -55.736043493344,-25.9609611312351,0
                -55.7360368585112,-25.960952548552,0
                -55.7360117003805,-25.9609200003743,0
                -55.735788910543,-25.9609578798176,0
                -55.7351782996946,-25.9610617002037,0
              </coordinates>
            </LinearRing>
          </outerBoundaryIs>
        </Polygon>
      </Placemark>
      <Placemark id="Lote_B.69">
        <ExtendedData>
          <SchemaData schemaUrl="#Lote_B.schema">
            <SimpleData name="Cédula">6279211.00000000000</SimpleData>
            <SimpleData name="Nombres_y_">JHONATAN DAVID RECALDE CENTURION</SimpleData>
            <SimpleData name="Sexo">Hombre</SimpleData>
            <SimpleData name="Cambio_de_">NO</SimpleData>
            <SimpleData name="Titular_se">NO</SimpleData>
            <SimpleData name="ci_UNIF">6279211.00000000000</SimpleData>
            <SimpleData name="Situación">NO</SimpleData>
            <SimpleData name="Comunidad">Ind?gena</SimpleData>
            <SimpleData name="Modelo_imp">Modelo 5</SimpleData>
            <SimpleData name="Departamen">CAAZAPA</SimpleData>
            <SimpleData name="Distrito">ABAI</SimpleData>
            <SimpleData name="Localidad">COM INDIG YTU</SimpleData>
            <SimpleData name="Teléfono">0985217339</SimpleData>
            <SimpleData name="Vivienda_L">-25.78433480000</SimpleData>
            <SimpleData name="Vivienda_1">-55.60092320000</SimpleData>
            <SimpleData name="Superficie">0.70000000000</SimpleData>
            <SimpleData name="Situaci_1">Par?metro</SimpleData>
            <SimpleData name="Plantado">SI</SimpleData>
            <SimpleData name="Fecha_Plan">2026/01/14</SimpleData>
            <SimpleData name="Jornales">0.00000000000</SimpleData>
            <SimpleData name="Monto">0.00000000000</SimpleData>
            <SimpleData name="Grupo_de_p">B-P3-XX-XX-XX</SimpleData>
            <SimpleData name="Estado_del">Activo</SimpleData>
            <SimpleData name="Empresa">Unique Wood Paraguay SA</SimpleData>
            <SimpleData name="Lote">B</SimpleData>
            <SimpleData name="Parametro">0.00000000000</SimpleData>
            <SimpleData name="Sup_SIG">0.74391550538</SimpleData>
            <SimpleData name="X">-55.60055120000</SimpleData>
            <SimpleData name="Y">-25.78413909000</SimpleData>
            <SimpleData name="cedula">6279211</SimpleData>
          </SchemaData>
        </ExtendedData>
        <MultiGeometry>
          <Polygon>
            <outerBoundaryIs>
              <LinearRing>
                <coordinates>
                  -55.6004733001117,-25.7846216998291,0
                  -55.6010294000526,-25.7840453998821,0
                  -55.6006985998306,-25.7836959997496,0
                  -55.6000555997759,-25.7841416999396,0
                  -55.6004733001117,-25.7846216998291,0
                </coordinates>
              </LinearRing>
            </outerBoundaryIs>
          </Polygon>
          <Polygon>
            <outerBoundaryIs>
              <LinearRing>
                <coordinates>
                  -55.5988116998313,-25.783193300412,0
                  -55.5991780997726,-25.7829032000283,0
                  -55.5986816997119,-25.7825600003959,0
                  -55.5984408998535,-25.7828475999657,0
                  -55.5988116998313,-25.783193300412,0
                </coordinates>
              </LinearRing>
            </outerBoundaryIs>
          </Polygon>
        </MultiGeometry>
      </Placemark>
      <Placemark id="Lote_B.70">
        <ExtendedData>
          <SchemaData schemaUrl="#Lote_B.schema">
            <SimpleData name="Cédula">7467865.00000000000</SimpleData>
            <SimpleData name="Nombres_y_">JUANA RAMIREZ BOGADO</SimpleData>
            <SimpleData name="Sexo">Mujer</SimpleData>
            <SimpleData name="Cambio_de_">NO</SimpleData>
            <SimpleData name="Titular_se">NO</SimpleData>
            <SimpleData name="ci_UNIF">7467865.00000000000</SimpleData>
            <SimpleData name="Situación">NO</SimpleData>
            <SimpleData name="Comunidad">Ind?gena</SimpleData>
            <SimpleData name="Modelo_imp">Modelo 4</SimpleData>
            <SimpleData name="Departamen">GUAIRA</SimpleData>
            <SimpleData name="Distrito">PASO YOBAI</SimpleData>
            <SimpleData name="Localidad">COM INDIG ARROYO HU</SimpleData>
            <SimpleData name="Teléfono">0985380588</SimpleData>
            <SimpleData name="Vivienda_L">-25.66801880000</SimpleData>
            <SimpleData name="Vivienda_1">-55.98496490000</SimpleData>
            <SimpleData name="Superficie">0.70000000000</SimpleData>
            <SimpleData name="Situaci_1">Pol?gono</SimpleData>
            <SimpleData name="Plantado">SI</SimpleData>
            <SimpleData name="Fecha_Plan">2025/10/02</SimpleData>
            <SimpleData name="Jornales">0.00000000000</SimpleData>
            <SimpleData name="Monto">0.00000000000</SimpleData>
            <SimpleData name="Grupo_de_p">B-P1-XX-XX-XX</SimpleData>
            <SimpleData name="Estado_del">Activo</SimpleData>
            <SimpleData name="Empresa">Unique Wood Paraguay SA</SimpleData>
            <SimpleData name="Lote">B</SimpleData>
            <SimpleData name="Parametro">0.00000000000</SimpleData>
            <SimpleData name="Sup_SIG">0.88926856356</SimpleData>
            <SimpleData name="X">-55.98659757000</SimpleData>
            <SimpleData name="Y">-25.66693932000</SimpleData>
            <SimpleData name="cedula">7467865</SimpleData>
          </SchemaData>
        </ExtendedData>
        <Polygon>
          <outerBoundaryIs>
            <LinearRing>
              <coordinates>
                -55.9858749996733,-25.6671050003606,0
                -55.9869549991681,-25.6673983008041,0
                -55.9873533006793,-25.6668400005233,0
                -55.9862450000628,-25.6664433006425,0
                -55.9858749996733,-25.6671050003606,0
              </coordinates>
            </LinearRing>
          </outerBoundaryIs>
        </Polygon>
      </Placemark>
      <Placemark id="Lote_B.71">
        <ExtendedData>
          <SchemaData schemaUrl="#Lote_B.schema">
            <SimpleData name="Cédula">6175642.00000000000</SimpleData>
            <SimpleData name="Nombres_y_">CRISTIAN ATAGI AMARILLA MENDEZ</SimpleData>
            <SimpleData name="Sexo">Hombre</SimpleData>
            <SimpleData name="Cambio_de_">NO</SimpleData>
            <SimpleData name="Titular_se">NO</SimpleData>
            <SimpleData name="ci_UNIF">6175642.00000000000</SimpleData>
            <SimpleData name="Situación">NO</SimpleData>
            <SimpleData name="Comunidad">Ind?gena</SimpleData>
            <SimpleData name="Modelo_imp">Modelo 4</SimpleData>
            <SimpleData name="Departamen">CAAZAPA</SimpleData>
            <SimpleData name="Distrito">ABAI</SimpleData>
            <SimpleData name="Localidad">COM INDIG YPETIMI</SimpleData>
            <SimpleData name="Teléfono">0982078184</SimpleData>
            <SimpleData name="Vivienda_L">-25.94109150000</SimpleData>
            <SimpleData name="Vivienda_1">-55.70495750000</SimpleData>
            <SimpleData name="Superficie">0.70000000000</SimpleData>
            <SimpleData name="Situaci_1">Pol?gono</SimpleData>
            <SimpleData name="Plantado">SI</SimpleData>
            <SimpleData name="Fecha_Plan">2025/09/25</SimpleData>
            <SimpleData name="Jornales">0.00000000000</SimpleData>
            <SimpleData name="Monto">0.00000000000</SimpleData>
            <SimpleData name="Grupo_de_p">B-P1-XX-XX-XX</SimpleData>
            <SimpleData name="Estado_del">Activo</SimpleData>
            <SimpleData name="Empresa">Unique Wood Paraguay SA</SimpleData>
            <SimpleData name="Lote">B</SimpleData>
            <SimpleData name="Parametro">0.00000000000</SimpleData>
            <SimpleData name="Sup_SIG">0.72922896061</SimpleData>
            <SimpleData name="X">-55.73524992000</SimpleData>
            <SimpleData name="Y">-25.95711425000</SimpleData>
            <SimpleData name="cedula">6175642</SimpleData>
          </SchemaData>
        </ExtendedData>
        <Polygon>
          <outerBoundaryIs>
            <LinearRing>
              <coordinates>
                -55.735090538391,-25.9575726593614,0
                -55.7351131112833,-25.9576150758725,0
                -55.7351578822777,-25.9576032468889,0
                -55.7353158345792,-25.9575615181688,0
                -55.7358112730507,-25.9574306291821,0
                -55.7354155899025,-25.956627951964,0
                -55.7353034956685,-25.9566556501985,0
                -55.7350869950278,-25.9567013374587,0
                -55.7347286824556,-25.9567769435278,0
                -55.7346849892814,-25.9567861635287,0
                -55.7346733069992,-25.9567886291473,0
                -55.7346976007496,-25.956834279436,0
                -55.7347337134039,-25.9569021412144,0
                -55.7350821978976,-25.9575569869661,0
                -55.735090538391,-25.9575726593614,0
              </coordinates>
            </LinearRing>
          </outerBoundaryIs>
        </Polygon>
      </Placemark>
      <Placemark id="Lote_B.72">
        <ExtendedData>
          <SchemaData schemaUrl="#Lote_B.schema">
            <SimpleData name="Cédula">6204202.00000000000</SimpleData>
            <SimpleData name="Nombres_y_">DIOSNEL BENITEZ BENITEZ</SimpleData>
            <SimpleData name="Sexo">Hombre</SimpleData>
            <SimpleData name="Cambio_de_">NO</SimpleData>
            <SimpleData name="Titular_se">NO</SimpleData>
            <SimpleData name="ci_UNIF">6204202.00000000000</SimpleData>
            <SimpleData name="Situación">NO</SimpleData>
            <SimpleData name="Comunidad">Ind?gena</SimpleData>
            <SimpleData name="Modelo_imp">Modelo 4</SimpleData>
            <SimpleData name="Departamen">GUAIRA</SimpleData>
            <SimpleData name="Distrito">PASO YOBAI</SimpleData>
            <SimpleData name="Localidad">COM INDIG YRYVU KUA - NARANJITO</SimpleData>
            <SimpleData name="Teléfono">0984712898</SimpleData>
            <SimpleData name="Vivienda_L">-25.66351510000</SimpleData>
            <SimpleData name="Vivienda_1">-55.97547800000</SimpleData>
            <SimpleData name="Superficie">0.70000000000</SimpleData>
            <SimpleData name="Situaci_1">Pol?gono</SimpleData>
            <SimpleData name="Plantado">SI</SimpleData>
            <SimpleData name="Fecha_Plan">2025/10/02</SimpleData>
            <SimpleData name="Jornales">0.00000000000</SimpleData>
            <SimpleData name="Monto">0.00000000000</SimpleData>
            <SimpleData name="Grupo_de_p">B-P1-XX-XX-XX</SimpleData>
            <SimpleData name="Estado_del">Activo</SimpleData>
            <SimpleData name="Empresa">Unique Wood Paraguay SA</SimpleData>
            <SimpleData name="Lote">B</SimpleData>
            <SimpleData name="Parametro">0.00000000000</SimpleData>
            <SimpleData name="Sup_SIG">0.69772302441</SimpleData>
            <SimpleData name="X">-55.97466919000</SimpleData>
            <SimpleData name="Y">-25.66388352000</SimpleData>
            <SimpleData name="cedula">6204202</SimpleData>
          </SchemaData>
        </ExtendedData>
        <Polygon>
          <outerBoundaryIs>
            <LinearRing>
              <coordinates>
                -55.9739566003039,-25.663660300194,0
                -55.974187999827,-25.6642065997997,0
                -55.9754940994101,-25.6640215001881,0
                -55.9751161001187,-25.6636082006655,0
                -55.9739566003039,-25.663660300194,0
              </coordinates>
            </LinearRing>
          </outerBoundaryIs>
        </Polygon>
      </Placemark>
      <Placemark id="Lote_B.73">
        <ExtendedData>
          <SchemaData schemaUrl="#Lote_B.schema">
            <SimpleData name="Cédula">4577856.00000000000</SimpleData>
            <SimpleData name="Nombres_y_">ELEUTERIA GIMENEZ SANSILARI</SimpleData>
            <SimpleData name="Sexo">Mujer</SimpleData>
            <SimpleData name="Cambio_de_">NO</SimpleData>
            <SimpleData name="Titular_se">NO</SimpleData>
            <SimpleData name="ci_UNIF">4577856.00000000000</SimpleData>
            <SimpleData name="Situación">NO</SimpleData>
            <SimpleData name="Comunidad">Ind?gena</SimpleData>
            <SimpleData name="Modelo_imp">Modelo 4</SimpleData>
            <SimpleData name="Departamen">GUAIRA</SimpleData>
            <SimpleData name="Distrito">PASO YOBAI</SimpleData>
            <SimpleData name="Localidad">COM INDIG SANTA TERESITA</SimpleData>
            <SimpleData name="Teléfono">0982541410</SimpleData>
            <SimpleData name="Vivienda_L">-25.67878640000</SimpleData>
            <SimpleData name="Vivienda_1">-55.93911990000</SimpleData>
            <SimpleData name="Superficie">0.70000000000</SimpleData>
            <SimpleData name="Situaci_1">Pol?gono</SimpleData>
            <SimpleData name="Plantado">SI</SimpleData>
            <SimpleData name="Fecha_Plan">2025/10/20</SimpleData>
            <SimpleData name="Jornales">0.00000000000</SimpleData>
            <SimpleData name="Monto">0.00000000000</SimpleData>
            <SimpleData name="Grupo_de_p">B-P1-XX-XX-XX</SimpleData>
            <SimpleData name="Estado_del">Activo</SimpleData>
            <SimpleData name="Empresa">Unique Wood Paraguay SA</SimpleData>
            <SimpleData name="Lote">B</SimpleData>
            <SimpleData name="Parametro">0.00000000000</SimpleData>
            <SimpleData name="Sup_SIG">0.78778378139</SimpleData>
            <SimpleData name="X">-55.93909118000</SimpleData>
            <SimpleData name="Y">-25.67760438000</SimpleData>
            <SimpleData name="cedula">4577856</SimpleData>
          </SchemaData>
        </ExtendedData>
        <Polygon>
          <outerBoundaryIs>
            <LinearRing>
              <coordinates>
                -55.9387050008134,-25.6771466995089,0
                -55.9389917001796,-25.6785500000779,0
                -55.9394916998283,-25.6776416997927,0
                -55.9392566998922,-25.6769150000804,0
                -55.9387050008134,-25.6771466995089,0
              </coordinates>
            </LinearRing>
          </outerBoundaryIs>
        </Polygon>
      </Placemark>
      <Placemark id="Lote_B.74">
        <ExtendedData>
          <SchemaData schemaUrl="#Lote_B.schema">
            <SimpleData name="Cédula">4819675.00000000000</SimpleData>
            <SimpleData name="Nombres_y_">NELBA KRYTAGUI</SimpleData>
            <SimpleData name="Sexo">Mujer</SimpleData>
            <SimpleData name="Cambio_de_">NO</SimpleData>
            <SimpleData name="Titular_se">NO</SimpleData>
            <SimpleData name="ci_UNIF">4819675.00000000000</SimpleData>
            <SimpleData name="Situación">NO</SimpleData>
            <SimpleData name="Comunidad">Ind?gena</SimpleData>
            <SimpleData name="Modelo_imp">Modelo 4</SimpleData>
            <SimpleData name="Departamen">CAAZAPA</SimpleData>
            <SimpleData name="Distrito">ABAI</SimpleData>
            <SimpleData name="Localidad">COM INDIG YPETIMI</SimpleData>
            <SimpleData name="Teléfono">ND</SimpleData>
            <SimpleData name="Vivienda_L">-25.94101560000</SimpleData>
            <SimpleData name="Vivienda_1">-55.70496540000</SimpleData>
            <SimpleData name="Superficie">0.70000000000</SimpleData>
            <SimpleData name="Situaci_1">Pol?gono</SimpleData>
            <SimpleData name="Plantado">SI</SimpleData>
            <SimpleData name="Fecha_Plan">2025/10/16</SimpleData>
            <SimpleData name="Jornales">0.00000000000</SimpleData>
            <SimpleData name="Monto">0.00000000000</SimpleData>
            <SimpleData name="Grupo_de_p">B-P1-XX-XX-XX</SimpleData>
            <SimpleData name="Estado_del">Activo</SimpleData>
            <SimpleData name="Empresa">Unique Wood Paraguay SA</SimpleData>
            <SimpleData name="Lote">B</SimpleData>
            <SimpleData name="Parametro">0.00000000000</SimpleData>
            <SimpleData name="Sup_SIG">0.70681138013</SimpleData>
            <SimpleData name="X">-55.73054266000</SimpleData>
            <SimpleData name="Y">-25.95550409000</SimpleData>
            <SimpleData name="cedula">4819675</SimpleData>
          </SchemaData>
        </ExtendedData>
        <Polygon>
          <outerBoundaryIs>
            <LinearRing>
              <coordinates>
                -55.7302642506827,-25.9550873393694,0
                -55.7302198809984,-25.9551036999936,0
                -55.7302073527702,-25.9551083192674,0
                -55.7301673556774,-25.9551230669037,0
                -55.7301015671375,-25.955147325594,0
                -55.7300576195253,-25.9551635309667,0
                -55.7300581685712,-25.9551650417428,0
                -55.7303116808471,-25.9558631659796,0
                -55.7303593522602,-25.955994444578,0
                -55.7303712429842,-25.9560271879219,0
                -55.7303771844655,-25.9560435491767,0
                -55.7304026004441,-25.9560353529424,0
                -55.7309700189819,-25.9558523687362,0
                -55.7310041637407,-25.9558413570611,0
                -55.73104388353,-25.9558285479044,0
                -55.7308992002944,-25.9554725492963,0
                -55.7307748236838,-25.9551665137454,0
                -55.7307043319112,-25.9549930669388,0
                -55.7306807919602,-25.95500040301,0
                -55.7306749821357,-25.9549827545472,0
                -55.7302792620876,-25.9550835174189,0
                -55.7302642506827,-25.9550873393694,0
              </coordinates>
            </LinearRing>
          </outerBoundaryIs>
        </Polygon>
      </Placemark>
      <Placemark id="Lote_B.75">
        <ExtendedData>
          <SchemaData schemaUrl="#Lote_B.schema">
            <SimpleData name="Cédula">7675019.00000000000</SimpleData>
            <SimpleData name="Nombres_y_">LILIANA GONZALEZ JAQUET</SimpleData>
            <SimpleData name="Sexo">Mujer</SimpleData>
            <SimpleData name="Cambio_de_">NO</SimpleData>
            <SimpleData name="Titular_se">NO</SimpleData>
            <SimpleData name="ci_UNIF">7675019.00000000000</SimpleData>
            <SimpleData name="Situación">NO</SimpleData>
            <SimpleData name="Comunidad">Campesina</SimpleData>
            <SimpleData name="Modelo_imp">Modelo 4</SimpleData>
            <SimpleData name="Departamen">GUAIRA</SimpleData>
            <SimpleData name="Distrito">PASO YOBAI</SimpleData>
            <SimpleData name="Localidad">MANGRULLO</SimpleData>
            <SimpleData name="Teléfono">0983259508</SimpleData>
            <SimpleData name="Vivienda_L">-25.80443910000</SimpleData>
            <SimpleData name="Vivienda_1">-55.92425540000</SimpleData>
            <SimpleData name="Superficie">0.70000000000</SimpleData>
            <SimpleData name="Situaci_1">Pol?gono</SimpleData>
            <SimpleData name="Plantado">SI</SimpleData>
            <SimpleData name="Fecha_Plan">2025/10/25</SimpleData>
            <SimpleData name="Jornales">0.00000000000</SimpleData>
            <SimpleData name="Monto">0.00000000000</SimpleData>
            <SimpleData name="Grupo_de_p">B-P1-XX-XX-XX</SimpleData>
            <SimpleData name="Estado_del">Activo</SimpleData>
            <SimpleData name="Empresa">Unique Wood Paraguay SA</SimpleData>
            <SimpleData name="Lote">B</SimpleData>
            <SimpleData name="Parametro">0.00000000000</SimpleData>
            <SimpleData name="Sup_SIG">0.71930089336</SimpleData>
            <SimpleData name="X">-55.92439774000</SimpleData>
            <SimpleData name="Y">-25.80491894000</SimpleData>
            <SimpleData name="cedula">7675019</SimpleData>
          </SchemaData>
        </ExtendedData>
        <Polygon>
          <outerBoundaryIs>
            <LinearRing>
              <coordinates>
                -55.92366330031,-25.8047567003311,0
                -55.9248433001811,-25.8055392999601,0
                -55.9248732992817,-25.8048167000737,0
                -55.9242666992593,-25.8044399998264,0
                -55.92366330031,-25.8047567003311,0
              </coordinates>
            </LinearRing>
          </outerBoundaryIs>
        </Polygon>
      </Placemark>
      <Placemark id="Lote_B.76">
        <ExtendedData>
          <SchemaData schemaUrl="#Lote_B.schema">
            <SimpleData name="Cédula">8397962.00000000000</SimpleData>
            <SimpleData name="Nombres_y_">ANIBAL VERA NU?EZ</SimpleData>
            <SimpleData name="Sexo">Hombre</SimpleData>
            <SimpleData name="Cambio_de_">NO</SimpleData>
            <SimpleData name="Titular_se">NO</SimpleData>
            <SimpleData name="ci_UNIF">8397962.00000000000</SimpleData>
            <SimpleData name="Situación">NO</SimpleData>
            <SimpleData name="Comunidad">Ind?gena</SimpleData>
            <SimpleData name="Modelo_imp">Modelo 5</SimpleData>
            <SimpleData name="Departamen">CAAZAPA</SimpleData>
            <SimpleData name="Distrito">ABAI</SimpleData>
            <SimpleData name="Localidad"><![CDATA[COM INDIG YPETI - NARA'I]]></SimpleData>
            <SimpleData name="Teléfono">ND</SimpleData>
            <SimpleData name="Vivienda_L">-25.80339910000</SimpleData>
            <SimpleData name="Vivienda_1">-55.59235600000</SimpleData>
            <SimpleData name="Superficie">0.70000000000</SimpleData>
            <SimpleData name="Situaci_1">Pol?gono</SimpleData>
            <SimpleData name="Plantado">SI</SimpleData>
            <SimpleData name="Fecha_Plan">2025/11/24</SimpleData>
            <SimpleData name="Jornales">0.00000000000</SimpleData>
            <SimpleData name="Monto">0.00000000000</SimpleData>
            <SimpleData name="Grupo_de_p">B-P1-XX-XX-XX</SimpleData>
            <SimpleData name="Estado_del">Activo</SimpleData>
            <SimpleData name="Empresa">Unique Wood Paraguay SA</SimpleData>
            <SimpleData name="Lote">B</SimpleData>
            <SimpleData name="Parametro">0.00000000000</SimpleData>
            <SimpleData name="Sup_SIG">0.70874109025</SimpleData>
            <SimpleData name="X">-55.58437056000</SimpleData>
            <SimpleData name="Y">-25.81003644000</SimpleData>
            <SimpleData name="cedula">8397962</SimpleData>
          </SchemaData>
        </ExtendedData>
        <Polygon>
          <outerBoundaryIs>
            <LinearRing>
              <coordinates>
                -55.5838171002612,-25.8096210003009,0
                -55.5842584004862,-25.8105364001937,0
                -55.5848714000519,-25.8104697001322,0
                -55.5845651002278,-25.8095727000896,0
                -55.5838171002612,-25.8096210003009,0
              </coordinates>
            </LinearRing>
          </outerBoundaryIs>
        </Polygon>
      </Placemark>
      <Placemark id="Lote_B.77">
        <ExtendedData>
          <SchemaData schemaUrl="#Lote_B.schema">
            <SimpleData name="Cédula">6590460.00000000000</SimpleData>
            <SimpleData name="Nombres_y_">LIDIA MENDOZA CENTURION</SimpleData>
            <SimpleData name="Sexo">Mujer</SimpleData>
            <SimpleData name="Cambio_de_">NO</SimpleData>
            <SimpleData name="Titular_se">NO</SimpleData>
            <SimpleData name="ci_UNIF">6590460.00000000000</SimpleData>
            <SimpleData name="Situación">NO</SimpleData>
            <SimpleData name="Comunidad">Ind?gena</SimpleData>
            <SimpleData name="Modelo_imp">Modelo 1</SimpleData>
            <SimpleData name="Departamen">CAAZAPA</SimpleData>
            <SimpleData name="Distrito">ABAI</SimpleData>
            <SimpleData name="Localidad"><![CDATA[COM INDIG ?U APU'A]]></SimpleData>
            <SimpleData name="Teléfono">0982363086</SimpleData>
            <SimpleData name="Vivienda_L">-25.80662310000</SimpleData>
            <SimpleData name="Vivienda_1">-55.80606890000</SimpleData>
            <SimpleData name="Superficie">0.80000000000</SimpleData>
            <SimpleData name="Situaci_1">Par?metro</SimpleData>
            <SimpleData name="Plantado">SI</SimpleData>
            <SimpleData name="Fecha_Plan">2025/12/05</SimpleData>
            <SimpleData name="Jornales">0.00000000000</SimpleData>
            <SimpleData name="Monto">0.00000000000</SimpleData>
            <SimpleData name="Grupo_de_p">B-P2-XX-XX-XX</SimpleData>
            <SimpleData name="Estado_del">Activo</SimpleData>
            <SimpleData name="Empresa">Unique Wood Paraguay SA</SimpleData>
            <SimpleData name="Lote">B</SimpleData>
            <SimpleData name="Parametro">0.00000000000</SimpleData>
            <SimpleData name="Sup_SIG">0.81144908255</SimpleData>
            <SimpleData name="X">-55.80849168000</SimpleData>
            <SimpleData name="Y">-25.82067722000</SimpleData>
            <SimpleData name="cedula">6590460</SimpleData>
          </SchemaData>
        </ExtendedData>
        <Polygon>
          <outerBoundaryIs>
            <LinearRing>
              <coordinates>
                -55.8077392999286,-25.8208479996419,0
                -55.8086696999112,-25.8212081998986,0
                -55.8091414002953,-25.8201748996186,0
                -55.8083363001264,-25.8203258003718,0
                -55.8077392999286,-25.8208479996419,0
              </coordinates>
            </LinearRing>
          </outerBoundaryIs>
        </Polygon>
      </Placemark>
      <Placemark id="Lote_B.78">
        <ExtendedData>
          <SchemaData schemaUrl="#Lote_B.schema">
            <SimpleData name="Cédula">6717078.00000000000</SimpleData>
            <SimpleData name="Nombres_y_">VENJAMIN JAKANGI</SimpleData>
            <SimpleData name="Sexo">Hombre</SimpleData>
            <SimpleData name="Cambio_de_">NO</SimpleData>
            <SimpleData name="Titular_se">NO</SimpleData>
            <SimpleData name="ci_UNIF">6717078.00000000000</SimpleData>
            <SimpleData name="Situación">NO</SimpleData>
            <SimpleData name="Comunidad">Ind?gena</SimpleData>
            <SimpleData name="Modelo_imp">Modelo 4</SimpleData>
            <SimpleData name="Departamen">CAAZAPA</SimpleData>
            <SimpleData name="Distrito">ABAI</SimpleData>
            <SimpleData name="Localidad">COM INDIG YPETIMI</SimpleData>
            <SimpleData name="Teléfono">0985580297</SimpleData>
            <SimpleData name="Vivienda_L">-25.94109310000</SimpleData>
            <SimpleData name="Vivienda_1">-55.70498450000</SimpleData>
            <SimpleData name="Superficie">0.70000000000</SimpleData>
            <SimpleData name="Situaci_1">Pol?gono</SimpleData>
            <SimpleData name="Plantado">SI</SimpleData>
            <SimpleData name="Fecha_Plan">2025/09/23</SimpleData>
            <SimpleData name="Jornales">0.00000000000</SimpleData>
            <SimpleData name="Monto">0.00000000000</SimpleData>
            <SimpleData name="Grupo_de_p">B-P1-XX-XX-XX</SimpleData>
            <SimpleData name="Estado_del">Activo</SimpleData>
            <SimpleData name="Empresa">Unique Wood Paraguay SA</SimpleData>
            <SimpleData name="Lote">B</SimpleData>
            <SimpleData name="Parametro">0.00000000000</SimpleData>
            <SimpleData name="Sup_SIG">0.76177296775</SimpleData>
            <SimpleData name="X">-55.73180950000</SimpleData>
            <SimpleData name="Y">-25.95310291000</SimpleData>
            <SimpleData name="cedula">6717078</SimpleData>
          </SchemaData>
        </ExtendedData>
        <Polygon>
          <outerBoundaryIs>
            <LinearRing>
              <coordinates>
                -55.7312540065558,-25.9527002605065,0
                -55.7316146973608,-25.9535074106897,0
                -55.7316225529712,-25.9535010746564,0
                -55.7316249384633,-25.9534991508051,0
                -55.731634207024,-25.9535215297938,0
                -55.7316455568913,-25.9535489351476,0
                -55.7316515156383,-25.9535633192569,0
                -55.7316640512251,-25.9535935871132,0
                -55.7316815749836,-25.9536358975988,0
                -55.7320373506542,-25.9535579914888,0
                -55.7323415007822,-25.9534913091302,0
                -55.7319907004955,-25.9526030092776,0
                -55.7312540065558,-25.9527002605065,0
              </coordinates>
            </LinearRing>
          </outerBoundaryIs>
        </Polygon>
      </Placemark>
      <Placemark id="Lote_B.79">
        <ExtendedData>
          <SchemaData schemaUrl="#Lote_B.schema">
            <SimpleData name="Cédula">5615644.00000000000</SimpleData>
            <SimpleData name="Nombres_y_">JORGELINO VILLALBA FERNANDEZ</SimpleData>
            <SimpleData name="Sexo">Hombre</SimpleData>
            <SimpleData name="Cambio_de_">NO</SimpleData>
            <SimpleData name="Titular_se">NO</SimpleData>
            <SimpleData name="ci_UNIF">5615644.00000000000</SimpleData>
            <SimpleData name="Situación">NO</SimpleData>
            <SimpleData name="Comunidad">Ind?gena</SimpleData>
            <SimpleData name="Modelo_imp">Modelo 5</SimpleData>
            <SimpleData name="Departamen">CAAZAPA</SimpleData>
            <SimpleData name="Distrito">ABAI</SimpleData>
            <SimpleData name="Localidad"><![CDATA[COM INDIG YPETI - NARA'I]]></SimpleData>
            <SimpleData name="Teléfono">0982887576</SimpleData>
            <SimpleData name="Vivienda_L">-25.80349250000</SimpleData>
            <SimpleData name="Vivienda_1">-55.59532290000</SimpleData>
            <SimpleData name="Superficie">0.70000000000</SimpleData>
            <SimpleData name="Situaci_1">Pol?gono</SimpleData>
            <SimpleData name="Plantado">SI</SimpleData>
            <SimpleData name="Fecha_Plan">2025/11/28</SimpleData>
            <SimpleData name="Jornales">0.00000000000</SimpleData>
            <SimpleData name="Monto">0.00000000000</SimpleData>
            <SimpleData name="Grupo_de_p">B-P1-XX-XX-XX</SimpleData>
            <SimpleData name="Estado_del">Activo</SimpleData>
            <SimpleData name="Empresa">Unique Wood Paraguay SA</SimpleData>
            <SimpleData name="Lote">B</SimpleData>
            <SimpleData name="Parametro">0.00000000000</SimpleData>
            <SimpleData name="Sup_SIG">0.71650927942</SimpleData>
            <SimpleData name="X">-55.59332447000</SimpleData>
            <SimpleData name="Y">-25.80454206000</SimpleData>
            <SimpleData name="cedula">5615644</SimpleData>
          </SchemaData>
        </ExtendedData>
        <Polygon>
          <outerBoundaryIs>
            <LinearRing>
              <coordinates>
                -55.5928111998856,-25.8041917997381,0
                -55.5933024001646,-25.8051995999075,0
                -55.5938083997168,-25.8047804997754,0
                -55.5934178996271,-25.8039738993116,0
                -55.5928111998856,-25.8041917997381,0
              </coordinates>
            </LinearRing>
          </outerBoundaryIs>
        </Polygon>
      </Placemark>
      <Placemark id="Lote_B.80">
        <ExtendedData>
          <SchemaData schemaUrl="#Lote_B.schema">
            <SimpleData name="Cédula">4632374.00000000000</SimpleData>
            <SimpleData name="Nombres_y_">PABLITO BENITEZ RAMIREZ</SimpleData>
            <SimpleData name="Sexo">Mujer</SimpleData>
            <SimpleData name="Cambio_de_">NO</SimpleData>
            <SimpleData name="Titular_se">NO</SimpleData>
            <SimpleData name="ci_UNIF">4632374.00000000000</SimpleData>
            <SimpleData name="Situación">NO</SimpleData>
            <SimpleData name="Comunidad">Ind?gena</SimpleData>
            <SimpleData name="Modelo_imp">Modelo 5</SimpleData>
            <SimpleData name="Departamen">GUAIRA</SimpleData>
            <SimpleData name="Distrito">PASO YOBAI</SimpleData>
            <SimpleData name="Localidad">COM INDIG ARROYO HU</SimpleData>
            <SimpleData name="Teléfono">0984147165</SimpleData>
            <SimpleData name="Vivienda_L">-25.67281570000</SimpleData>
            <SimpleData name="Vivienda_1">-55.99094440000</SimpleData>
            <SimpleData name="Superficie">0.70000000000</SimpleData>
            <SimpleData name="Situaci_1">Pol?gono</SimpleData>
            <SimpleData name="Plantado">SI</SimpleData>
            <SimpleData name="Fecha_Plan">2025/10/22</SimpleData>
            <SimpleData name="Jornales">0.00000000000</SimpleData>
            <SimpleData name="Monto">0.00000000000</SimpleData>
            <SimpleData name="Grupo_de_p">B-P1-XX-XX-XX</SimpleData>
            <SimpleData name="Estado_del">Activo</SimpleData>
            <SimpleData name="Empresa">Unique Wood Paraguay SA</SimpleData>
            <SimpleData name="Lote">B</SimpleData>
            <SimpleData name="Parametro">0.00000000000</SimpleData>
            <SimpleData name="Sup_SIG">0.84835931454</SimpleData>
            <SimpleData name="X">-55.99189627000</SimpleData>
            <SimpleData name="Y">-25.67182570000</SimpleData>
            <SimpleData name="cedula">4632374</SimpleData>
          </SchemaData>
        </ExtendedData>
        <Polygon>
          <outerBoundaryIs>
            <LinearRing>
              <coordinates>
                -55.9912749999827,-25.6723133005479,0
                -55.9916833008167,-25.672535000193,0
                -55.9925683000081,-25.6714166998704,0
                -55.9919667003773,-25.6711583003884,0
                -55.9912749999827,-25.6723133005479,0
              </coordinates>
            </LinearRing>
          </outerBoundaryIs>
        </Polygon>
      </Placemark>
      <Placemark id="Lote_B.81">
        <ExtendedData>
          <SchemaData schemaUrl="#Lote_B.schema">
            <SimpleData name="Cédula">5451943.00000000000</SimpleData>
            <SimpleData name="Nombres_y_">FIDELINA JYRYGI</SimpleData>
            <SimpleData name="Sexo">Mujer</SimpleData>
            <SimpleData name="Cambio_de_">NO</SimpleData>
            <SimpleData name="Titular_se">NO</SimpleData>
            <SimpleData name="ci_UNIF">5451943.00000000000</SimpleData>
            <SimpleData name="Situación">NO</SimpleData>
            <SimpleData name="Comunidad">Ind?gena</SimpleData>
            <SimpleData name="Modelo_imp">Modelo 4</SimpleData>
            <SimpleData name="Departamen">CAAZAPA</SimpleData>
            <SimpleData name="Distrito">ABAI</SimpleData>
            <SimpleData name="Localidad">COM INDIG YPETIMI</SimpleData>
            <SimpleData name="Teléfono">0982945024</SimpleData>
            <SimpleData name="Vivienda_L">-25.94109620000</SimpleData>
            <SimpleData name="Vivienda_1">-55.70485530000</SimpleData>
            <SimpleData name="Superficie">0.70000000000</SimpleData>
            <SimpleData name="Situaci_1">Pol?gono</SimpleData>
            <SimpleData name="Plantado">SI</SimpleData>
            <SimpleData name="Fecha_Plan">2025/09/25</SimpleData>
            <SimpleData name="Jornales">0.00000000000</SimpleData>
            <SimpleData name="Monto">0.00000000000</SimpleData>
            <SimpleData name="Grupo_de_p">B-P1-XX-XX-XX</SimpleData>
            <SimpleData name="Estado_del">Activo</SimpleData>
            <SimpleData name="Empresa">Unique Wood Paraguay SA</SimpleData>
            <SimpleData name="Lote">B</SimpleData>
            <SimpleData name="Parametro">0.00000000000</SimpleData>
            <SimpleData name="Sup_SIG">0.72283768355</SimpleData>
            <SimpleData name="X">-55.73570845000</SimpleData>
            <SimpleData name="Y">-25.95792185000</SimpleData>
            <SimpleData name="cedula">5451943</SimpleData>
          </SchemaData>
        </ExtendedData>
        <Polygon>
          <outerBoundaryIs>
            <LinearRing>
              <coordinates>
                -55.735114934038,-25.9576180558697,0
                -55.7351318080742,-25.9576469456754,0
                -55.7351449130201,-25.9576691042707,0
                -55.7353011349867,-25.957933240407,0
                -55.7355452203103,-25.9583459293983,0
                -55.7355526493376,-25.9583584943075,0
                -55.735554221859,-25.9583611543092,0
                -55.7355583527991,-25.9583681414674,0
                -55.7355749089401,-25.9583961445534,0
                -55.7357196221224,-25.9583641372977,0
                -55.7357660775575,-25.9583538631137,0
                -55.7360241055836,-25.9582967940669,0
                -55.7362382738419,-25.9582494247762,0
                -55.7363164085306,-25.9582321436174,0
                -55.7358738514666,-25.9575289611112,0
                -55.7358585483039,-25.9575046454234,0
                -55.7358457277591,-25.9574842734136,0
                -55.7358130968193,-25.9574336091799,0
                -55.7357962919724,-25.9574380489406,0
                -55.7353176583466,-25.9575644972697,0
                -55.735159706032,-25.9576062268944,0
                -55.735114934038,-25.9576180558697,0
              </coordinates>
            </LinearRing>
          </outerBoundaryIs>
        </Polygon>
      </Placemark>
      <Placemark id="Lote_B.82">
        <ExtendedData>
          <SchemaData schemaUrl="#Lote_B.schema">
            <SimpleData name="Cédula">6652729.00000000000</SimpleData>
            <SimpleData name="Nombres_y_">RUFINA TATUGI</SimpleData>
            <SimpleData name="Sexo">Mujer</SimpleData>
            <SimpleData name="Cambio_de_">NO</SimpleData>
            <SimpleData name="Titular_se">NO</SimpleData>
            <SimpleData name="ci_UNIF">6652729.00000000000</SimpleData>
            <SimpleData name="Situación">NO</SimpleData>
            <SimpleData name="Comunidad">Ind?gena</SimpleData>
            <SimpleData name="Modelo_imp">Modelo 4</SimpleData>
            <SimpleData name="Departamen">CAAZAPA</SimpleData>
            <SimpleData name="Distrito">ABAI</SimpleData>
            <SimpleData name="Localidad">COM INDIG YPETIMI</SimpleData>
            <SimpleData name="Teléfono">0982937241</SimpleData>
            <SimpleData name="Vivienda_L">-25.94102330000</SimpleData>
            <SimpleData name="Vivienda_1">-55.70495830000</SimpleData>
            <SimpleData name="Superficie">0.70000000000</SimpleData>
            <SimpleData name="Situaci_1">Pol?gono</SimpleData>
            <SimpleData name="Plantado">SI</SimpleData>
            <SimpleData name="Fecha_Plan">2025/09/20</SimpleData>
            <SimpleData name="Jornales">0.00000000000</SimpleData>
            <SimpleData name="Monto">0.00000000000</SimpleData>
            <SimpleData name="Grupo_de_p">B-P1-XX-XX-XX</SimpleData>
            <SimpleData name="Estado_del">Activo</SimpleData>
            <SimpleData name="Empresa">Unique Wood Paraguay SA</SimpleData>
            <SimpleData name="Lote">B</SimpleData>
            <SimpleData name="Parametro">0.00000000000</SimpleData>
            <SimpleData name="Sup_SIG">0.70664021869</SimpleData>
            <SimpleData name="X">-55.73319660000</SimpleData>
            <SimpleData name="Y">-25.95282923000</SimpleData>
            <SimpleData name="cedula">6652729</SimpleData>
          </SchemaData>
        </ExtendedData>
        <Polygon>
          <outerBoundaryIs>
            <LinearRing>
              <coordinates>
                -55.7326951741555,-25.9524622137792,0
                -55.7327041876018,-25.9524604002848,0
                -55.7327157871048,-25.9524930461109,0
                -55.7327083308065,-25.9524945590412,0
                -55.7327041882989,-25.9524954003594,0
                -55.7328024456086,-25.9527369487568,0
                -55.7327715015872,-25.95264985491,0
                -55.7327880737256,-25.9526905950069,0
                -55.7330457834478,-25.953324137117,0
                -55.7330595870327,-25.9533561458278,0
                -55.7330608471986,-25.9533558814837,0
                -55.7330641043715,-25.9533627391777,0
                -55.7330655126565,-25.9533624454325,0
                -55.7331051537651,-25.953352783242,0
                -55.7336935042828,-25.9531973671851,0
                -55.7336860582164,-25.953177948466,0
                -55.7333548150655,-25.9523140390355,0
                -55.7327014153202,-25.9524466887422,0
                -55.73268981552,-25.9524490429809,0
                -55.7326951741555,-25.9524622137792,0
              </coordinates>
            </LinearRing>
          </outerBoundaryIs>
        </Polygon>
      </Placemark>
      <Placemark id="Lote_B.83">
        <ExtendedData>
          <SchemaData schemaUrl="#Lote_B.schema">
            <SimpleData name="Cédula">6204225.00000000000</SimpleData>
            <SimpleData name="Nombres_y_">JORGELINA DUARTE</SimpleData>
            <SimpleData name="Sexo">Mujer</SimpleData>
            <SimpleData name="Cambio_de_">NO</SimpleData>
            <SimpleData name="Titular_se">NO</SimpleData>
            <SimpleData name="ci_UNIF">6204225.00000000000</SimpleData>
            <SimpleData name="Situación">NO</SimpleData>
            <SimpleData name="Comunidad">Ind?gena</SimpleData>
            <SimpleData name="Modelo_imp">Modelo 5</SimpleData>
            <SimpleData name="Departamen">GUAIRA</SimpleData>
            <SimpleData name="Distrito">PASO YOBAI</SimpleData>
            <SimpleData name="Localidad">COM INDIG SANTA TERESITA</SimpleData>
            <SimpleData name="Teléfono">0986923043</SimpleData>
            <SimpleData name="Vivienda_L">-25.69802370000</SimpleData>
            <SimpleData name="Vivienda_1">-55.91208540000</SimpleData>
            <SimpleData name="Superficie">0.70000000000</SimpleData>
            <SimpleData name="Situaci_1">Pol?gono</SimpleData>
            <SimpleData name="Plantado">SI</SimpleData>
            <SimpleData name="Fecha_Plan">2025/10/01</SimpleData>
            <SimpleData name="Jornales">0.00000000000</SimpleData>
            <SimpleData name="Monto">0.00000000000</SimpleData>
            <SimpleData name="Grupo_de_p">B-P1-XX-XX-XX</SimpleData>
            <SimpleData name="Estado_del">Activo</SimpleData>
            <SimpleData name="Empresa">Unique Wood Paraguay SA</SimpleData>
            <SimpleData name="Lote">B</SimpleData>
            <SimpleData name="Parametro">0.00000000000</SimpleData>
            <SimpleData name="Sup_SIG">0.82478692664</SimpleData>
            <SimpleData name="X">-55.91205107000</SimpleData>
            <SimpleData name="Y">-25.69866730000</SimpleData>
            <SimpleData name="cedula">6204225</SimpleData>
          </SchemaData>
        </ExtendedData>
        <Polygon>
          <outerBoundaryIs>
            <LinearRing>
              <coordinates>
                -55.9113288997518,-25.6986436994149,0
                -55.9125274003172,-25.6992156997861,0
                -55.9126686999729,-25.698975600389,0
                -55.9126552005459,-25.6987000996775,0
                -55.9117440994435,-25.6980951002973,0
                -55.9113288997518,-25.6986436994149,0
              </coordinates>
            </LinearRing>
          </outerBoundaryIs>
        </Polygon>
      </Placemark>
      <Placemark id="Lote_B.84">
        <ExtendedData>
          <SchemaData schemaUrl="#Lote_B.schema">
            <SimpleData name="Cédula">5451911.00000000000</SimpleData>
            <SimpleData name="Nombres_y_">DIANA KUIPIRUGI</SimpleData>
            <SimpleData name="Sexo">Mujer</SimpleData>
            <SimpleData name="Cambio_de_">NO</SimpleData>
            <SimpleData name="Titular_se">NO</SimpleData>
            <SimpleData name="ci_UNIF">5451911.00000000000</SimpleData>
            <SimpleData name="Situación">NO</SimpleData>
            <SimpleData name="Comunidad">Ind?gena</SimpleData>
            <SimpleData name="Modelo_imp">Modelo 4</SimpleData>
            <SimpleData name="Departamen">CAAZAPA</SimpleData>
            <SimpleData name="Distrito">ABAI</SimpleData>
            <SimpleData name="Localidad">COM INDIG YPETIMI</SimpleData>
            <SimpleData name="Teléfono">0981055915</SimpleData>
            <SimpleData name="Vivienda_L">-25.94104180000</SimpleData>
            <SimpleData name="Vivienda_1">-55.70490100000</SimpleData>
            <SimpleData name="Superficie">0.70000000000</SimpleData>
            <SimpleData name="Situaci_1">Pol?gono</SimpleData>
            <SimpleData name="Plantado">SI</SimpleData>
            <SimpleData name="Fecha_Plan">2025/10/23</SimpleData>
            <SimpleData name="Jornales">0.00000000000</SimpleData>
            <SimpleData name="Monto">0.00000000000</SimpleData>
            <SimpleData name="Grupo_de_p">B-P1-XX-XX-XX</SimpleData>
            <SimpleData name="Estado_del">Activo</SimpleData>
            <SimpleData name="Empresa">Unique Wood Paraguay SA</SimpleData>
            <SimpleData name="Lote">B</SimpleData>
            <SimpleData name="Parametro">0.00000000000</SimpleData>
            <SimpleData name="Sup_SIG">0.73076005582</SimpleData>
            <SimpleData name="X">-55.72639051000</SimpleData>
            <SimpleData name="Y">-25.95433535000</SimpleData>
            <SimpleData name="cedula">5451911</SimpleData>
          </SchemaData>
        </ExtendedData>
        <Polygon>
          <outerBoundaryIs>
            <LinearRing>
              <coordinates>
                -55.7261553960985,-25.9547489889897,0
                -55.7261660970625,-25.9547907344597,0
                -55.7261661928986,-25.9547911090841,0
                -55.7268434319915,-25.9548484391614,0
                -55.7268465360846,-25.9548487021017,0
                -55.7268480666759,-25.9548488320289,0
                -55.7268574328406,-25.9548496249344,0
                -55.7267688576493,-25.9544931597821,0
                -55.7266635456706,-25.9540693462081,0
                -55.7266203861092,-25.9538752386978,0
                -55.7265734565306,-25.9538722284483,0
                -55.7259290184492,-25.953830889224,0
                -55.7259198917572,-25.9538303096356,0
                -55.7259444351605,-25.9539260519821,0
                -55.7261456161782,-25.9547108386578,0
                -55.7261553960985,-25.9547489889897,0
              </coordinates>
            </LinearRing>
          </outerBoundaryIs>
        </Polygon>
      </Placemark>
      <Placemark id="Lote_B.85">
        <ExtendedData>
          <SchemaData schemaUrl="#Lote_B.schema">
            <SimpleData name="Cédula">6543362.00000000000</SimpleData>
            <SimpleData name="Nombres_y_">MARTA CAROLINA CENTURION AMARILLA</SimpleData>
            <SimpleData name="Sexo">Mujer</SimpleData>
            <SimpleData name="Cambio_de_">NO</SimpleData>
            <SimpleData name="Titular_se">NO</SimpleData>
            <SimpleData name="ci_UNIF">6543362.00000000000</SimpleData>
            <SimpleData name="Situación">NO</SimpleData>
            <SimpleData name="Comunidad">Ind?gena</SimpleData>
            <SimpleData name="Modelo_imp">Modelo 2</SimpleData>
            <SimpleData name="Departamen">CAAZAPA</SimpleData>
            <SimpleData name="Distrito">ABAI</SimpleData>
            <SimpleData name="Localidad"><![CDATA[COM INDIG ?U APU'A]]></SimpleData>
            <SimpleData name="Teléfono">0984231556</SimpleData>
            <SimpleData name="Vivienda_L">-25.81896860000</SimpleData>
            <SimpleData name="Vivienda_1">-55.80299620000</SimpleData>
            <SimpleData name="Superficie">0.80000000000</SimpleData>
            <SimpleData name="Situaci_1">Par?metro</SimpleData>
            <SimpleData name="Plantado">SI</SimpleData>
            <SimpleData name="Fecha_Plan">2025/12/05</SimpleData>
            <SimpleData name="Jornales">0.00000000000</SimpleData>
            <SimpleData name="Monto">0.00000000000</SimpleData>
            <SimpleData name="Grupo_de_p">B-P2-XX-XX-XX</SimpleData>
            <SimpleData name="Estado_del">Activo</SimpleData>
            <SimpleData name="Empresa">Unique Wood Paraguay SA</SimpleData>
            <SimpleData name="Lote">B</SimpleData>
            <SimpleData name="Parametro">0.00000000000</SimpleData>
            <SimpleData name="Sup_SIG">0.83373875928</SimpleData>
            <SimpleData name="X">-55.80802452000</SimpleData>
            <SimpleData name="Y">-25.82141497000</SimpleData>
            <SimpleData name="cedula">6543362</SimpleData>
          </SchemaData>
        </ExtendedData>
        <Polygon>
          <outerBoundaryIs>
            <LinearRing>
              <coordinates>
                -55.8073457001237,-25.8214826002275,0
                -55.8083350001336,-25.8219632002221,0
                -55.8086466998432,-25.8212632995883,0
                -55.8077569996857,-25.8209062997574,0
                -55.8073457001237,-25.8214826002275,0
              </coordinates>
            </LinearRing>
          </outerBoundaryIs>
        </Polygon>
      </Placemark>
      <Placemark id="Lote_B.86">
        <ExtendedData>
          <SchemaData schemaUrl="#Lote_B.schema">
            <SimpleData name="Cédula">6204318.00000000000</SimpleData>
            <SimpleData name="Nombres_y_">OLGA VILLALBA DUARTE</SimpleData>
            <SimpleData name="Sexo">Mujer</SimpleData>
            <SimpleData name="Cambio_de_">NO</SimpleData>
            <SimpleData name="Titular_se">NO</SimpleData>
            <SimpleData name="ci_UNIF">6204318.00000000000</SimpleData>
            <SimpleData name="Situación">NO</SimpleData>
            <SimpleData name="Comunidad">Ind?gena</SimpleData>
            <SimpleData name="Modelo_imp">Modelo 6</SimpleData>
            <SimpleData name="Departamen">GUAIRA</SimpleData>
            <SimpleData name="Distrito">PASO YOBAI</SimpleData>
            <SimpleData name="Localidad">COM INDIG SANTA TERESITA</SimpleData>
            <SimpleData name="Teléfono">0986923043</SimpleData>
            <SimpleData name="Vivienda_L">-25.69787040000</SimpleData>
            <SimpleData name="Vivienda_1">-55.89704450000</SimpleData>
            <SimpleData name="Superficie">0.90000000000</SimpleData>
            <SimpleData name="Situaci_1">Pol?gono</SimpleData>
            <SimpleData name="Plantado">SI</SimpleData>
            <SimpleData name="Fecha_Plan">2025/10/08</SimpleData>
            <SimpleData name="Jornales">0.00000000000</SimpleData>
            <SimpleData name="Monto">0.00000000000</SimpleData>
            <SimpleData name="Grupo_de_p">B-P1-XX-XX-XX</SimpleData>
            <SimpleData name="Estado_del">Activo</SimpleData>
            <SimpleData name="Empresa">Unique Wood Paraguay SA</SimpleData>
            <SimpleData name="Lote">B</SimpleData>
            <SimpleData name="Parametro">0.00000000000</SimpleData>
            <SimpleData name="Sup_SIG">0.97159959758</SimpleData>
            <SimpleData name="X">-55.89787263000</SimpleData>
            <SimpleData name="Y">-25.69718825000</SimpleData>
            <SimpleData name="cedula">6204318</SimpleData>
          </SchemaData>
        </ExtendedData>
        <Polygon>
          <outerBoundaryIs>
            <LinearRing>
              <coordinates>
                -55.8974767001487,-25.6967832998772,0
                -55.8975367004184,-25.6978332998725,0
                -55.8983267004928,-25.6976899999881,0
                -55.8981299996577,-25.6964982997162,0
                -55.8976083007686,-25.6966099998824,0
                -55.8974767001487,-25.6967832998772,0
              </coordinates>
            </LinearRing>
          </outerBoundaryIs>
        </Polygon>
      </Placemark>
      <Placemark id="Lote_B.87">
        <ExtendedData>
          <SchemaData schemaUrl="#Lote_B.schema">
            <SimpleData name="Cédula">6204332.00000000000</SimpleData>
            <SimpleData name="Nombres_y_">VALERIO CENTURION GIMENEZ</SimpleData>
            <SimpleData name="Sexo">Hombre</SimpleData>
            <SimpleData name="Cambio_de_">NO</SimpleData>
            <SimpleData name="Titular_se">NO</SimpleData>
            <SimpleData name="ci_UNIF">6204332.00000000000</SimpleData>
            <SimpleData name="Situación">NO</SimpleData>
            <SimpleData name="Comunidad">Ind?gena</SimpleData>
            <SimpleData name="Modelo_imp">Modelo 4</SimpleData>
            <SimpleData name="Departamen">GUAIRA</SimpleData>
            <SimpleData name="Distrito">PASO YOBAI</SimpleData>
            <SimpleData name="Localidad">COM INDIG SANTA TERESITA</SimpleData>
            <SimpleData name="Teléfono">0986576408</SimpleData>
            <SimpleData name="Vivienda_L">-25.67552540000</SimpleData>
            <SimpleData name="Vivienda_1">-55.94336630000</SimpleData>
            <SimpleData name="Superficie">0.70000000000</SimpleData>
            <SimpleData name="Situaci_1">Pol?gono</SimpleData>
            <SimpleData name="Plantado">SI</SimpleData>
            <SimpleData name="Fecha_Plan">2025/10/20</SimpleData>
            <SimpleData name="Jornales">0.00000000000</SimpleData>
            <SimpleData name="Monto">0.00000000000</SimpleData>
            <SimpleData name="Grupo_de_p">B-P1-XX-XX-XX</SimpleData>
            <SimpleData name="Estado_del">Activo</SimpleData>
            <SimpleData name="Empresa">Unique Wood Paraguay SA</SimpleData>
            <SimpleData name="Lote">B</SimpleData>
            <SimpleData name="Parametro">0.00000000000</SimpleData>
            <SimpleData name="Sup_SIG">0.80294572146</SimpleData>
            <SimpleData name="X">-55.94185411000</SimpleData>
            <SimpleData name="Y">-25.67630147000</SimpleData>
            <SimpleData name="cedula">6204332</SimpleData>
          </SchemaData>
        </ExtendedData>
        <Polygon>
          <outerBoundaryIs>
            <LinearRing>
              <coordinates>
                -55.9413000002238,-25.6762638996577,0
                -55.941956400324,-25.6770047001841,0
                -55.9423787004386,-25.6761725999569,0
                -55.9417769001917,-25.6756805995331,0
                -55.9413000002238,-25.6762638996577,0
              </coordinates>
            </LinearRing>
          </outerBoundaryIs>
        </Polygon>
      </Placemark>
      <Placemark id="Lote_B.88">
        <ExtendedData>
          <SchemaData schemaUrl="#Lote_B.schema">
            <SimpleData name="Cédula">6198518.00000000000</SimpleData>
            <SimpleData name="Nombres_y_">EDGAR RAMIREZ MENDOZA</SimpleData>
            <SimpleData name="Sexo">Hombre</SimpleData>
            <SimpleData name="Cambio_de_">NO</SimpleData>
            <SimpleData name="Titular_se">NO</SimpleData>
            <SimpleData name="ci_UNIF">6198518.00000000000</SimpleData>
            <SimpleData name="Situación">NO</SimpleData>
            <SimpleData name="Comunidad">Ind?gena</SimpleData>
            <SimpleData name="Modelo_imp">Modelo 4</SimpleData>
            <SimpleData name="Departamen">GUAIRA</SimpleData>
            <SimpleData name="Distrito">PASO YOBAI</SimpleData>
            <SimpleData name="Localidad">COM INDIG ARROYO HU</SimpleData>
            <SimpleData name="Teléfono">0983317196</SimpleData>
            <SimpleData name="Vivienda_L">-25.66949590000</SimpleData>
            <SimpleData name="Vivienda_1">-55.97604320000</SimpleData>
            <SimpleData name="Superficie">0.70000000000</SimpleData>
            <SimpleData name="Situaci_1">Pol?gono</SimpleData>
            <SimpleData name="Plantado">SI</SimpleData>
            <SimpleData name="Fecha_Plan">2025/10/01</SimpleData>
            <SimpleData name="Jornales">0.00000000000</SimpleData>
            <SimpleData name="Monto">0.00000000000</SimpleData>
            <SimpleData name="Grupo_de_p">B-P1-XX-XX-XX</SimpleData>
            <SimpleData name="Estado_del">Activo</SimpleData>
            <SimpleData name="Empresa">Unique Wood Paraguay SA</SimpleData>
            <SimpleData name="Lote">B</SimpleData>
            <SimpleData name="Parametro">0.00000000000</SimpleData>
            <SimpleData name="Sup_SIG">0.78273344057</SimpleData>
            <SimpleData name="X">-55.97877262000</SimpleData>
            <SimpleData name="Y">-25.66889369000</SimpleData>
            <SimpleData name="cedula">6198518</SimpleData>
          </SchemaData>
        </ExtendedData>
        <Polygon>
          <outerBoundaryIs>
            <LinearRing>
              <coordinates>
                -55.9782599997825,-25.6687633004315,0
                -55.9787133005332,-25.6695700005533,0
                -55.9794381000494,-25.6687132004156,0
                -55.9784106003413,-25.668387499532,0
                -55.9782599997825,-25.6687633004315,0
              </coordinates>
            </LinearRing>
          </outerBoundaryIs>
        </Polygon>
      </Placemark>
      <Placemark id="Lote_B.89">
        <ExtendedData>
          <SchemaData schemaUrl="#Lote_B.schema">
            <SimpleData name="Cédula">5699093.00000000000</SimpleData>
            <SimpleData name="Nombres_y_">ELENA BENITEZ MBYVANGI</SimpleData>
            <SimpleData name="Sexo">Mujer</SimpleData>
            <SimpleData name="Cambio_de_">NO</SimpleData>
            <SimpleData name="Titular_se">NO</SimpleData>
            <SimpleData name="ci_UNIF">5699093.00000000000</SimpleData>
            <SimpleData name="Situación">NO</SimpleData>
            <SimpleData name="Comunidad">Ind?gena</SimpleData>
            <SimpleData name="Modelo_imp">Modelo 4</SimpleData>
            <SimpleData name="Departamen">CAAZAPA</SimpleData>
            <SimpleData name="Distrito">ABAI</SimpleData>
            <SimpleData name="Localidad">COM INDIG YPETIMI</SimpleData>
            <SimpleData name="Teléfono">ND</SimpleData>
            <SimpleData name="Vivienda_L">-25.94107350000</SimpleData>
            <SimpleData name="Vivienda_1">-55.70500820000</SimpleData>
            <SimpleData name="Superficie">0.70000000000</SimpleData>
            <SimpleData name="Situaci_1">Pol?gono</SimpleData>
            <SimpleData name="Plantado">SI</SimpleData>
            <SimpleData name="Fecha_Plan">2025/09/23</SimpleData>
            <SimpleData name="Jornales">0.00000000000</SimpleData>
            <SimpleData name="Monto">0.00000000000</SimpleData>
            <SimpleData name="Grupo_de_p">B-P1-XX-XX-XX</SimpleData>
            <SimpleData name="Estado_del">Activo</SimpleData>
            <SimpleData name="Empresa">Unique Wood Paraguay SA</SimpleData>
            <SimpleData name="Lote">B</SimpleData>
            <SimpleData name="Parametro">0.00000000000</SimpleData>
            <SimpleData name="Sup_SIG">0.71141189718</SimpleData>
            <SimpleData name="X">-55.73188638000</SimpleData>
            <SimpleData name="Y">-25.95502306000</SimpleData>
            <SimpleData name="cedula">5699093</SimpleData>
          </SchemaData>
        </ExtendedData>
        <Polygon>
          <outerBoundaryIs>
            <LinearRing>
              <coordinates>
                -55.7316715199767,-25.9554698984686,0
                -55.7317186666952,-25.9555851292516,0
                -55.7317226871397,-25.9555833876532,0
                -55.7319400295862,-25.9554892547784,0
                -55.7323420664767,-25.9553151279762,0
                -55.732335260959,-25.9552945645674,0
                -55.7323343090719,-25.9552916869619,0
                -55.7323296840709,-25.9552777082014,0
                -55.7323483634262,-25.9552675674726,0
                -55.732345816862,-25.955260286227,0
                -55.732090462052,-25.9545300932138,0
                -55.7320771625601,-25.9544920622803,0
                -55.7320540626599,-25.9544260048852,0
                -55.7320218251446,-25.9544439837005,0
                -55.7319271850315,-25.954498832078,0
                -55.7313993660049,-25.9548047297313,0
                -55.7316715199767,-25.9554698984686,0
              </coordinates>
            </LinearRing>
          </outerBoundaryIs>
        </Polygon>
      </Placemark>
      <Placemark id="Lote_B.90">
        <ExtendedData>
          <SchemaData schemaUrl="#Lote_B.schema">
            <SimpleData name="Cédula">6198516.00000000000</SimpleData>
            <SimpleData name="Nombres_y_">MARIA FERNANDEZ FLORES</SimpleData>
            <SimpleData name="Sexo">Mujer</SimpleData>
            <SimpleData name="Cambio_de_">NO</SimpleData>
            <SimpleData name="Titular_se">NO</SimpleData>
            <SimpleData name="ci_UNIF">6198516.00000000000</SimpleData>
            <SimpleData name="Situación">NO</SimpleData>
            <SimpleData name="Comunidad">Ind?gena</SimpleData>
            <SimpleData name="Modelo_imp">Modelo 4</SimpleData>
            <SimpleData name="Departamen">GUAIRA</SimpleData>
            <SimpleData name="Distrito">PASO YOBAI</SimpleData>
            <SimpleData name="Localidad">COM INDIG SANTA TERESITA</SimpleData>
            <SimpleData name="Teléfono">0985766236</SimpleData>
            <SimpleData name="Vivienda_L">-25.68663370000</SimpleData>
            <SimpleData name="Vivienda_1">-55.93410880000</SimpleData>
            <SimpleData name="Superficie">0.70000000000</SimpleData>
            <SimpleData name="Situaci_1">Pol?gono</SimpleData>
            <SimpleData name="Plantado">SI</SimpleData>
            <SimpleData name="Fecha_Plan">2025/10/20</SimpleData>
            <SimpleData name="Jornales">0.00000000000</SimpleData>
            <SimpleData name="Monto">0.00000000000</SimpleData>
            <SimpleData name="Grupo_de_p">B-P2-XX-XX-XX</SimpleData>
            <SimpleData name="Estado_del">Activo</SimpleData>
            <SimpleData name="Empresa">Unique Wood Paraguay SA</SimpleData>
            <SimpleData name="Lote">B</SimpleData>
            <SimpleData name="Parametro">0.00000000000</SimpleData>
            <SimpleData name="Sup_SIG">0.94283033264</SimpleData>
            <SimpleData name="X">-55.93296528000</SimpleData>
            <SimpleData name="Y">-25.68682535000</SimpleData>
            <SimpleData name="cedula">6198516</SimpleData>
          </SchemaData>
        </ExtendedData>
        <Polygon>
          <outerBoundaryIs>
            <LinearRing>
              <coordinates>
                -55.9321667003796,-25.6870333002589,0
                -55.9323517001932,-25.6873166998022,0
                -55.933466700558,-25.6871066998251,0
                -55.9335033003441,-25.6860767000638,0
                -55.9321667003796,-25.6870333002589,0
              </coordinates>
            </LinearRing>
          </outerBoundaryIs>
        </Polygon>
      </Placemark>
      <Placemark id="Lote_B.91">
        <ExtendedData>
          <SchemaData schemaUrl="#Lote_B.schema">
            <SimpleData name="Cédula">5451967.00000000000</SimpleData>
            <SimpleData name="Nombres_y_">VICENTA CHENGYGI</SimpleData>
            <SimpleData name="Sexo">Mujer</SimpleData>
            <SimpleData name="Cambio_de_">NO</SimpleData>
            <SimpleData name="Titular_se">NO</SimpleData>
            <SimpleData name="ci_UNIF">5451967.00000000000</SimpleData>
            <SimpleData name="Situación">NO</SimpleData>
            <SimpleData name="Comunidad">Ind?gena</SimpleData>
            <SimpleData name="Modelo_imp">Modelo 4</SimpleData>
            <SimpleData name="Departamen">CAAZAPA</SimpleData>
            <SimpleData name="Distrito">ABAI</SimpleData>
            <SimpleData name="Localidad">COM INDIG YPETIMI</SimpleData>
            <SimpleData name="Teléfono">0984047022</SimpleData>
            <SimpleData name="Vivienda_L">-25.94102190000</SimpleData>
            <SimpleData name="Vivienda_1">-55.70487700000</SimpleData>
            <SimpleData name="Superficie">0.70000000000</SimpleData>
            <SimpleData name="Situaci_1">Pol?gono</SimpleData>
            <SimpleData name="Plantado">SI</SimpleData>
            <SimpleData name="Fecha_Plan">2025/09/25</SimpleData>
            <SimpleData name="Jornales">0.00000000000</SimpleData>
            <SimpleData name="Monto">0.00000000000</SimpleData>
            <SimpleData name="Grupo_de_p">B-P1-XX-XX-XX</SimpleData>
            <SimpleData name="Estado_del">Activo</SimpleData>
            <SimpleData name="Empresa">Unique Wood Paraguay SA</SimpleData>
            <SimpleData name="Lote">B</SimpleData>
            <SimpleData name="Parametro">0.00000000000</SimpleData>
            <SimpleData name="Sup_SIG">0.70429649576</SimpleData>
            <SimpleData name="X">-55.73404015000</SimpleData>
            <SimpleData name="Y">-25.95453634000</SimpleData>
            <SimpleData name="cedula">5451967</SimpleData>
          </SchemaData>
        </ExtendedData>
        <Polygon>
          <outerBoundaryIs>
            <LinearRing>
              <coordinates>
                -55.7341369842476,-25.9539954594723,0
                -55.7341321164467,-25.9539969734357,0
                -55.7341420157775,-25.9540243857907,0
                -55.7341429478906,-25.9540269679793,0
                -55.7339094368326,-25.954109553546,0
                -55.7338928017064,-25.954115437345,0
                -55.7338484510633,-25.9541311230367,0
                -55.7336693943163,-25.9541944479834,0
                -55.7336572532926,-25.9541987414076,0
                -55.7336464565872,-25.9542025599498,0
                -55.7336324559571,-25.9542075115397,0
                -55.7336115572623,-25.9542149027993,0
                -55.7335965411138,-25.9542202138682,0
                -55.7335960569196,-25.9542203847869,0
                -55.7335679884836,-25.9542303117449,0
                -55.7335432984002,-25.9542390439767,0
                -55.7335400142779,-25.954240205213,0
                -55.7335392032671,-25.9542404924498,0
                -55.7335905912342,-25.9543736010902,0
                -55.7336978900089,-25.9546515353993,0
                -55.7338461508246,-25.9550355692978,0
                -55.7345172926317,-25.9548813517357,0
                -55.7345472500941,-25.9548744674767,0
                -55.7345468796302,-25.9548735288811,0
                -55.7342093938179,-25.9540172130039,0
                -55.7342081629079,-25.9540140882963,0
                -55.7341950719193,-25.9539808733825,0
                -55.7341938477877,-25.9539777685968,0
                -55.7341369842476,-25.9539954594723,0
              </coordinates>
            </LinearRing>
          </outerBoundaryIs>
        </Polygon>
      </Placemark>
      <Placemark id="Lote_B.92">
        <ExtendedData>
          <SchemaData schemaUrl="#Lote_B.schema">
            <SimpleData name="Cédula">5451978.00000000000</SimpleData>
            <SimpleData name="Nombres_y_">MAXIMA PAYVAPURANGI</SimpleData>
            <SimpleData name="Sexo">Mujer</SimpleData>
            <SimpleData name="Cambio_de_">NO</SimpleData>
            <SimpleData name="Titular_se">NO</SimpleData>
            <SimpleData name="ci_UNIF">5451978.00000000000</SimpleData>
            <SimpleData name="Situación">NO</SimpleData>
            <SimpleData name="Comunidad">Ind?gena</SimpleData>
            <SimpleData name="Modelo_imp">Modelo 4</SimpleData>
            <SimpleData name="Departamen">CAAZAPA</SimpleData>
            <SimpleData name="Distrito">ABAI</SimpleData>
            <SimpleData name="Localidad">COM INDIG YPETIMI</SimpleData>
            <SimpleData name="Teléfono">0981686607</SimpleData>
            <SimpleData name="Vivienda_L">-25.94120360000</SimpleData>
            <SimpleData name="Vivienda_1">-55.70491820000</SimpleData>
            <SimpleData name="Superficie">0.70000000000</SimpleData>
            <SimpleData name="Situaci_1">Pol?gono</SimpleData>
            <SimpleData name="Plantado">SI</SimpleData>
            <SimpleData name="Fecha_Plan">2025/09/25</SimpleData>
            <SimpleData name="Jornales">0.00000000000</SimpleData>
            <SimpleData name="Monto">0.00000000000</SimpleData>
            <SimpleData name="Grupo_de_p">B-P1-XX-XX-XX</SimpleData>
            <SimpleData name="Estado_del">Activo</SimpleData>
            <SimpleData name="Empresa">Unique Wood Paraguay SA</SimpleData>
            <SimpleData name="Lote">B</SimpleData>
            <SimpleData name="Parametro">0.00000000000</SimpleData>
            <SimpleData name="Sup_SIG">0.70301320022</SimpleData>
            <SimpleData name="X">-55.73368777000</SimpleData>
            <SimpleData name="Y">-25.95555329000</SimpleData>
            <SimpleData name="cedula">5451978</SimpleData>
          </SchemaData>
        </ExtendedData>
        <Polygon>
          <outerBoundaryIs>
            <LinearRing>
              <coordinates>
                -55.7331257521545,-25.955208316257,0
                -55.7335238555821,-25.956011037638,0
                -55.7335758424911,-25.9559977364945,0
                -55.7342469162858,-25.9559254836353,0
                -55.7338496247508,-25.9550857388118,0
                -55.7338492214384,-25.9550848838928,0
                -55.7338489882949,-25.955084272427,0
                -55.7338486647932,-25.9550834254288,0
                -55.7337830201869,-25.955094767223,0
                -55.7331563728142,-25.955203026215,0
                -55.7331498342524,-25.9552041562569,0
                -55.7331257521545,-25.955208316257,0
              </coordinates>
            </LinearRing>
          </outerBoundaryIs>
        </Polygon>
      </Placemark>
      <Placemark id="Lote_B.93">
        <ExtendedData>
          <SchemaData schemaUrl="#Lote_B.schema">
            <SimpleData name="Cédula">6770019.00000000000</SimpleData>
            <SimpleData name="Nombres_y_">NOELIA AMARILLA BENITEZ</SimpleData>
            <SimpleData name="Sexo">Mujer</SimpleData>
            <SimpleData name="Cambio_de_">NO</SimpleData>
            <SimpleData name="Titular_se">NO</SimpleData>
            <SimpleData name="ci_UNIF">6770019.00000000000</SimpleData>
            <SimpleData name="Situación">NO</SimpleData>
            <SimpleData name="Comunidad">Ind?gena</SimpleData>
            <SimpleData name="Modelo_imp">Modelo 4</SimpleData>
            <SimpleData name="Departamen">CAAZAPA</SimpleData>
            <SimpleData name="Distrito">ABAI</SimpleData>
            <SimpleData name="Localidad"><![CDATA[COM INDIG ?U APU'A]]></SimpleData>
            <SimpleData name="Teléfono">0984089607</SimpleData>
            <SimpleData name="Vivienda_L">-25.81020150000</SimpleData>
            <SimpleData name="Vivienda_1">-55.80847980000</SimpleData>
            <SimpleData name="Superficie">0.70000000000</SimpleData>
            <SimpleData name="Situaci_1">Par?metro</SimpleData>
            <SimpleData name="Plantado">SI</SimpleData>
            <SimpleData name="Fecha_Plan">2025/11/29</SimpleData>
            <SimpleData name="Jornales">0.00000000000</SimpleData>
            <SimpleData name="Monto">0.00000000000</SimpleData>
            <SimpleData name="Grupo_de_p">B-P2-XX-XX-XX</SimpleData>
            <SimpleData name="Estado_del">Activo</SimpleData>
            <SimpleData name="Empresa">Unique Wood Paraguay SA</SimpleData>
            <SimpleData name="Lote">B</SimpleData>
            <SimpleData name="Parametro">0.00000000000</SimpleData>
            <SimpleData name="Sup_SIG">0.70446017384</SimpleData>
            <SimpleData name="X">-55.80642698000</SimpleData>
            <SimpleData name="Y">-25.80463060000</SimpleData>
            <SimpleData name="cedula">6770019</SimpleData>
          </SchemaData>
        </ExtendedData>
        <Polygon>
          <outerBoundaryIs>
            <LinearRing>
              <coordinates>
                -55.8063810011258,-25.805104631387,0
                -55.8066756561923,-25.8051882839702,0
                -55.8066816994992,-25.8051900003052,0
                -55.8068085794226,-25.8042274805713,0
                -55.8068100000319,-25.8042167000099,0
                -55.8064596170584,-25.8041265969003,0
                -55.8062266996001,-25.8040667002441,0
                -55.805995899986,-25.8049953003816,0
                -55.8063810011258,-25.805104631387,0
              </coordinates>
            </LinearRing>
          </outerBoundaryIs>
        </Polygon>
      </Placemark>
      <Placemark id="Lote_B.94">
        <ExtendedData>
          <SchemaData schemaUrl="#Lote_B.schema">
            <SimpleData name="Cédula">5451946.00000000000</SimpleData>
            <SimpleData name="Nombres_y_">CRESENCIA KRAJAGI</SimpleData>
            <SimpleData name="Sexo">Mujer</SimpleData>
            <SimpleData name="Cambio_de_">NO</SimpleData>
            <SimpleData name="Titular_se">NO</SimpleData>
            <SimpleData name="ci_UNIF">5451946.00000000000</SimpleData>
            <SimpleData name="Situación">NO</SimpleData>
            <SimpleData name="Comunidad">Ind?gena</SimpleData>
            <SimpleData name="Modelo_imp">Modelo 4</SimpleData>
            <SimpleData name="Departamen">CAAZAPA</SimpleData>
            <SimpleData name="Distrito">ABAI</SimpleData>
            <SimpleData name="Localidad">COM INDIG YPETIMI</SimpleData>
            <SimpleData name="Teléfono">0983591047</SimpleData>
            <SimpleData name="Vivienda_L">-25.94120660000</SimpleData>
            <SimpleData name="Vivienda_1">-55.70505640000</SimpleData>
            <SimpleData name="Superficie">0.70000000000</SimpleData>
            <SimpleData name="Situaci_1">Par?metro</SimpleData>
            <SimpleData name="Plantado">SI</SimpleData>
            <SimpleData name="Fecha_Plan">2025/11/28</SimpleData>
            <SimpleData name="Jornales">0.00000000000</SimpleData>
            <SimpleData name="Monto">0.00000000000</SimpleData>
            <SimpleData name="Grupo_de_p">B-P2-XX-XX-XX</SimpleData>
            <SimpleData name="Estado_del">Activo</SimpleData>
            <SimpleData name="Empresa">Unique Wood Paraguay SA</SimpleData>
            <SimpleData name="Lote">B</SimpleData>
            <SimpleData name="Parametro">0.00000000000</SimpleData>
            <SimpleData name="Sup_SIG">0.78503700762</SimpleData>
            <SimpleData name="X">-55.73701344000</SimpleData>
            <SimpleData name="Y">-25.96026879000</SimpleData>
            <SimpleData name="cedula">5451946</SimpleData>
          </SchemaData>
        </ExtendedData>
        <Polygon>
          <outerBoundaryIs>
            <LinearRing>
              <coordinates>
                -55.736393122989,-25.9599808683078,0
                -55.7368013588037,-25.9607247557166,0
                -55.7376637706491,-25.9605770868454,0
                -55.7371624613662,-25.9597800946775,0
                -55.736393122989,-25.9599808683078,0
              </coordinates>
            </LinearRing>
          </outerBoundaryIs>
        </Polygon>
      </Placemark>
      <Placemark id="Lote_B.95">
        <ExtendedData>
          <SchemaData schemaUrl="#Lote_B.schema">
            <SimpleData name="Cédula">6771644.00000000000</SimpleData>
            <SimpleData name="Nombres_y_">CLAUDIA TATUGI</SimpleData>
            <SimpleData name="Sexo">Mujer</SimpleData>
            <SimpleData name="Cambio_de_">NO</SimpleData>
            <SimpleData name="Titular_se">NO</SimpleData>
            <SimpleData name="ci_UNIF">6771644.00000000000</SimpleData>
            <SimpleData name="Situación">NO</SimpleData>
            <SimpleData name="Comunidad">Ind?gena</SimpleData>
            <SimpleData name="Modelo_imp">Modelo 4</SimpleData>
            <SimpleData name="Departamen">CAAZAPA</SimpleData>
            <SimpleData name="Distrito">ABAI</SimpleData>
            <SimpleData name="Localidad">COM INDIG YPETIMI</SimpleData>
            <SimpleData name="Teléfono">0984613773</SimpleData>
            <SimpleData name="Vivienda_L">-25.94109750000</SimpleData>
            <SimpleData name="Vivienda_1">-55.70498540000</SimpleData>
            <SimpleData name="Superficie">0.70000000000</SimpleData>
            <SimpleData name="Situaci_1">Pol?gono</SimpleData>
            <SimpleData name="Plantado">SI</SimpleData>
            <SimpleData name="Fecha_Plan">2025/09/23</SimpleData>
            <SimpleData name="Jornales">0.00000000000</SimpleData>
            <SimpleData name="Monto">0.00000000000</SimpleData>
            <SimpleData name="Grupo_de_p">B-P1-XX-XX-XX</SimpleData>
            <SimpleData name="Estado_del">Activo</SimpleData>
            <SimpleData name="Empresa">Unique Wood Paraguay SA</SimpleData>
            <SimpleData name="Lote">B</SimpleData>
            <SimpleData name="Parametro">0.00000000000</SimpleData>
            <SimpleData name="Sup_SIG">0.71129962190</SimpleData>
            <SimpleData name="X">-55.73377427000</SimpleData>
            <SimpleData name="Y">-25.95739456000</SimpleData>
            <SimpleData name="cedula">6771644</SimpleData>
          </SchemaData>
        </ExtendedData>
        <Polygon>
          <outerBoundaryIs>
            <LinearRing>
              <coordinates>
                -55.733188704585,-25.9570371292992,0
                -55.7336309638354,-25.9578028486476,0
                -55.7336854066759,-25.957897108858,0
                -55.733752854707,-25.9578817390454,0
                -55.7343125065817,-25.9577542031129,0
                -55.7343287042944,-25.9577505112004,0
                -55.7343171150716,-25.9577269031624,0
                -55.7343161493993,-25.9577249346229,0
                -55.7343108918663,-25.9577142259472,0
                -55.7343077985921,-25.9577149031306,0
                -55.7342983000431,-25.9576935957851,0
                -55.7342739797103,-25.9576390403475,0
                -55.7341929109896,-25.9574739082134,0
                -55.7341790610472,-25.9574456966065,0
                -55.734134635707,-25.9573552050987,0
                -55.7341212901352,-25.9573280208309,0
                -55.7339407677101,-25.9569603095002,0
                -55.7339204044588,-25.9569188303445,0
                -55.7339078979754,-25.9569208517111,0
                -55.7332329340896,-25.9570299774714,0
                -55.733188704585,-25.9570371292992,0
              </coordinates>
            </LinearRing>
          </outerBoundaryIs>
        </Polygon>
      </Placemark>
      <Placemark id="Lote_B.96">
        <ExtendedData>
          <SchemaData schemaUrl="#Lote_B.schema">
            <SimpleData name="Cédula">4600261.00000000000</SimpleData>
            <SimpleData name="Nombres_y_">SOFIA AMARILLA FLORES</SimpleData>
            <SimpleData name="Sexo">Mujer</SimpleData>
            <SimpleData name="Cambio_de_">NO</SimpleData>
            <SimpleData name="Titular_se">NO</SimpleData>
            <SimpleData name="ci_UNIF">4600261.00000000000</SimpleData>
            <SimpleData name="Situación">NO</SimpleData>
            <SimpleData name="Comunidad">Ind?gena</SimpleData>
            <SimpleData name="Modelo_imp">Modelo 5</SimpleData>
            <SimpleData name="Departamen">CAAZAPA</SimpleData>
            <SimpleData name="Distrito">ABAI</SimpleData>
            <SimpleData name="Localidad"><![CDATA[COM INDIG ?U APU'A]]></SimpleData>
            <SimpleData name="Teléfono">0985956685</SimpleData>
            <SimpleData name="Vivienda_L">-25.80888000000</SimpleData>
            <SimpleData name="Vivienda_1">-55.80684170000</SimpleData>
            <SimpleData name="Superficie">0.70000000000</SimpleData>
            <SimpleData name="Situaci_1">Par?metro</SimpleData>
            <SimpleData name="Plantado">SI</SimpleData>
            <SimpleData name="Fecha_Plan">2025/12/05</SimpleData>
            <SimpleData name="Jornales">0.00000000000</SimpleData>
            <SimpleData name="Monto">0.00000000000</SimpleData>
            <SimpleData name="Grupo_de_p">B-P2-XX-XX-XX</SimpleData>
            <SimpleData name="Estado_del">Activo</SimpleData>
            <SimpleData name="Empresa">Unique Wood Paraguay SA</SimpleData>
            <SimpleData name="Lote">B</SimpleData>
            <SimpleData name="Parametro">0.00000000000</SimpleData>
            <SimpleData name="Sup_SIG">0.84263503956</SimpleData>
            <SimpleData name="X">-55.81108907000</SimpleData>
            <SimpleData name="Y">-25.81413629000</SimpleData>
            <SimpleData name="cedula">4600261</SimpleData>
          </SchemaData>
        </ExtendedData>
        <MultiGeometry>
          <Polygon>
            <outerBoundaryIs>
              <LinearRing>
                <coordinates>
                  -55.8113597997105,-25.8144183002641,0
                  -55.8113476999128,-25.8138155995721,0
                  -55.8108180996509,-25.8138783999858,0
                  -55.8108138997653,-25.8144283000455,0
                  -55.8113597997105,-25.8144183002641,0
                </coordinates>
              </LinearRing>
            </outerBoundaryIs>
          </Polygon>
          <Polygon>
            <outerBoundaryIs>
              <LinearRing>
                <coordinates>
                  -55.8114215996124,-25.8126115997741,0
                  -55.811248300154,-25.8124254002406,0
                  -55.8109717999919,-25.8126538003465,0
                  -55.811015000084,-25.8127818997195,0
                  -55.8114215996124,-25.8126115997741,0
                </coordinates>
              </LinearRing>
            </outerBoundaryIs>
          </Polygon>
          <Polygon>
            <outerBoundaryIs>
              <LinearRing>
                <coordinates>
                  -55.8110144996001,-25.8120982000192,0
                  -55.8108295001976,-25.8119654004164,0
                  -55.8104679000506,-25.8123302998564,0
                  -55.8106898995989,-25.8125180996072,0
                  -55.8110144996001,-25.8120982000192,0
                </coordinates>
              </LinearRing>
            </outerBoundaryIs>
          </Polygon>
          <Polygon>
            <outerBoundaryIs>
              <LinearRing>
                <coordinates>
                  -55.8079150000236,-25.8064516997103,0
                  -55.8076271995407,-25.8062093004197,0
                  -55.8070900004383,-25.8065916995899,0
                  -55.8074182003172,-25.8068233998618,0
                  -55.8079150000236,-25.8064516997103,0
                </coordinates>
              </LinearRing>
            </outerBoundaryIs>
          </Polygon>
        </MultiGeometry>
      </Placemark>
      <Placemark id="Lote_B.97">
        <ExtendedData>
          <SchemaData schemaUrl="#Lote_B.schema">
            <SimpleData name="Cédula">5451948.00000000000</SimpleData>
            <SimpleData name="Nombres_y_">KARINA MBYVANGI</SimpleData>
            <SimpleData name="Sexo">Mujer</SimpleData>
            <SimpleData name="Cambio_de_">NO</SimpleData>
            <SimpleData name="Titular_se">NO</SimpleData>
            <SimpleData name="ci_UNIF">5451948.00000000000</SimpleData>
            <SimpleData name="Situación">NO</SimpleData>
            <SimpleData name="Comunidad">Ind?gena</SimpleData>
            <SimpleData name="Modelo_imp">Modelo 4</SimpleData>
            <SimpleData name="Departamen">CAAZAPA</SimpleData>
            <SimpleData name="Distrito">ABAI</SimpleData>
            <SimpleData name="Localidad">COM INDIG YPETIMI</SimpleData>
            <SimpleData name="Teléfono">0984016774</SimpleData>
            <SimpleData name="Vivienda_L">-25.94111930000</SimpleData>
            <SimpleData name="Vivienda_1">-55.70495890000</SimpleData>
            <SimpleData name="Superficie">0.70000000000</SimpleData>
            <SimpleData name="Situaci_1">Pol?gono</SimpleData>
            <SimpleData name="Plantado">SI</SimpleData>
            <SimpleData name="Fecha_Plan">2025/10/23</SimpleData>
            <SimpleData name="Jornales">0.00000000000</SimpleData>
            <SimpleData name="Monto">0.00000000000</SimpleData>
            <SimpleData name="Grupo_de_p">B-P1-XX-XX-XX</SimpleData>
            <SimpleData name="Estado_del">Activo</SimpleData>
            <SimpleData name="Empresa">Unique Wood Paraguay SA</SimpleData>
            <SimpleData name="Lote">B</SimpleData>
            <SimpleData name="Parametro">0.00000000000</SimpleData>
            <SimpleData name="Sup_SIG">0.70412574200</SimpleData>
            <SimpleData name="X">-55.72707423000</SimpleData>
            <SimpleData name="Y">-25.95437342000</SimpleData>
            <SimpleData name="cedula">5451948</SimpleData>
          </SchemaData>
        </ExtendedData>
        <Polygon>
          <outerBoundaryIs>
            <LinearRing>
              <coordinates>
                -55.7265734565306,-25.9538722284483,0
                -55.7266203861092,-25.9538752386978,0
                -55.7266635456706,-25.9540693462081,0
                -55.7267688576493,-25.9544931597821,0
                -55.7268574328406,-25.9548496249344,0
                -55.7268709887573,-25.9548486309174,0
                -55.7269587259251,-25.9548421958094,0
                -55.7274798217436,-25.9548288469068,0
                -55.7275586989745,-25.9548268261617,0
                -55.7275663850075,-25.954826629174,0
                -55.7275464759552,-25.9547856894701,0
                -55.727529334997,-25.9547504413023,0
                -55.7272800964221,-25.9539213317127,0
                -55.7266356194594,-25.9538762159352,0
                -55.7265733416916,-25.9538718563656,0
                -55.7265734565306,-25.9538722284483,0
              </coordinates>
            </LinearRing>
          </outerBoundaryIs>
        </Polygon>
      </Placemark>
      <Placemark id="Lote_B.98">
        <ExtendedData>
          <SchemaData schemaUrl="#Lote_B.schema">
            <SimpleData name="Cédula">6580735.00000000000</SimpleData>
            <SimpleData name="Nombres_y_">MARIA ESTER KRYPURANGI</SimpleData>
            <SimpleData name="Sexo">Mujer</SimpleData>
            <SimpleData name="Cambio_de_">NO</SimpleData>
            <SimpleData name="Titular_se">NO</SimpleData>
            <SimpleData name="ci_UNIF">6580735.00000000000</SimpleData>
            <SimpleData name="Situación">NO</SimpleData>
            <SimpleData name="Comunidad">Ind?gena</SimpleData>
            <SimpleData name="Modelo_imp">Modelo 4</SimpleData>
            <SimpleData name="Departamen">CAAZAPA</SimpleData>
            <SimpleData name="Distrito">ABAI</SimpleData>
            <SimpleData name="Localidad">COM INDIG YPETIMI</SimpleData>
            <SimpleData name="Teléfono">0981774305</SimpleData>
            <SimpleData name="Vivienda_L">-25.94117840000</SimpleData>
            <SimpleData name="Vivienda_1">-55.70491850000</SimpleData>
            <SimpleData name="Superficie">0.70000000000</SimpleData>
            <SimpleData name="Situaci_1">Par?metro</SimpleData>
            <SimpleData name="Plantado">SI</SimpleData>
            <SimpleData name="Fecha_Plan">2025/11/28</SimpleData>
            <SimpleData name="Jornales">0.00000000000</SimpleData>
            <SimpleData name="Monto">0.00000000000</SimpleData>
            <SimpleData name="Grupo_de_p">B-P2-XX-XX-XX</SimpleData>
            <SimpleData name="Estado_del">Activo</SimpleData>
            <SimpleData name="Empresa">Unique Wood Paraguay SA</SimpleData>
            <SimpleData name="Lote">B</SimpleData>
            <SimpleData name="Parametro">0.00000000000</SimpleData>
            <SimpleData name="Sup_SIG">0.70390366753</SimpleData>
            <SimpleData name="X">-55.73507308000</SimpleData>
            <SimpleData name="Y">-25.95967195000</SimpleData>
            <SimpleData name="cedula">6580735</SimpleData>
          </SchemaData>
        </ExtendedData>
        <Polygon>
          <outerBoundaryIs>
            <LinearRing>
              <coordinates>
                -55.734531598961,-25.9594452606337,0
                -55.7348052034347,-25.9598844313444,0
                -55.7349799998934,-25.9601649995815,0
                -55.7350009908157,-25.9601619652357,0
                -55.7355927965883,-25.9600763976386,0
                -55.7355926942588,-25.9600761601969,0
                -55.7355903615171,-25.9600707118609,0
                -55.7355850334762,-25.960058263715,0
                -55.7353515885116,-25.9595129715929,0
                -55.7353167298465,-25.959377405019,0
                -55.7352706110667,-25.9593089666144,0
                -55.7351268999934,-25.9590956991382,0
                -55.7350893226746,-25.9591177643131,0
                -55.734531598961,-25.9594452606337,0
              </coordinates>
            </LinearRing>
          </outerBoundaryIs>
        </Polygon>
      </Placemark>
      <Placemark id="Lote_B.99">
        <ExtendedData>
          <SchemaData schemaUrl="#Lote_B.schema">
            <SimpleData name="Cédula">5752664.00000000000</SimpleData>
            <SimpleData name="Nombres_y_">PAOLA KUAREMININGI CHINBEGI CHACHUPURANGI</SimpleData>
            <SimpleData name="Sexo">Mujer</SimpleData>
            <SimpleData name="Cambio_de_">NO</SimpleData>
            <SimpleData name="Titular_se">NO</SimpleData>
            <SimpleData name="ci_UNIF">5752664.00000000000</SimpleData>
            <SimpleData name="Situación">NO</SimpleData>
            <SimpleData name="Comunidad">Ind?gena</SimpleData>
            <SimpleData name="Modelo_imp">Modelo 4</SimpleData>
            <SimpleData name="Departamen">CAAZAPA</SimpleData>
            <SimpleData name="Distrito">ABAI</SimpleData>
            <SimpleData name="Localidad">COM INDIG YPETIMI</SimpleData>
            <SimpleData name="Teléfono">0984138419</SimpleData>
            <SimpleData name="Vivienda_L">-25.94113380000</SimpleData>
            <SimpleData name="Vivienda_1">-55.70505490000</SimpleData>
            <SimpleData name="Superficie">0.70000000000</SimpleData>
            <SimpleData name="Situaci_1">Par?metro</SimpleData>
            <SimpleData name="Plantado">SI</SimpleData>
            <SimpleData name="Fecha_Plan">2025/11/28</SimpleData>
            <SimpleData name="Jornales">0.00000000000</SimpleData>
            <SimpleData name="Monto">0.00000000000</SimpleData>
            <SimpleData name="Grupo_de_p">B-P3-XX-XX-XX</SimpleData>
            <SimpleData name="Estado_del">Activo</SimpleData>
            <SimpleData name="Empresa">Unique Wood Paraguay SA</SimpleData>
            <SimpleData name="Lote">B</SimpleData>
            <SimpleData name="Parametro">0.00000000000</SimpleData>
            <SimpleData name="Sup_SIG">0.72258684347</SimpleData>
            <SimpleData name="X">-55.73820156000</SimpleData>
            <SimpleData name="Y">-25.96222353000</SimpleData>
            <SimpleData name="cedula">5752664</SimpleData>
          </SchemaData>
        </ExtendedData>
        <Polygon>
          <outerBoundaryIs>
            <LinearRing>
              <coordinates>
                -55.7377604910205,-25.9628622295515,0
                -55.7382995768668,-25.9629235274819,0
                -55.7383611769666,-25.9623390505904,0
                -55.7386366999211,-25.9618099996739,0
                -55.7382467000287,-25.9613532999727,0
                -55.7377604910205,-25.9628622295515,0
              </coordinates>
            </LinearRing>
          </outerBoundaryIs>
        </Polygon>
      </Placemark>
      <Placemark id="Lote_B.100">
        <ExtendedData>
          <SchemaData schemaUrl="#Lote_B.schema">
            <SimpleData name="Cédula">7445721.00000000000</SimpleData>
            <SimpleData name="Nombres_y_">MARTA BENITEZ MARTINEZ</SimpleData>
            <SimpleData name="Sexo">Mujer</SimpleData>
            <SimpleData name="Cambio_de_">NO</SimpleData>
            <SimpleData name="Titular_se">NO</SimpleData>
            <SimpleData name="ci_UNIF">7445721.00000000000</SimpleData>
            <SimpleData name="Situación">NO</SimpleData>
            <SimpleData name="Comunidad">Ind?gena</SimpleData>
            <SimpleData name="Modelo_imp">Modelo 4</SimpleData>
            <SimpleData name="Departamen">GUAIRA</SimpleData>
            <SimpleData name="Distrito">PASO YOBAI</SimpleData>
            <SimpleData name="Localidad">COM INDIG YRYVU KUA - NARANJITO</SimpleData>
            <SimpleData name="Teléfono">0982458836</SimpleData>
            <SimpleData name="Vivienda_L">-25.67303450000</SimpleData>
            <SimpleData name="Vivienda_1">-55.96303860000</SimpleData>
            <SimpleData name="Superficie">0.70000000000</SimpleData>
            <SimpleData name="Situaci_1">Pol?gono</SimpleData>
            <SimpleData name="Plantado">SI</SimpleData>
            <SimpleData name="Fecha_Plan">2025/10/01</SimpleData>
            <SimpleData name="Jornales">0.00000000000</SimpleData>
            <SimpleData name="Monto">0.00000000000</SimpleData>
            <SimpleData name="Grupo_de_p">B-P1-XX-XX-XX</SimpleData>
            <SimpleData name="Estado_del">Activo</SimpleData>
            <SimpleData name="Empresa">Unique Wood Paraguay SA</SimpleData>
            <SimpleData name="Lote">B</SimpleData>
            <SimpleData name="Parametro">0.00000000000</SimpleData>
            <SimpleData name="Sup_SIG">0.72599837251</SimpleData>
            <SimpleData name="X">-55.96265131000</SimpleData>
            <SimpleData name="Y">-25.67341014000</SimpleData>
            <SimpleData name="cedula">7445721</SimpleData>
          </SchemaData>
        </ExtendedData>
        <Polygon>
          <outerBoundaryIs>
            <LinearRing>
              <coordinates>
                -55.9621682001179,-25.672679400033,0
                -55.9626243001637,-25.674081400185,0
                -55.9631716997562,-25.6739683004062,0
                -55.9625967994381,-25.6727444006683,0
                -55.9621682001179,-25.672679400033,0
              </coordinates>
            </LinearRing>
          </outerBoundaryIs>
        </Polygon>
      </Placemark>
      <Placemark id="Lote_B.101">
        <ExtendedData>
          <SchemaData schemaUrl="#Lote_B.schema">
            <SimpleData name="Cédula">6731096.00000000000</SimpleData>
            <SimpleData name="Nombres_y_">FELICIA NAMBUGI</SimpleData>
            <SimpleData name="Sexo">Mujer</SimpleData>
            <SimpleData name="Cambio_de_">NO</SimpleData>
            <SimpleData name="Titular_se">NO</SimpleData>
            <SimpleData name="ci_UNIF">6731096.00000000000</SimpleData>
            <SimpleData name="Situación">NO</SimpleData>
            <SimpleData name="Comunidad">Ind?gena</SimpleData>
            <SimpleData name="Modelo_imp">Modelo 4</SimpleData>
            <SimpleData name="Departamen">CAAZAPA</SimpleData>
            <SimpleData name="Distrito">ABAI</SimpleData>
            <SimpleData name="Localidad">COM INDIG YPETIMI</SimpleData>
            <SimpleData name="Teléfono">0981070378</SimpleData>
            <SimpleData name="Vivienda_L">-25.94109260000</SimpleData>
            <SimpleData name="Vivienda_1">-55.70498190000</SimpleData>
            <SimpleData name="Superficie">0.70000000000</SimpleData>
            <SimpleData name="Situaci_1">Pol?gono</SimpleData>
            <SimpleData name="Plantado">SI</SimpleData>
            <SimpleData name="Fecha_Plan">2025/10/16</SimpleData>
            <SimpleData name="Jornales">0.00000000000</SimpleData>
            <SimpleData name="Monto">0.00000000000</SimpleData>
            <SimpleData name="Grupo_de_p">B-P1-XX-XX-XX</SimpleData>
            <SimpleData name="Estado_del">Activo</SimpleData>
            <SimpleData name="Empresa">Unique Wood Paraguay SA</SimpleData>
            <SimpleData name="Lote">B</SimpleData>
            <SimpleData name="Parametro">0.00000000000</SimpleData>
            <SimpleData name="Sup_SIG">0.70615426069</SimpleData>
            <SimpleData name="X">-55.73017944000</SimpleData>
            <SimpleData name="Y">-25.95651116000</SimpleData>
            <SimpleData name="cedula">6731096</SimpleData>
          </SchemaData>
        </ExtendedData>
        <Polygon>
          <outerBoundaryIs>
            <LinearRing>
              <coordinates>
                -55.7299146007577,-25.9560902377032,0
                -55.7298553426982,-25.9561014179312,0
                -55.729696010908,-25.9561314754625,0
                -55.7296738287763,-25.9561356605775,0
                -55.7296621202659,-25.95613786915,0
                -55.7296661884867,-25.9561476818482,0
                -55.729667728506,-25.9561514006722,0
                -55.7296683135683,-25.9561528124517,0
                -55.7296778936321,-25.9561759265009,0
                -55.7297187225358,-25.9562744411819,0
                -55.7297823193852,-25.9564278947242,0
                -55.7300133512327,-25.9569853534805,0
                -55.7300294596361,-25.9570242244968,0
                -55.7306424597933,-25.9569071228585,0
                -55.7306304902561,-25.9568603936394,0
                -55.7304248741536,-25.9560576266498,0
                -55.7304221586068,-25.9560470231957,0
                -55.7303935166861,-25.9560494616339,0
                -55.7300555313202,-25.9560782390146,0
                -55.7299146007577,-25.9560902377032,0
              </coordinates>
            </LinearRing>
          </outerBoundaryIs>
        </Polygon>
      </Placemark>
      <Placemark id="Lote_B.102">
        <ExtendedData>
          <SchemaData schemaUrl="#Lote_B.schema">
            <SimpleData name="Cédula">8032928.00000000000</SimpleData>
            <SimpleData name="Nombres_y_">CEFERINO  GALEANO VILLALBA</SimpleData>
            <SimpleData name="Sexo">Hombre</SimpleData>
            <SimpleData name="Cambio_de_">NO</SimpleData>
            <SimpleData name="Titular_se">NO</SimpleData>
            <SimpleData name="ci_UNIF">8032928.00000000000</SimpleData>
            <SimpleData name="Situación">NO</SimpleData>
            <SimpleData name="Comunidad">Ind?gena</SimpleData>
            <SimpleData name="Modelo_imp">Modelo 5</SimpleData>
            <SimpleData name="Departamen">CAAZAPA</SimpleData>
            <SimpleData name="Distrito">ABAI</SimpleData>
            <SimpleData name="Localidad"><![CDATA[COM INDIG YPETI - NARA'I]]></SimpleData>
            <SimpleData name="Teléfono">982055202</SimpleData>
            <SimpleData name="Vivienda_L">-25.80362170000</SimpleData>
            <SimpleData name="Vivienda_1">-55.59692000000</SimpleData>
            <SimpleData name="Superficie">0.70000000000</SimpleData>
            <SimpleData name="Situaci_1">Pol?gono</SimpleData>
            <SimpleData name="Plantado">SI</SimpleData>
            <SimpleData name="Fecha_Plan">2025/11/28</SimpleData>
            <SimpleData name="Jornales">0.00000000000</SimpleData>
            <SimpleData name="Monto">0.00000000000</SimpleData>
            <SimpleData name="Grupo_de_p">B-P1-XX-XX-XX</SimpleData>
            <SimpleData name="Estado_del">Activo</SimpleData>
            <SimpleData name="Empresa">Unique Wood Paraguay SA</SimpleData>
            <SimpleData name="Lote">B</SimpleData>
            <SimpleData name="Parametro">0.00000000000</SimpleData>
            <SimpleData name="Sup_SIG">0.92664512606</SimpleData>
            <SimpleData name="X">-55.59616793000</SimpleData>
            <SimpleData name="Y">-25.80245034000</SimpleData>
            <SimpleData name="cedula">8032928</SimpleData>
          </SchemaData>
        </ExtendedData>
        <MultiGeometry>
          <Polygon>
            <outerBoundaryIs>
              <LinearRing>
                <coordinates>
                  -55.5960189003551,-25.8031336997874,0
                  -55.5963597997592,-25.8031067002627,0
                  -55.5969471007435,-25.8024995991774,0
                  -55.5969158009814,-25.8023619993214,0
                  -55.5959153003888,-25.8023512000412,0
                  -55.5960189003551,-25.8031336997874,0
                </coordinates>
              </LinearRing>
            </outerBoundaryIs>
          </Polygon>
          <Polygon>
            <outerBoundaryIs>
              <LinearRing>
                <coordinates>
                  -55.595214500275,-25.8021262001015,0
                  -55.5963212004558,-25.8021145998822,0
                  -55.5963346004219,-25.801859099682,0
                  -55.5952525995221,-25.8018799996392,0
                  -55.595214500275,-25.8021262001015,0
                </coordinates>
              </LinearRing>
            </outerBoundaryIs>
          </Polygon>
        </MultiGeometry>
      </Placemark>
      <Placemark id="Lote_B.103">
        <ExtendedData>
          <SchemaData schemaUrl="#Lote_B.schema">
            <SimpleData name="Cédula">6578089.00000000000</SimpleData>
            <SimpleData name="Nombres_y_">ELVIO TAYJANGI</SimpleData>
            <SimpleData name="Sexo">Hombre</SimpleData>
            <SimpleData name="Cambio_de_">NO</SimpleData>
            <SimpleData name="Titular_se">NO</SimpleData>
            <SimpleData name="ci_UNIF">6578089.00000000000</SimpleData>
            <SimpleData name="Situación">NO</SimpleData>
            <SimpleData name="Comunidad">Ind?gena</SimpleData>
            <SimpleData name="Modelo_imp">Modelo 4</SimpleData>
            <SimpleData name="Departamen">CAAZAPA</SimpleData>
            <SimpleData name="Distrito">ABAI</SimpleData>
            <SimpleData name="Localidad">COM INDIG YPETIMI</SimpleData>
            <SimpleData name="Teléfono">0985474918</SimpleData>
            <SimpleData name="Vivienda_L">-25.94109780000</SimpleData>
            <SimpleData name="Vivienda_1">-55.70502030000</SimpleData>
            <SimpleData name="Superficie">0.70000000000</SimpleData>
            <SimpleData name="Situaci_1">Pol?gono</SimpleData>
            <SimpleData name="Plantado">SI</SimpleData>
            <SimpleData name="Fecha_Plan">2025/09/23</SimpleData>
            <SimpleData name="Jornales">0.00000000000</SimpleData>
            <SimpleData name="Monto">0.00000000000</SimpleData>
            <SimpleData name="Grupo_de_p">B-P1-XX-XX-XX</SimpleData>
            <SimpleData name="Estado_del">Activo</SimpleData>
            <SimpleData name="Empresa">Unique Wood Paraguay SA</SimpleData>
            <SimpleData name="Lote">B</SimpleData>
            <SimpleData name="Parametro">0.00000000000</SimpleData>
            <SimpleData name="Sup_SIG">0.74458097421</SimpleData>
            <SimpleData name="X">-55.73293567000</SimpleData>
            <SimpleData name="Y">-25.95562912000</SimpleData>
            <SimpleData name="cedula">6578089</SimpleData>
          </SchemaData>
        </ExtendedData>
        <Polygon>
          <outerBoundaryIs>
            <LinearRing>
              <coordinates>
                -55.732704703298,-25.9552109821017,0
                -55.7323651104405,-25.9552666433146,0
                -55.7323733631576,-25.9552843085905,0
                -55.7323783110871,-25.9552948990559,0
                -55.7326047879734,-25.9557796605676,0
                -55.7326628016442,-25.9559038359736,0
                -55.7327641620356,-25.9561015860759,0
                -55.7327882698716,-25.9560921500864,0
                -55.7327934054116,-25.9560893320847,0
                -55.7327950569646,-25.9560884274343,0
                -55.7327963082326,-25.9560911415322,0
                -55.73279967437,-25.9560907204702,0
                -55.7334726400982,-25.9560062902259,0
                -55.733516276991,-25.9560008160358,0
                -55.7331257521545,-25.955208316257,0
                -55.7331108429885,-25.9551456947217,0
                -55.7330549513056,-25.9551574302984,0
                -55.732704703298,-25.9552109821017,0
              </coordinates>
            </LinearRing>
          </outerBoundaryIs>
        </Polygon>
      </Placemark>
      <Placemark id="Lote_B.104">
        <ExtendedData>
          <SchemaData schemaUrl="#Lote_B.schema">
            <SimpleData name="Cédula">7445575.00000000000</SimpleData>
            <SimpleData name="Nombres_y_">NARCISO PENAYO MARTINEZ</SimpleData>
            <SimpleData name="Sexo">Hombre</SimpleData>
            <SimpleData name="Cambio_de_">NO</SimpleData>
            <SimpleData name="Titular_se">NO</SimpleData>
            <SimpleData name="ci_UNIF">7445575.00000000000</SimpleData>
            <SimpleData name="Situación">NO</SimpleData>
            <SimpleData name="Comunidad">Ind?gena</SimpleData>
            <SimpleData name="Modelo_imp">Modelo 6</SimpleData>
            <SimpleData name="Departamen">GUAIRA</SimpleData>
            <SimpleData name="Distrito">PASO YOBAI</SimpleData>
            <SimpleData name="Localidad">COM INDIG SANTA TERESITA</SimpleData>
            <SimpleData name="Teléfono">0986493249</SimpleData>
            <SimpleData name="Vivienda_L">-25.69866120000</SimpleData>
            <SimpleData name="Vivienda_1">-55.90001900000</SimpleData>
            <SimpleData name="Superficie">0.90000000000</SimpleData>
            <SimpleData name="Situaci_1">Pol?gono</SimpleData>
            <SimpleData name="Plantado">SI</SimpleData>
            <SimpleData name="Fecha_Plan">2025/10/24</SimpleData>
            <SimpleData name="Jornales">0.00000000000</SimpleData>
            <SimpleData name="Monto">0.00000000000</SimpleData>
            <SimpleData name="Grupo_de_p">B-P1-XX-XX-XX</SimpleData>
            <SimpleData name="Estado_del">Activo</SimpleData>
            <SimpleData name="Empresa">Unique Wood Paraguay SA</SimpleData>
            <SimpleData name="Lote">B</SimpleData>
            <SimpleData name="Parametro">0.00000000000</SimpleData>
            <SimpleData name="Sup_SIG">0.98439912482</SimpleData>
            <SimpleData name="X">-55.90097393000</SimpleData>
            <SimpleData name="Y">-25.69782167000</SimpleData>
            <SimpleData name="cedula">7445575</SimpleData>
          </SchemaData>
        </ExtendedData>
        <Polygon>
          <outerBoundaryIs>
            <LinearRing>
              <coordinates>
                -55.9004649993055,-25.698356699728,0
                -55.9010650007481,-25.6985183000596,0
                -55.9015649998952,-25.6972867003333,0
                -55.900742599697,-25.6972215000148,0
                -55.9004649993055,-25.698356699728,0
              </coordinates>
            </LinearRing>
          </outerBoundaryIs>
        </Polygon>
      </Placemark>
      <Placemark id="Lote_B.105">
        <ExtendedData>
          <SchemaData schemaUrl="#Lote_B.schema">
            <SimpleData name="Cédula">6547651.00000000000</SimpleData>
            <SimpleData name="Nombres_y_">CEVELINA NAMBUCHUIGI</SimpleData>
            <SimpleData name="Sexo">Mujer</SimpleData>
            <SimpleData name="Cambio_de_">NO</SimpleData>
            <SimpleData name="Titular_se">NO</SimpleData>
            <SimpleData name="ci_UNIF">6547651.00000000000</SimpleData>
            <SimpleData name="Situación">NO</SimpleData>
            <SimpleData name="Comunidad">Ind?gena</SimpleData>
            <SimpleData name="Modelo_imp">Modelo 4</SimpleData>
            <SimpleData name="Departamen">CAAZAPA</SimpleData>
            <SimpleData name="Distrito">ABAI</SimpleData>
            <SimpleData name="Localidad">COM INDIG YPETIMI</SimpleData>
            <SimpleData name="Teléfono">0984943455</SimpleData>
            <SimpleData name="Vivienda_L">-25.94110470000</SimpleData>
            <SimpleData name="Vivienda_1">-55.70489050000</SimpleData>
            <SimpleData name="Superficie">0.70000000000</SimpleData>
            <SimpleData name="Situaci_1">Pol?gono</SimpleData>
            <SimpleData name="Plantado">SI</SimpleData>
            <SimpleData name="Fecha_Plan">2025/10/23</SimpleData>
            <SimpleData name="Jornales">0.00000000000</SimpleData>
            <SimpleData name="Monto">0.00000000000</SimpleData>
            <SimpleData name="Grupo_de_p">B-P1-XX-XX-XX</SimpleData>
            <SimpleData name="Estado_del">Activo</SimpleData>
            <SimpleData name="Empresa">Unique Wood Paraguay SA</SimpleData>
            <SimpleData name="Lote">B</SimpleData>
            <SimpleData name="Parametro">0.00000000000</SimpleData>
            <SimpleData name="Sup_SIG">0.70695946714</SimpleData>
            <SimpleData name="X">-55.72568913000</SimpleData>
            <SimpleData name="Y">-25.95427945000</SimpleData>
            <SimpleData name="cedula">6547651</SimpleData>
          </SchemaData>
        </ExtendedData>
        <Polygon>
          <outerBoundaryIs>
            <LinearRing>
              <coordinates>
                -55.7252815321288,-25.9541153166149,0
                -55.7254854026868,-25.9547090732358,0
                -55.7254937931193,-25.9547335096787,0
                -55.7254774056692,-25.9547352695405,0
                -55.7254850899273,-25.9547425618128,0
                -55.7256561315423,-25.9547442018791,0
                -55.7261553960985,-25.9547489889897,0
                -55.7261456161782,-25.9547108386578,0
                -55.7259444351605,-25.9539260519821,0
                -55.7259198917572,-25.9538303096356,0
                -55.7259290184492,-25.953830889224,0
                -55.7259250912739,-25.9538170094137,0
                -55.7251949919282,-25.9538414100612,0
                -55.7252815321288,-25.9541153166149,0
              </coordinates>
            </LinearRing>
          </outerBoundaryIs>
        </Polygon>
      </Placemark>
      <Placemark id="Lote_B.106">
        <ExtendedData>
          <SchemaData schemaUrl="#Lote_B.schema">
            <SimpleData name="Cédula">4347145.00000000000</SimpleData>
            <SimpleData name="Nombres_y_">ARSENIO CACERES</SimpleData>
            <SimpleData name="Sexo">Hombre</SimpleData>
            <SimpleData name="Cambio_de_">NO</SimpleData>
            <SimpleData name="Titular_se">NO</SimpleData>
            <SimpleData name="ci_UNIF">4347145.00000000000</SimpleData>
            <SimpleData name="Situación">NO</SimpleData>
            <SimpleData name="Comunidad">Campesina</SimpleData>
            <SimpleData name="Modelo_imp">Modelo 6</SimpleData>
            <SimpleData name="Departamen">GUAIRA</SimpleData>
            <SimpleData name="Distrito">PASO YOBAI</SimpleData>
            <SimpleData name="Localidad">3 DE NOVIEMBRE</SimpleData>
            <SimpleData name="Teléfono">0982522685</SimpleData>
            <SimpleData name="Vivienda_L">-25.71375000000</SimpleData>
            <SimpleData name="Vivienda_1">-55.91080000000</SimpleData>
            <SimpleData name="Superficie">0.90000000000</SimpleData>
            <SimpleData name="Situaci_1">Pol?gono</SimpleData>
            <SimpleData name="Plantado">SI</SimpleData>
            <SimpleData name="Fecha_Plan">2025/10/08</SimpleData>
            <SimpleData name="Jornales">0.00000000000</SimpleData>
            <SimpleData name="Monto">0.00000000000</SimpleData>
            <SimpleData name="Grupo_de_p">B-P1-XX-XX-XX</SimpleData>
            <SimpleData name="Estado_del">Activo</SimpleData>
            <SimpleData name="Empresa">Unique Wood Paraguay SA</SimpleData>
            <SimpleData name="Lote">B</SimpleData>
            <SimpleData name="Parametro">0.00000000000</SimpleData>
            <SimpleData name="Sup_SIG">0.93037739361</SimpleData>
            <SimpleData name="X">-55.91466615000</SimpleData>
            <SimpleData name="Y">-25.71378575000</SimpleData>
            <SimpleData name="cedula">4347145</SimpleData>
          </SchemaData>
        </ExtendedData>
        <Polygon>
          <outerBoundaryIs>
            <LinearRing>
              <coordinates>
                -55.9143373002235,-25.7141402998203,0
                -55.9147937997278,-25.7143862002133,0
                -55.9150902004317,-25.7141195000478,0
                -55.9153613996093,-25.7138845001297,0
                -55.9154273004959,-25.7136956003184,0
                -55.9139568997074,-25.7132323004635,0
                -55.9138359997795,-25.7134820997956,0
                -55.9144195998995,-25.7137861005118,0
                -55.9143373002235,-25.7141402998203,0
              </coordinates>
            </LinearRing>
          </outerBoundaryIs>
        </Polygon>
      </Placemark>
      <Placemark id="Lote_B.107">
        <ExtendedData>
          <SchemaData schemaUrl="#Lote_B.schema">
            <SimpleData name="Cédula">5451972.00000000000</SimpleData>
            <SimpleData name="Nombres_y_">MANUELA JYVIGI</SimpleData>
            <SimpleData name="Sexo">Mujer</SimpleData>
            <SimpleData name="Cambio_de_">NO</SimpleData>
            <SimpleData name="Titular_se">NO</SimpleData>
            <SimpleData name="ci_UNIF">5451972.00000000000</SimpleData>
            <SimpleData name="Situación">NO</SimpleData>
            <SimpleData name="Comunidad">Ind?gena</SimpleData>
            <SimpleData name="Modelo_imp">Modelo 4</SimpleData>
            <SimpleData name="Departamen">CAAZAPA</SimpleData>
            <SimpleData name="Distrito">ABAI</SimpleData>
            <SimpleData name="Localidad">COM INDIG YPETIMI</SimpleData>
            <SimpleData name="Teléfono">0986483653</SimpleData>
            <SimpleData name="Vivienda_L">-25.94104470000</SimpleData>
            <SimpleData name="Vivienda_1">-55.70494160000</SimpleData>
            <SimpleData name="Superficie">0.70000000000</SimpleData>
            <SimpleData name="Situaci_1">Par?metro</SimpleData>
            <SimpleData name="Plantado">SI</SimpleData>
            <SimpleData name="Fecha_Plan">2025/11/28</SimpleData>
            <SimpleData name="Jornales">0.00000000000</SimpleData>
            <SimpleData name="Monto">0.00000000000</SimpleData>
            <SimpleData name="Grupo_de_p">B-P3-XX-XX-XX</SimpleData>
            <SimpleData name="Estado_del">Activo</SimpleData>
            <SimpleData name="Empresa">Unique Wood Paraguay SA</SimpleData>
            <SimpleData name="Lote">B</SimpleData>
            <SimpleData name="Parametro">0.00000000000</SimpleData>
            <SimpleData name="Sup_SIG">0.72479418091</SimpleData>
            <SimpleData name="X">-55.73304916000</SimpleData>
            <SimpleData name="Y">-25.95848735000</SimpleData>
            <SimpleData name="cedula">5451972</SimpleData>
          </SchemaData>
        </ExtendedData>
        <Polygon>
          <outerBoundaryIs>
            <LinearRing>
              <coordinates>
                -55.7325233003866,-25.9583249996748,0
                -55.7323950001374,-25.9588700000868,0
                -55.7337125997421,-25.9586466002253,0
                -55.7334883002263,-25.9580667003583,0
                -55.7325233003866,-25.9583249996748,0
              </coordinates>
            </LinearRing>
          </outerBoundaryIs>
        </Polygon>
      </Placemark>
      <Placemark id="Lote_B.108">
        <ExtendedData>
          <SchemaData schemaUrl="#Lote_B.schema">
            <SimpleData name="Cédula">4455077.00000000000</SimpleData>
            <SimpleData name="Nombres_y_">ROBERTO TYKUARANGI</SimpleData>
            <SimpleData name="Sexo">Hombre</SimpleData>
            <SimpleData name="Cambio_de_">NO</SimpleData>
            <SimpleData name="Titular_se">NO</SimpleData>
            <SimpleData name="ci_UNIF">4455077.00000000000</SimpleData>
            <SimpleData name="Situación">NO</SimpleData>
            <SimpleData name="Comunidad">Ind?gena</SimpleData>
            <SimpleData name="Modelo_imp">Modelo 4</SimpleData>
            <SimpleData name="Departamen">CAAZAPA</SimpleData>
            <SimpleData name="Distrito">ABAI</SimpleData>
            <SimpleData name="Localidad">COM INDIG YPETIMI</SimpleData>
            <SimpleData name="Teléfono">0985855684</SimpleData>
            <SimpleData name="Vivienda_L">-25.94112190000</SimpleData>
            <SimpleData name="Vivienda_1">-55.70485890000</SimpleData>
            <SimpleData name="Superficie">0.70000000000</SimpleData>
            <SimpleData name="Situaci_1">Pol?gono</SimpleData>
            <SimpleData name="Plantado">SI</SimpleData>
            <SimpleData name="Fecha_Plan">2025/10/12</SimpleData>
            <SimpleData name="Jornales">0.00000000000</SimpleData>
            <SimpleData name="Monto">0.00000000000</SimpleData>
            <SimpleData name="Grupo_de_p">B-P1-XX-XX-XX</SimpleData>
            <SimpleData name="Estado_del">Activo</SimpleData>
            <SimpleData name="Empresa">Unique Wood Paraguay SA</SimpleData>
            <SimpleData name="Lote">B</SimpleData>
            <SimpleData name="Parametro">0.00000000000</SimpleData>
            <SimpleData name="Sup_SIG">0.73336746871</SimpleData>
            <SimpleData name="X">-55.73207745000</SimpleData>
            <SimpleData name="Y">-25.95701168000</SimpleData>
            <SimpleData name="cedula">4455077</SimpleData>
          </SchemaData>
        </ExtendedData>
        <Polygon>
          <outerBoundaryIs>
            <LinearRing>
              <coordinates>
                -55.7315510124479,-25.9567383775012,0
                -55.7319548714485,-25.9575379156739,0
                -55.7319904810493,-25.9576084145341,0
                -55.7325751059578,-25.9572640326352,0
                -55.7325956793935,-25.9572519131591,0
                -55.7325953577821,-25.9572512629972,0
                -55.7325883933684,-25.9572547502457,0
                -55.7325880690356,-25.9572549135316,0
                -55.7325873981339,-25.9572533068978,0
                -55.7325846658921,-25.9572467589545,0
                -55.7325826463904,-25.9572419209366,0
                -55.7325392010722,-25.9571378198029,0
                -55.7324137370109,-25.9568843618775,0
                -55.7321987781051,-25.9564501145335,0
                -55.7316873457196,-25.9566677670141,0
                -55.7316801801635,-25.9566714790737,0
                -55.7315776731147,-25.9567245707991,0
                -55.7315510124479,-25.9567383775012,0
              </coordinates>
            </LinearRing>
          </outerBoundaryIs>
        </Polygon>
      </Placemark>
      <Placemark id="Lote_B.109">
        <ExtendedData>
          <SchemaData schemaUrl="#Lote_B.schema">
            <SimpleData name="Cédula">7878713.00000000000</SimpleData>
            <SimpleData name="Nombres_y_">RAMONA BENITEZ ACOSTA</SimpleData>
            <SimpleData name="Sexo">Mujer</SimpleData>
            <SimpleData name="Cambio_de_">NO</SimpleData>
            <SimpleData name="Titular_se">NO</SimpleData>
            <SimpleData name="ci_UNIF">7878713.00000000000</SimpleData>
            <SimpleData name="Situación">NO</SimpleData>
            <SimpleData name="Comunidad">Ind?gena</SimpleData>
            <SimpleData name="Modelo_imp">Modelo 5</SimpleData>
            <SimpleData name="Departamen">GUAIRA</SimpleData>
            <SimpleData name="Distrito">PASO YOBAI</SimpleData>
            <SimpleData name="Localidad">COM INDIG SANTA TERESITA</SimpleData>
            <SimpleData name="Teléfono">0981081182</SimpleData>
            <SimpleData name="Vivienda_L">-25.70200400000</SimpleData>
            <SimpleData name="Vivienda_1">-55.91772610000</SimpleData>
            <SimpleData name="Superficie">0.70000000000</SimpleData>
            <SimpleData name="Situaci_1">Pol?gono</SimpleData>
            <SimpleData name="Plantado">SI</SimpleData>
            <SimpleData name="Fecha_Plan">2025/10/08</SimpleData>
            <SimpleData name="Jornales">0.00000000000</SimpleData>
            <SimpleData name="Monto">0.00000000000</SimpleData>
            <SimpleData name="Grupo_de_p">B-P1-XX-XX-XX</SimpleData>
            <SimpleData name="Estado_del">Activo</SimpleData>
            <SimpleData name="Empresa">Unique Wood Paraguay SA</SimpleData>
            <SimpleData name="Lote">B</SimpleData>
            <SimpleData name="Parametro">0.00000000000</SimpleData>
            <SimpleData name="Sup_SIG">0.78936204235</SimpleData>
            <SimpleData name="X">-55.91791386000</SimpleData>
            <SimpleData name="Y">-25.70239513000</SimpleData>
            <SimpleData name="cedula">7878713</SimpleData>
          </SchemaData>
        </ExtendedData>
        <MultiGeometry>
          <Polygon>
            <outerBoundaryIs>
              <LinearRing>
                <coordinates>
                  -55.9175800996175,-25.7030564991592,0
                  -55.9179859999843,-25.7027419011332,0
                  -55.9174487002663,-25.7021112009895,0
                  -55.9172661000136,-25.7022749001208,0
                  -55.9175800996175,-25.7030564991592,0
                </coordinates>
              </LinearRing>
            </outerBoundaryIs>
          </Polygon>
          <Polygon>
            <outerBoundaryIs>
              <LinearRing>
                <coordinates>
                  -55.9179911003329,-25.7027425999228,0
                  -55.9185433995978,-25.7022311011256,0
                  -55.918357399726,-25.7016920999225,0
                  -55.9177305001558,-25.7023746004291,0
                  -55.9179911003329,-25.7027425999228,0
                </coordinates>
              </LinearRing>
            </outerBoundaryIs>
          </Polygon>
        </MultiGeometry>
      </Placemark>
      <Placemark id="Lote_B.110">
        <ExtendedData>
          <SchemaData schemaUrl="#Lote_B.schema">
            <SimpleData name="Cédula">7140600.00000000000</SimpleData>
            <SimpleData name="Nombres_y_">ARCENIA SUAREZ NU?EZ</SimpleData>
            <SimpleData name="Sexo">Mujer</SimpleData>
            <SimpleData name="Cambio_de_">NO</SimpleData>
            <SimpleData name="Titular_se">NO</SimpleData>
            <SimpleData name="ci_UNIF">7140600.00000000000</SimpleData>
            <SimpleData name="Situación">NO</SimpleData>
            <SimpleData name="Comunidad">Campesina</SimpleData>
            <SimpleData name="Modelo_imp">Modelo 5</SimpleData>
            <SimpleData name="Departamen">GUAIRA</SimpleData>
            <SimpleData name="Distrito">PASO YOBAI</SimpleData>
            <SimpleData name="Localidad">SANTA MARIA</SimpleData>
            <SimpleData name="Teléfono">0982612715</SimpleData>
            <SimpleData name="Vivienda_L">-25.71152660000</SimpleData>
            <SimpleData name="Vivienda_1">-55.96885730000</SimpleData>
            <SimpleData name="Superficie">0.70000000000</SimpleData>
            <SimpleData name="Situaci_1">Pol?gono</SimpleData>
            <SimpleData name="Plantado">SI</SimpleData>
            <SimpleData name="Fecha_Plan">2025/10/16</SimpleData>
            <SimpleData name="Jornales">0.00000000000</SimpleData>
            <SimpleData name="Monto">0.00000000000</SimpleData>
            <SimpleData name="Grupo_de_p">B-P1-XX-XX-XX</SimpleData>
            <SimpleData name="Estado_del">Activo</SimpleData>
            <SimpleData name="Empresa">Unique Wood Paraguay SA</SimpleData>
            <SimpleData name="Lote">B</SimpleData>
            <SimpleData name="Parametro">0.00000000000</SimpleData>
            <SimpleData name="Sup_SIG">0.72674960671</SimpleData>
            <SimpleData name="X">-55.94518149000</SimpleData>
            <SimpleData name="Y">-25.65550341000</SimpleData>
            <SimpleData name="cedula">7140600</SimpleData>
          </SchemaData>
        </ExtendedData>
        <MultiGeometry>
          <Polygon>
            <outerBoundaryIs>
              <LinearRing>
                <coordinates>
                  -55.9449209003598,-25.6558574001742,0
                  -55.9454872003481,-25.6558373996895,0
                  -55.9454467003337,-25.6551547004702,0
                  -55.9448735998796,-25.6551666002797,0
                  -55.9449209003598,-25.6558574001742,0
                </coordinates>
              </LinearRing>
            </outerBoundaryIs>
          </Polygon>
          <Polygon>
            <outerBoundaryIs>
              <LinearRing>
                <coordinates>
                  -55.9511837002859,-25.6554512996714,0
                  -55.9515700000663,-25.6554132996675,0
                  -55.9514533001676,-25.6547266002917,0
                  -55.9510733001135,-25.6548067003454,0
                  -55.9511837002859,-25.6554512996714,0
                </coordinates>
              </LinearRing>
            </outerBoundaryIs>
          </Polygon>
        </MultiGeometry>
      </Placemark>
      <Placemark id="Lote_B.111">
        <ExtendedData>
          <SchemaData schemaUrl="#Lote_B.schema">
            <SimpleData name="Cédula">5451925.00000000000</SimpleData>
            <SimpleData name="Nombres_y_">VALENTIN CHAPYNOGI</SimpleData>
            <SimpleData name="Sexo">Hombre</SimpleData>
            <SimpleData name="Cambio_de_">NO</SimpleData>
            <SimpleData name="Titular_se">NO</SimpleData>
            <SimpleData name="ci_UNIF">5451925.00000000000</SimpleData>
            <SimpleData name="Situación">NO</SimpleData>
            <SimpleData name="Comunidad">Ind?gena</SimpleData>
            <SimpleData name="Modelo_imp">Modelo 4</SimpleData>
            <SimpleData name="Departamen">CAAZAPA</SimpleData>
            <SimpleData name="Distrito">ABAI</SimpleData>
            <SimpleData name="Localidad">COM INDIG YPETIMI</SimpleData>
            <SimpleData name="Teléfono">0985887955</SimpleData>
            <SimpleData name="Vivienda_L">-25.94110690000</SimpleData>
            <SimpleData name="Vivienda_1">-55.70493410000</SimpleData>
            <SimpleData name="Superficie">0.70000000000</SimpleData>
            <SimpleData name="Situaci_1">Pol?gono</SimpleData>
            <SimpleData name="Plantado">SI</SimpleData>
            <SimpleData name="Fecha_Plan">2025/09/25</SimpleData>
            <SimpleData name="Jornales">0.00000000000</SimpleData>
            <SimpleData name="Monto">0.00000000000</SimpleData>
            <SimpleData name="Grupo_de_p">B-P1-XX-XX-XX</SimpleData>
            <SimpleData name="Estado_del">Activo</SimpleData>
            <SimpleData name="Empresa">Unique Wood Paraguay SA</SimpleData>
            <SimpleData name="Lote">B</SimpleData>
            <SimpleData name="Parametro">0.00000000000</SimpleData>
            <SimpleData name="Sup_SIG">0.70296677450</SimpleData>
            <SimpleData name="X">-55.73298662000</SimpleData>
            <SimpleData name="Y">-25.95386601000</SimpleData>
            <SimpleData name="cedula">5451925</SimpleData>
          </SchemaData>
        </ExtendedData>
        <Polygon>
          <outerBoundaryIs>
            <LinearRing>
              <coordinates>
                -55.7330655126565,-25.9533624454325,0
                -55.7330641043715,-25.9533627391777,0
                -55.7329909221734,-25.9533780423202,0
                -55.7329448939067,-25.9533876666426,0
                -55.7328226956404,-25.9534132197204,0
                -55.7327618497354,-25.9534259420079,0
                -55.732658391627,-25.9534475762522,0
                -55.732483968205,-25.9534840496822,0
                -55.7326843147276,-25.9540298094293,0
                -55.7327103576664,-25.9541007507552,0
                -55.7327235188834,-25.9541366018385,0
                -55.7327677670891,-25.9542571383005,0
                -55.7327755388506,-25.9542783087417,0
                -55.7327765053372,-25.9542781447554,0
                -55.7328018570127,-25.9542738514628,0
                -55.7328317389357,-25.9543461996091,0
                -55.7328337111481,-25.9543509740106,0
                -55.7328341613269,-25.9543509021107,0
                -55.7328663504107,-25.95434573329,0
                -55.7334857576575,-25.9542462727051,0
                -55.7334884997652,-25.954245832624,0
                -55.7334931136303,-25.9542450920137,0
                -55.7334994932089,-25.9542440680036,0
                -55.7335141311325,-25.9542417177088,0
                -55.7335263730891,-25.9542397518365,0
                -55.7335249520314,-25.9542367590828,0
                -55.7335233991012,-25.9542334907078,0
                -55.7335189893963,-25.9542242069028,0
                -55.7335153532047,-25.9542165531966,0
                -55.7335074792266,-25.9541999756222,0
                -55.7335052748553,-25.9541953355294,0
                -55.7332676821111,-25.95369513675,0
                -55.7331164518544,-25.9533767535777,0
                -55.7331142133448,-25.9533720400494,0
                -55.7331099492145,-25.9533630635742,0
                -55.7331096249619,-25.9533623808874,0
                -55.7331089461869,-25.9533609511463,0
                -55.733105667516,-25.9533540490253,0
                -55.7331044073503,-25.9533543133698,0
                -55.733069835624,-25.9533615415812,0
                -55.7330655126565,-25.9533624454325,0
              </coordinates>
            </LinearRing>
          </outerBoundaryIs>
        </Polygon>
      </Placemark>
      <Placemark id="Lote_B.112">
        <ExtendedData>
          <SchemaData schemaUrl="#Lote_B.schema">
            <SimpleData name="Cédula">5615461.00000000000</SimpleData>
            <SimpleData name="Nombres_y_">NATALIA LEGAL LEDESMA</SimpleData>
            <SimpleData name="Sexo">Mujer</SimpleData>
            <SimpleData name="Cambio_de_">NO</SimpleData>
            <SimpleData name="Titular_se">NO</SimpleData>
            <SimpleData name="ci_UNIF">5615461.00000000000</SimpleData>
            <SimpleData name="Situación">NO</SimpleData>
            <SimpleData name="Comunidad">Campesina</SimpleData>
            <SimpleData name="Modelo_imp">Modelo 1</SimpleData>
            <SimpleData name="Departamen">GUAIRA</SimpleData>
            <SimpleData name="Distrito">PASO YOBAI</SimpleData>
            <SimpleData name="Localidad">3 DE NOVIEMBRE</SimpleData>
            <SimpleData name="Teléfono">0982349790</SimpleData>
            <SimpleData name="Vivienda_L">-25.71223500000</SimpleData>
            <SimpleData name="Vivienda_1">-55.91107000000</SimpleData>
            <SimpleData name="Superficie">0.80000000000</SimpleData>
            <SimpleData name="Situaci_1">Pol?gono</SimpleData>
            <SimpleData name="Plantado">SI</SimpleData>
            <SimpleData name="Fecha_Plan">2025/10/01</SimpleData>
            <SimpleData name="Jornales">0.00000000000</SimpleData>
            <SimpleData name="Monto">0.00000000000</SimpleData>
            <SimpleData name="Grupo_de_p">B-P1-XX-XX-XX</SimpleData>
            <SimpleData name="Estado_del">Activo</SimpleData>
            <SimpleData name="Empresa">Unique Wood Paraguay SA</SimpleData>
            <SimpleData name="Lote">B</SimpleData>
            <SimpleData name="Parametro">0.00000000000</SimpleData>
            <SimpleData name="Sup_SIG">0.82200168839</SimpleData>
            <SimpleData name="X">-55.88812623000</SimpleData>
            <SimpleData name="Y">-25.72469125000</SimpleData>
            <SimpleData name="cedula">5615461</SimpleData>
          </SchemaData>
        </ExtendedData>
        <Polygon>
          <outerBoundaryIs>
            <LinearRing>
              <coordinates>
                -55.8874660993503,-25.7249995998817,0
                -55.8879368003099,-25.7253253995766,0
                -55.8888184008234,-25.7243715001526,0
                -55.8882501003927,-25.7240858001707,0
                -55.8874660993503,-25.7249995998817,0
              </coordinates>
            </LinearRing>
          </outerBoundaryIs>
        </Polygon>
      </Placemark>
      <Placemark id="Lote_B.113">
        <ExtendedData>
          <SchemaData schemaUrl="#Lote_B.schema">
            <SimpleData name="Cédula">1442990.00000000000</SimpleData>
            <SimpleData name="Nombres_y_">FELICIANA MARTINEZ DE VILLALBA</SimpleData>
            <SimpleData name="Sexo">Mujer</SimpleData>
            <SimpleData name="Cambio_de_">NO</SimpleData>
            <SimpleData name="Titular_se">NO</SimpleData>
            <SimpleData name="ci_UNIF">1442990.00000000000</SimpleData>
            <SimpleData name="Situación">NO</SimpleData>
            <SimpleData name="Comunidad">Campesina</SimpleData>
            <SimpleData name="Modelo_imp">Modelo 6</SimpleData>
            <SimpleData name="Departamen">GUAIRA</SimpleData>
            <SimpleData name="Distrito">PASO YOBAI</SimpleData>
            <SimpleData name="Localidad">SAN JOSE</SimpleData>
            <SimpleData name="Teléfono">0986764849</SimpleData>
            <SimpleData name="Vivienda_L">-25.68867350000</SimpleData>
            <SimpleData name="Vivienda_1">-55.99045620000</SimpleData>
            <SimpleData name="Superficie">0.90000000000</SimpleData>
            <SimpleData name="Situaci_1">Pol?gono</SimpleData>
            <SimpleData name="Plantado">SI</SimpleData>
            <SimpleData name="Fecha_Plan">2025/10/16</SimpleData>
            <SimpleData name="Jornales">0.00000000000</SimpleData>
            <SimpleData name="Monto">0.00000000000</SimpleData>
            <SimpleData name="Grupo_de_p">B-P2-XX-XX-XX</SimpleData>
            <SimpleData name="Estado_del">Activo</SimpleData>
            <SimpleData name="Empresa">Unique Wood Paraguay SA</SimpleData>
            <SimpleData name="Lote">B</SimpleData>
            <SimpleData name="Parametro">0.00000000000</SimpleData>
            <SimpleData name="Sup_SIG">0.92228715826</SimpleData>
            <SimpleData name="X">-55.99136678000</SimpleData>
            <SimpleData name="Y">-25.68885855000</SimpleData>
            <SimpleData name="cedula">1442990</SimpleData>
          </SchemaData>
        </ExtendedData>
        <Polygon>
          <outerBoundaryIs>
            <LinearRing>
              <coordinates>
                -55.9908020999468,-25.6892339003309,0
                -55.9918525997711,-25.6892784003726,0
                -55.9919250005494,-25.6885084003339,0
                -55.9909138995693,-25.688406900258,0
                -55.9908020999468,-25.6892339003309,0
              </coordinates>
            </LinearRing>
          </outerBoundaryIs>
        </Polygon>
      </Placemark>
      <Placemark id="Lote_B.114">
        <ExtendedData>
          <SchemaData schemaUrl="#Lote_B.schema">
            <SimpleData name="Cédula">8074253.00000000000</SimpleData>
            <SimpleData name="Nombres_y_">ROSALINA FERNANDEZ NU?EZ</SimpleData>
            <SimpleData name="Sexo">Mujer</SimpleData>
            <SimpleData name="Cambio_de_">NO</SimpleData>
            <SimpleData name="Titular_se">NO</SimpleData>
            <SimpleData name="ci_UNIF">8074253.00000000000</SimpleData>
            <SimpleData name="Situación">NO</SimpleData>
            <SimpleData name="Comunidad">Ind?gena</SimpleData>
            <SimpleData name="Modelo_imp">Modelo 5</SimpleData>
            <SimpleData name="Departamen">CAAZAPA</SimpleData>
            <SimpleData name="Distrito">ABAI</SimpleData>
            <SimpleData name="Localidad"><![CDATA[COM INDIG YPETI - NARA'I]]></SimpleData>
            <SimpleData name="Teléfono">ND</SimpleData>
            <SimpleData name="Vivienda_L">-25.80836930000</SimpleData>
            <SimpleData name="Vivienda_1">-55.58250970000</SimpleData>
            <SimpleData name="Superficie">0.70000000000</SimpleData>
            <SimpleData name="Situaci_1">Pol?gono</SimpleData>
            <SimpleData name="Plantado">SI</SimpleData>
            <SimpleData name="Fecha_Plan">2025/11/12</SimpleData>
            <SimpleData name="Jornales">0.00000000000</SimpleData>
            <SimpleData name="Monto">0.00000000000</SimpleData>
            <SimpleData name="Grupo_de_p">B-P1-XX-XX-XX</SimpleData>
            <SimpleData name="Estado_del">Activo</SimpleData>
            <SimpleData name="Empresa">Unique Wood Paraguay SA</SimpleData>
            <SimpleData name="Lote">B</SimpleData>
            <SimpleData name="Parametro">0.00000000000</SimpleData>
            <SimpleData name="Sup_SIG">0.70636400951</SimpleData>
            <SimpleData name="X">-55.59210061000</SimpleData>
            <SimpleData name="Y">-25.79019705000</SimpleData>
            <SimpleData name="cedula">8074253</SimpleData>
          </SchemaData>
        </ExtendedData>
        <Polygon>
          <outerBoundaryIs>
            <LinearRing>
              <coordinates>
                -55.5916630660796,-25.7906978282395,0
                -55.5916741997391,-25.7907185000744,0
                -55.592691917883,-25.7901594793166,0
                -55.5927911003244,-25.790105000024,0
                -55.5925308993302,-25.7896889002543,0
                -55.5914270996323,-25.7902596999248,0
                -55.5916630660796,-25.7906978282395,0
              </coordinates>
            </LinearRing>
          </outerBoundaryIs>
        </Polygon>
      </Placemark>
      <Placemark id="Lote_B.115">
        <ExtendedData>
          <SchemaData schemaUrl="#Lote_B.schema">
            <SimpleData name="Cédula">5870829.00000000000</SimpleData>
            <SimpleData name="Nombres_y_">JUAN JAPEGI</SimpleData>
            <SimpleData name="Sexo">Hombre</SimpleData>
            <SimpleData name="Cambio_de_">NO</SimpleData>
            <SimpleData name="Titular_se">NO</SimpleData>
            <SimpleData name="ci_UNIF">5870829.00000000000</SimpleData>
            <SimpleData name="Situación">NO</SimpleData>
            <SimpleData name="Comunidad">Ind?gena</SimpleData>
            <SimpleData name="Modelo_imp">Modelo 4</SimpleData>
            <SimpleData name="Departamen">CAAZAPA</SimpleData>
            <SimpleData name="Distrito">ABAI</SimpleData>
            <SimpleData name="Localidad">COM INDIG YPETIMI</SimpleData>
            <SimpleData name="Teléfono">ND</SimpleData>
            <SimpleData name="Vivienda_L">-25.94109380000</SimpleData>
            <SimpleData name="Vivienda_1">-55.70504230000</SimpleData>
            <SimpleData name="Superficie">0.70000000000</SimpleData>
            <SimpleData name="Situaci_1">Par?metro</SimpleData>
            <SimpleData name="Plantado">SI</SimpleData>
            <SimpleData name="Fecha_Plan">2025/11/28</SimpleData>
            <SimpleData name="Jornales">0.00000000000</SimpleData>
            <SimpleData name="Monto">0.00000000000</SimpleData>
            <SimpleData name="Grupo_de_p">B-P2-XX-XX-XX</SimpleData>
            <SimpleData name="Estado_del">Activo</SimpleData>
            <SimpleData name="Empresa">Unique Wood Paraguay SA</SimpleData>
            <SimpleData name="Lote">B</SimpleData>
            <SimpleData name="Parametro">0.00000000000</SimpleData>
            <SimpleData name="Sup_SIG">0.73072049338</SimpleData>
            <SimpleData name="X">-55.73544467000</SimpleData>
            <SimpleData name="Y">-25.96057125000</SimpleData>
            <SimpleData name="cedula">5870829</SimpleData>
          </SchemaData>
        </ExtendedData>
        <Polygon>
          <outerBoundaryIs>
            <LinearRing>
              <coordinates>
                -55.7349799998934,-25.9601649995815,0
                -55.7350042282288,-25.9602745605043,0
                -55.7351282267287,-25.9608352728425,0
                -55.7351782996946,-25.9610617002037,0
                -55.7359931999434,-25.9609009998742,0
                -55.7356556065583,-25.9601650359302,0
                -55.7356544861181,-25.9601625929516,0
                -55.7356516364182,-25.9601585097318,0
                -55.735629999537,-25.9601632999999,0
                -55.7356215640809,-25.9601435946563,0
                -55.7355927965883,-25.9600763976386,0
                -55.7350009908157,-25.9601619652357,0
                -55.7349799998934,-25.9601649995815,0
              </coordinates>
            </LinearRing>
          </outerBoundaryIs>
        </Polygon>
      </Placemark>
      <Placemark id="Lote_B.116">
        <ExtendedData>
          <SchemaData schemaUrl="#Lote_B.schema">
            <SimpleData name="Cédula">6905078.00000000000</SimpleData>
            <SimpleData name="Nombres_y_">NERY CARDOZO BENITEZ</SimpleData>
            <SimpleData name="Sexo">Hombre</SimpleData>
            <SimpleData name="Cambio_de_">NO</SimpleData>
            <SimpleData name="Titular_se">NO</SimpleData>
            <SimpleData name="ci_UNIF">6905078.00000000000</SimpleData>
            <SimpleData name="Situación">NO</SimpleData>
            <SimpleData name="Comunidad">Ind?gena</SimpleData>
            <SimpleData name="Modelo_imp">Modelo 6</SimpleData>
            <SimpleData name="Departamen">GUAIRA</SimpleData>
            <SimpleData name="Distrito">PASO YOBAI</SimpleData>
            <SimpleData name="Localidad">COM INDIG SANTA TERESITA</SimpleData>
            <SimpleData name="Teléfono">0986923043</SimpleData>
            <SimpleData name="Vivienda_L">-25.69873900000</SimpleData>
            <SimpleData name="Vivienda_1">-55.91333720000</SimpleData>
            <SimpleData name="Superficie">0.90000000000</SimpleData>
            <SimpleData name="Situaci_1">Pol?gono</SimpleData>
            <SimpleData name="Plantado">SI</SimpleData>
            <SimpleData name="Fecha_Plan">2025/09/27</SimpleData>
            <SimpleData name="Jornales">0.00000000000</SimpleData>
            <SimpleData name="Monto">0.00000000000</SimpleData>
            <SimpleData name="Grupo_de_p">B-P1-XX-XX-XX</SimpleData>
            <SimpleData name="Estado_del">Activo</SimpleData>
            <SimpleData name="Empresa">Unique Wood Paraguay SA</SimpleData>
            <SimpleData name="Lote">B</SimpleData>
            <SimpleData name="Parametro">0.00000000000</SimpleData>
            <SimpleData name="Sup_SIG">0.90307669588</SimpleData>
            <SimpleData name="X">-55.91492299000</SimpleData>
            <SimpleData name="Y">-25.69889539000</SimpleData>
            <SimpleData name="cedula">6905078</SimpleData>
          </SchemaData>
        </ExtendedData>
        <Polygon>
          <outerBoundaryIs>
            <LinearRing>
              <coordinates>
                -55.9146410472634,-25.6987589679635,0
                -55.9145216995525,-25.6989683005097,0
                -55.9145059784639,-25.6989588454614,0
                -55.9142696995755,-25.6993085007254,0
                -55.9148827572055,-25.6995293862592,0
                -55.9149024999347,-25.6995365001243,0
                -55.9149736586144,-25.69943193227,0
                -55.9154898999949,-25.6986733004419,0
                -55.9150808003478,-25.6981082000524,0
                -55.9146410472634,-25.6987589679635,0
              </coordinates>
            </LinearRing>
          </outerBoundaryIs>
        </Polygon>
      </Placemark>
      <Placemark id="Lote_B.117">
        <ExtendedData>
          <SchemaData schemaUrl="#Lote_B.schema">
            <SimpleData name="Cédula">6513098.00000000000</SimpleData>
            <SimpleData name="Nombres_y_">BENITA BAEZ OLAZAR</SimpleData>
            <SimpleData name="Sexo">Mujer</SimpleData>
            <SimpleData name="Cambio_de_">NO</SimpleData>
            <SimpleData name="Titular_se">NO</SimpleData>
            <SimpleData name="ci_UNIF">6513098.00000000000</SimpleData>
            <SimpleData name="Situación">NO</SimpleData>
            <SimpleData name="Comunidad">Campesina</SimpleData>
            <SimpleData name="Modelo_imp">Modelo 5</SimpleData>
            <SimpleData name="Departamen">GUAIRA</SimpleData>
            <SimpleData name="Distrito">PASO YOBAI</SimpleData>
            <SimpleData name="Localidad">COSTA ALEGRE</SimpleData>
            <SimpleData name="Teléfono">0983497080</SimpleData>
            <SimpleData name="Vivienda_L">-25.73049660000</SimpleData>
            <SimpleData name="Vivienda_1">-55.88672950000</SimpleData>
            <SimpleData name="Superficie">0.70000000000</SimpleData>
            <SimpleData name="Situaci_1">Pol?gono</SimpleData>
            <SimpleData name="Plantado">SI</SimpleData>
            <SimpleData name="Fecha_Plan">2025/10/15</SimpleData>
            <SimpleData name="Jornales">0.00000000000</SimpleData>
            <SimpleData name="Monto">0.00000000000</SimpleData>
            <SimpleData name="Grupo_de_p">B-P1-XX-XX-XX</SimpleData>
            <SimpleData name="Estado_del">Activo</SimpleData>
            <SimpleData name="Empresa">Unique Wood Paraguay SA</SimpleData>
            <SimpleData name="Lote">B</SimpleData>
            <SimpleData name="Parametro">0.00000000000</SimpleData>
            <SimpleData name="Sup_SIG">0.69709772111</SimpleData>
            <SimpleData name="X">-55.88703603000</SimpleData>
            <SimpleData name="Y">-25.73112639000</SimpleData>
            <SimpleData name="cedula">6513098</SimpleData>
          </SchemaData>
        </ExtendedData>
        <Polygon>
          <outerBoundaryIs>
            <LinearRing>
              <coordinates>
                -55.8862436995807,-25.7311140005633,0
                -55.8877866996063,-25.731551699823,0
                -55.8878499994198,-25.7312433002246,0
                -55.886496699732,-25.7306667003145,0
                -55.8862436995807,-25.7311140005633,0
              </coordinates>
            </LinearRing>
          </outerBoundaryIs>
        </Polygon>
      </Placemark>
      <Placemark id="Lote_B.118">
        <ExtendedData>
          <SchemaData schemaUrl="#Lote_B.schema">
            <SimpleData name="Cédula">5451923.00000000000</SimpleData>
            <SimpleData name="Nombres_y_">PABLINA PIKYGI</SimpleData>
            <SimpleData name="Sexo">Mujer</SimpleData>
            <SimpleData name="Cambio_de_">NO</SimpleData>
            <SimpleData name="Titular_se">NO</SimpleData>
            <SimpleData name="ci_UNIF">5451923.00000000000</SimpleData>
            <SimpleData name="Situación">NO</SimpleData>
            <SimpleData name="Comunidad">Ind?gena</SimpleData>
            <SimpleData name="Modelo_imp">Modelo 4</SimpleData>
            <SimpleData name="Departamen">CAAZAPA</SimpleData>
            <SimpleData name="Distrito">ABAI</SimpleData>
            <SimpleData name="Localidad">COM INDIG YPETIMI</SimpleData>
            <SimpleData name="Teléfono">ND</SimpleData>
            <SimpleData name="Vivienda_L">-25.94101950000</SimpleData>
            <SimpleData name="Vivienda_1">-55.70488240000</SimpleData>
            <SimpleData name="Superficie">0.70000000000</SimpleData>
            <SimpleData name="Situaci_1">Par?metro</SimpleData>
            <SimpleData name="Plantado">SI</SimpleData>
            <SimpleData name="Fecha_Plan">2025/11/28</SimpleData>
            <SimpleData name="Jornales">0.00000000000</SimpleData>
            <SimpleData name="Monto">0.00000000000</SimpleData>
            <SimpleData name="Grupo_de_p">B-P2-XX-XX-XX</SimpleData>
            <SimpleData name="Estado_del">Activo</SimpleData>
            <SimpleData name="Empresa">Unique Wood Paraguay SA</SimpleData>
            <SimpleData name="Lote">B</SimpleData>
            <SimpleData name="Parametro">0.00000000000</SimpleData>
            <SimpleData name="Sup_SIG">0.71182796211</SimpleData>
            <SimpleData name="X">-55.73621377000</SimpleData>
            <SimpleData name="Y">-25.96044574000</SimpleData>
            <SimpleData name="cedula">5451923</SimpleData>
          </SchemaData>
        </ExtendedData>
        <Polygon>
          <outerBoundaryIs>
            <LinearRing>
              <coordinates>
                -55.7356525233963,-25.9601583134334,0
                -55.7356544861181,-25.9601625929516,0
                -55.7356556065583,-25.9601650359302,0
                -55.7359931999434,-25.9609009998742,0
                -55.7368013588037,-25.9607247557166,0
                -55.736393122989,-25.9599808683078,0
                -55.7356525233963,-25.9601583134334,0
              </coordinates>
            </LinearRing>
          </outerBoundaryIs>
        </Polygon>
      </Placemark>
      <Placemark id="Lote_B.119">
        <ExtendedData>
          <SchemaData schemaUrl="#Lote_B.schema">
            <SimpleData name="Cédula">5312168.00000000000</SimpleData>
            <SimpleData name="Nombres_y_">LAURA BAEZ OLAZAR</SimpleData>
            <SimpleData name="Sexo">Mujer</SimpleData>
            <SimpleData name="Cambio_de_">NO</SimpleData>
            <SimpleData name="Titular_se">NO</SimpleData>
            <SimpleData name="ci_UNIF">5312168.00000000000</SimpleData>
            <SimpleData name="Situación">NO</SimpleData>
            <SimpleData name="Comunidad">Campesina</SimpleData>
            <SimpleData name="Modelo_imp">Modelo 6</SimpleData>
            <SimpleData name="Departamen">GUAIRA</SimpleData>
            <SimpleData name="Distrito">PASO YOBAI</SimpleData>
            <SimpleData name="Localidad">COSTA ALEGRE</SimpleData>
            <SimpleData name="Teléfono">0983030601</SimpleData>
            <SimpleData name="Vivienda_L">-25.72681150000</SimpleData>
            <SimpleData name="Vivienda_1">-55.87555120000</SimpleData>
            <SimpleData name="Superficie">0.90000000000</SimpleData>
            <SimpleData name="Situaci_1">Pol?gono</SimpleData>
            <SimpleData name="Plantado">SI</SimpleData>
            <SimpleData name="Fecha_Plan">2025/10/01</SimpleData>
            <SimpleData name="Jornales">0.00000000000</SimpleData>
            <SimpleData name="Monto">0.00000000000</SimpleData>
            <SimpleData name="Grupo_de_p">B-P1-XX-XX-XX</SimpleData>
            <SimpleData name="Estado_del">Activo</SimpleData>
            <SimpleData name="Empresa">Unique Wood Paraguay SA</SimpleData>
            <SimpleData name="Lote">B</SimpleData>
            <SimpleData name="Parametro">0.00000000000</SimpleData>
            <SimpleData name="Sup_SIG">0.95854560639</SimpleData>
            <SimpleData name="X">-55.87848243000</SimpleData>
            <SimpleData name="Y">-25.72772320000</SimpleData>
            <SimpleData name="cedula">5312168</SimpleData>
          </SchemaData>
        </ExtendedData>
        <Polygon>
          <outerBoundaryIs>
            <LinearRing>
              <coordinates>
                -55.8777336990817,-25.7278651008,0
                -55.8788466999998,-25.7282549999129,0
                -55.8791707002297,-25.7275194998725,0
                -55.8781749993723,-25.7272158993994,0
                -55.8777336990817,-25.7278651008,0
              </coordinates>
            </LinearRing>
          </outerBoundaryIs>
        </Polygon>
      </Placemark>
      <Placemark id="Lote_B.120">
        <ExtendedData>
          <SchemaData schemaUrl="#Lote_B.schema">
            <SimpleData name="Cédula">4118497.00000000000</SimpleData>
            <SimpleData name="Nombres_y_">MOISES KRYGI CARDOZO</SimpleData>
            <SimpleData name="Sexo">Hombre</SimpleData>
            <SimpleData name="Cambio_de_">NO</SimpleData>
            <SimpleData name="Titular_se">NO</SimpleData>
            <SimpleData name="ci_UNIF">4118497.00000000000</SimpleData>
            <SimpleData name="Situación">NO</SimpleData>
            <SimpleData name="Comunidad">Ind?gena</SimpleData>
            <SimpleData name="Modelo_imp">Modelo 4</SimpleData>
            <SimpleData name="Departamen">CAAZAPA</SimpleData>
            <SimpleData name="Distrito">ABAI</SimpleData>
            <SimpleData name="Localidad">COM INDIG YPETIMI</SimpleData>
            <SimpleData name="Teléfono">0986251861</SimpleData>
            <SimpleData name="Vivienda_L">-25.94102650000</SimpleData>
            <SimpleData name="Vivienda_1">-55.70504400000</SimpleData>
            <SimpleData name="Superficie">0.70000000000</SimpleData>
            <SimpleData name="Situaci_1">Pol?gono</SimpleData>
            <SimpleData name="Plantado">SI</SimpleData>
            <SimpleData name="Fecha_Plan">2025/10/23</SimpleData>
            <SimpleData name="Jornales">0.00000000000</SimpleData>
            <SimpleData name="Monto">0.00000000000</SimpleData>
            <SimpleData name="Grupo_de_p">B-P1-XX-XX-XX</SimpleData>
            <SimpleData name="Estado_del">Activo</SimpleData>
            <SimpleData name="Empresa">Unique Wood Paraguay SA</SimpleData>
            <SimpleData name="Lote">B</SimpleData>
            <SimpleData name="Parametro">0.00000000000</SimpleData>
            <SimpleData name="Sup_SIG">0.72915586646</SimpleData>
            <SimpleData name="X">-55.72432664000</SimpleData>
            <SimpleData name="Y">-25.95437863000</SimpleData>
            <SimpleData name="cedula">4118497</SimpleData>
          </SchemaData>
        </ExtendedData>
        <Polygon>
          <outerBoundaryIs>
            <LinearRing>
              <coordinates>
                -55.7238112812915,-25.9540191481721,0
                -55.7241175606604,-25.9548162025217,0
                -55.7241237506192,-25.9548323106918,0
                -55.7241346695094,-25.954860724884,0
                -55.7246137952044,-25.9548191408833,0
                -55.7247995432261,-25.9548030196766,0
                -55.7248112508173,-25.9548020032537,0
                -55.7248227844683,-25.954801002452,0
                -55.7248063220733,-25.9547494779138,0
                -55.7246142491899,-25.9541483225525,0
                -55.7245222917612,-25.9538605109375,0
                -55.7238112812915,-25.9540191481721,0
              </coordinates>
            </LinearRing>
          </outerBoundaryIs>
        </Polygon>
      </Placemark>
      <Placemark id="Lote_B.121">
        <ExtendedData>
          <SchemaData schemaUrl="#Lote_B.schema">
            <SimpleData name="Cédula">8320640.00000000000</SimpleData>
            <SimpleData name="Nombres_y_">MARIA MACIEL FERNANDEZ</SimpleData>
            <SimpleData name="Sexo">Mujer</SimpleData>
            <SimpleData name="Cambio_de_">NO</SimpleData>
            <SimpleData name="Titular_se">NO</SimpleData>
            <SimpleData name="ci_UNIF">8320640.00000000000</SimpleData>
            <SimpleData name="Situación">NO</SimpleData>
            <SimpleData name="Comunidad">Ind?gena</SimpleData>
            <SimpleData name="Modelo_imp">Modelo 5</SimpleData>
            <SimpleData name="Departamen">GUAIRA</SimpleData>
            <SimpleData name="Distrito">PASO YOBAI</SimpleData>
            <SimpleData name="Localidad">COM INDIG ARROYO HU</SimpleData>
            <SimpleData name="Teléfono">0986703175</SimpleData>
            <SimpleData name="Vivienda_L">-25.67112420000</SimpleData>
            <SimpleData name="Vivienda_1">-55.99532980000</SimpleData>
            <SimpleData name="Superficie">0.70000000000</SimpleData>
            <SimpleData name="Situaci_1">Pol?gono</SimpleData>
            <SimpleData name="Plantado">SI</SimpleData>
            <SimpleData name="Fecha_Plan">2025/10/24</SimpleData>
            <SimpleData name="Jornales">0.00000000000</SimpleData>
            <SimpleData name="Monto">0.00000000000</SimpleData>
            <SimpleData name="Grupo_de_p">B-P2-XX-XX-XX</SimpleData>
            <SimpleData name="Estado_del">Activo</SimpleData>
            <SimpleData name="Empresa">Unique Wood Paraguay SA</SimpleData>
            <SimpleData name="Lote">B</SimpleData>
            <SimpleData name="Parametro">0.00000000000</SimpleData>
            <SimpleData name="Sup_SIG">0.75254827655</SimpleData>
            <SimpleData name="X">-55.99619398000</SimpleData>
            <SimpleData name="Y">-25.66749753000</SimpleData>
            <SimpleData name="cedula">8320640</SimpleData>
          </SchemaData>
        </ExtendedData>
        <Polygon>
          <outerBoundaryIs>
            <LinearRing>
              <coordinates>
                -55.9956095811809,-25.6675066464566,0
                -55.9956404463596,-25.6674653163973,0
                -55.9963922408402,-25.6680817344133,0
                -55.9964414539933,-25.6680117951883,0
                -55.9967830001335,-25.6675264003222,0
                -55.9961030000079,-25.6669585001375,0
                -55.9955130005145,-25.6674280002396,0
                -55.995603215163,-25.6675014631106,0
                -55.9956095811809,-25.6675066464566,0
              </coordinates>
            </LinearRing>
          </outerBoundaryIs>
        </Polygon>
      </Placemark>
      <Placemark id="Lote_B.122">
        <ExtendedData>
          <SchemaData schemaUrl="#Lote_B.schema">
            <SimpleData name="Cédula">6503754.00000000000</SimpleData>
            <SimpleData name="Nombres_y_">NILCE MABEL VAZQUEZ ACU?A</SimpleData>
            <SimpleData name="Sexo">Mujer</SimpleData>
            <SimpleData name="Cambio_de_">NO</SimpleData>
            <SimpleData name="Titular_se">NO</SimpleData>
            <SimpleData name="ci_UNIF">6503754.00000000000</SimpleData>
            <SimpleData name="Situación">NO</SimpleData>
            <SimpleData name="Comunidad">Campesina</SimpleData>
            <SimpleData name="Modelo_imp">Modelo 5</SimpleData>
            <SimpleData name="Departamen">GUAIRA</SimpleData>
            <SimpleData name="Distrito">PASO YOBAI</SimpleData>
            <SimpleData name="Localidad">SAN JOSE</SimpleData>
            <SimpleData name="Teléfono">0983489967</SimpleData>
            <SimpleData name="Vivienda_L">-25.68926920000</SimpleData>
            <SimpleData name="Vivienda_1">-55.98720850000</SimpleData>
            <SimpleData name="Superficie">0.70000000000</SimpleData>
            <SimpleData name="Situaci_1">Pol?gono</SimpleData>
            <SimpleData name="Plantado">SI</SimpleData>
            <SimpleData name="Fecha_Plan">2025/10/16</SimpleData>
            <SimpleData name="Jornales">0.00000000000</SimpleData>
            <SimpleData name="Monto">0.00000000000</SimpleData>
            <SimpleData name="Grupo_de_p">B-P2-XX-XX-XX</SimpleData>
            <SimpleData name="Estado_del">Activo</SimpleData>
            <SimpleData name="Empresa">Unique Wood Paraguay SA</SimpleData>
            <SimpleData name="Lote">B</SimpleData>
            <SimpleData name="Parametro">0.00000000000</SimpleData>
            <SimpleData name="Sup_SIG">0.91024135259</SimpleData>
            <SimpleData name="X">-55.98758618000</SimpleData>
            <SimpleData name="Y">-25.68978178000</SimpleData>
            <SimpleData name="cedula">6503754</SimpleData>
          </SchemaData>
        </ExtendedData>
        <Polygon>
          <outerBoundaryIs>
            <LinearRing>
              <coordinates>
                -55.9868503005347,-25.6900332004398,0
                -55.9884249002149,-25.6900674001392,0
                -55.9884064000417,-25.689653199742,0
                -55.9868921002027,-25.6893890997227,0
                -55.9868503005347,-25.6900332004398,0
              </coordinates>
            </LinearRing>
          </outerBoundaryIs>
        </Polygon>
      </Placemark>
      <Placemark id="Lote_B.123">
        <ExtendedData>
          <SchemaData schemaUrl="#Lote_B.schema">
            <SimpleData name="Cédula">5451960.00000000000</SimpleData>
            <SimpleData name="Nombres_y_">VIQUI MBEREMBOGI</SimpleData>
            <SimpleData name="Sexo">Mujer</SimpleData>
            <SimpleData name="Cambio_de_">NO</SimpleData>
            <SimpleData name="Titular_se">NO</SimpleData>
            <SimpleData name="ci_UNIF">5451960.00000000000</SimpleData>
            <SimpleData name="Situación">NO</SimpleData>
            <SimpleData name="Comunidad">Ind?gena</SimpleData>
            <SimpleData name="Modelo_imp">Modelo 4</SimpleData>
            <SimpleData name="Departamen">CAAZAPA</SimpleData>
            <SimpleData name="Distrito">ABAI</SimpleData>
            <SimpleData name="Localidad">COM INDIG YPETIMI</SimpleData>
            <SimpleData name="Teléfono">0985322637</SimpleData>
            <SimpleData name="Vivienda_L">-25.94108110000</SimpleData>
            <SimpleData name="Vivienda_1">-55.70489440000</SimpleData>
            <SimpleData name="Superficie">0.70000000000</SimpleData>
            <SimpleData name="Situaci_1">Pol?gono</SimpleData>
            <SimpleData name="Plantado">SI</SimpleData>
            <SimpleData name="Fecha_Plan">2025/09/25</SimpleData>
            <SimpleData name="Jornales">0.00000000000</SimpleData>
            <SimpleData name="Monto">0.00000000000</SimpleData>
            <SimpleData name="Grupo_de_p">B-P1-XX-XX-XX</SimpleData>
            <SimpleData name="Estado_del">Activo</SimpleData>
            <SimpleData name="Empresa">Unique Wood Paraguay SA</SimpleData>
            <SimpleData name="Lote">B</SimpleData>
            <SimpleData name="Parametro">0.00000000000</SimpleData>
            <SimpleData name="Sup_SIG">0.71643171640</SimpleData>
            <SimpleData name="X">-55.73413477000</SimpleData>
            <SimpleData name="Y">-25.95638617000</SimpleData>
            <SimpleData name="cedula">5451960</SimpleData>
          </SchemaData>
        </ExtendedData>
        <Polygon>
          <outerBoundaryIs>
            <LinearRing>
              <coordinates>
                -55.7336511669532,-25.956000398786,0
                -55.7335523921028,-25.9560177887153,0
                -55.7335503298983,-25.9560136726196,0
                -55.7334939917031,-25.9560210897066,0
                -55.7335087908709,-25.9560464295725,0
                -55.7335352404955,-25.956043814242,0
                -55.7341046902827,-25.956905094186,0
                -55.7346678720469,-25.956786666692,0
                -55.7346356853485,-25.9567084419365,0
                -55.7346332031545,-25.9567024099383,0
                -55.7343120860289,-25.955921976077,0
                -55.7336511669532,-25.956000398786,0
              </coordinates>
            </LinearRing>
          </outerBoundaryIs>
        </Polygon>
      </Placemark>
      <Placemark id="Lote_B.124">
        <ExtendedData>
          <SchemaData schemaUrl="#Lote_B.schema">
            <SimpleData name="Cédula">6204193.00000000000</SimpleData>
            <SimpleData name="Nombres_y_">URSULINA DUARTE BENITEZ</SimpleData>
            <SimpleData name="Sexo">Mujer</SimpleData>
            <SimpleData name="Cambio_de_">NO</SimpleData>
            <SimpleData name="Titular_se">NO</SimpleData>
            <SimpleData name="ci_UNIF">6204193.00000000000</SimpleData>
            <SimpleData name="Situación">NO</SimpleData>
            <SimpleData name="Comunidad">Ind?gena</SimpleData>
            <SimpleData name="Modelo_imp">Modelo 5</SimpleData>
            <SimpleData name="Departamen">GUAIRA</SimpleData>
            <SimpleData name="Distrito">PASO YOBAI</SimpleData>
            <SimpleData name="Localidad">COM INDIG SANTA TERESITA</SimpleData>
            <SimpleData name="Teléfono">0986923043</SimpleData>
            <SimpleData name="Vivienda_L">-25.69860550000</SimpleData>
            <SimpleData name="Vivienda_1">-55.91352560000</SimpleData>
            <SimpleData name="Superficie">0.70000000000</SimpleData>
            <SimpleData name="Situaci_1">Pol?gono</SimpleData>
            <SimpleData name="Plantado">SI</SimpleData>
            <SimpleData name="Fecha_Plan">2025/10/01</SimpleData>
            <SimpleData name="Jornales">0.00000000000</SimpleData>
            <SimpleData name="Monto">0.00000000000</SimpleData>
            <SimpleData name="Grupo_de_p">B-P1-XX-XX-XX</SimpleData>
            <SimpleData name="Estado_del">Activo</SimpleData>
            <SimpleData name="Empresa">Unique Wood Paraguay SA</SimpleData>
            <SimpleData name="Lote">B</SimpleData>
            <SimpleData name="Parametro">0.00000000000</SimpleData>
            <SimpleData name="Sup_SIG">0.72717841272</SimpleData>
            <SimpleData name="X">-55.91436324000</SimpleData>
            <SimpleData name="Y">-25.69841322000</SimpleData>
            <SimpleData name="cedula">6204193</SimpleData>
          </SchemaData>
        </ExtendedData>
        <Polygon>
          <outerBoundaryIs>
            <LinearRing>
              <coordinates>
                -55.9145059784639,-25.6989588454614,0
                -55.9145216995525,-25.6989683005097,0
                -55.9146410472634,-25.6987589679635,0
                -55.9149216999071,-25.6982667006674,0
                -55.9141783001103,-25.6978717006236,0
                -55.9138150001423,-25.6985433004218,0
                -55.9145059784639,-25.6989588454614,0
              </coordinates>
            </LinearRing>
          </outerBoundaryIs>
        </Polygon>
      </Placemark>
      <Placemark id="Lote_B.125">
        <ExtendedData>
          <SchemaData schemaUrl="#Lote_B.schema">
            <SimpleData name="Cédula">4265484.00000000000</SimpleData>
            <SimpleData name="Nombres_y_">ADOLFINA CENTURION NU?EZ</SimpleData>
            <SimpleData name="Sexo">Mujer</SimpleData>
            <SimpleData name="Cambio_de_">NO</SimpleData>
            <SimpleData name="Titular_se">NO</SimpleData>
            <SimpleData name="ci_UNIF">4265484.00000000000</SimpleData>
            <SimpleData name="Situación">NO</SimpleData>
            <SimpleData name="Comunidad">Ind?gena</SimpleData>
            <SimpleData name="Modelo_imp">Modelo 4</SimpleData>
            <SimpleData name="Departamen">CAAZAPA</SimpleData>
            <SimpleData name="Distrito">ABAI</SimpleData>
            <SimpleData name="Localidad">COM INDIG YTU</SimpleData>
            <SimpleData name="Teléfono">0975869439</SimpleData>
            <SimpleData name="Vivienda_L">-25.78312940000</SimpleData>
            <SimpleData name="Vivienda_1">-55.59745800000</SimpleData>
            <SimpleData name="Superficie">0.70000000000</SimpleData>
            <SimpleData name="Situaci_1">Par?metro</SimpleData>
            <SimpleData name="Plantado">SI</SimpleData>
            <SimpleData name="Fecha_Plan">2026/01/16</SimpleData>
            <SimpleData name="Jornales">0.00000000000</SimpleData>
            <SimpleData name="Monto">0.00000000000</SimpleData>
            <SimpleData name="Grupo_de_p">B-P3-XX-XX-XX</SimpleData>
            <SimpleData name="Estado_del">Activo</SimpleData>
            <SimpleData name="Empresa">Unique Wood Paraguay SA</SimpleData>
            <SimpleData name="Lote">B</SimpleData>
            <SimpleData name="Parametro">0.00000000000</SimpleData>
            <SimpleData name="Sup_SIG">0.79056108804</SimpleData>
            <SimpleData name="X">-55.60560023000</SimpleData>
            <SimpleData name="Y">-25.76993729000</SimpleData>
            <SimpleData name="cedula">4265484</SimpleData>
          </SchemaData>
        </ExtendedData>
        <Polygon>
          <outerBoundaryIs>
            <LinearRing>
              <coordinates>
                -55.6048266999434,-25.7697249997717,0
                -55.6052100002973,-25.7701800002763,0
                -55.6053700002648,-25.7700666997754,0
                -55.6057683001542,-25.7704066998315,0
                -55.6062033001898,-25.7704000003982,0
                -55.6058866999438,-25.7694799997067,0
                -55.6048266999434,-25.7697249997717,0
              </coordinates>
            </LinearRing>
          </outerBoundaryIs>
        </Polygon>
      </Placemark>
      <Placemark id="Lote_B.126">
        <ExtendedData>
          <SchemaData schemaUrl="#Lote_B.schema">
            <SimpleData name="Cédula">4947392.00000000000</SimpleData>
            <SimpleData name="Nombres_y_">REIMUNDO ESQUIVEL</SimpleData>
            <SimpleData name="Sexo">Hombre</SimpleData>
            <SimpleData name="Cambio_de_">NO</SimpleData>
            <SimpleData name="Titular_se">NO</SimpleData>
            <SimpleData name="ci_UNIF">4947392.00000000000</SimpleData>
            <SimpleData name="Situación">NO</SimpleData>
            <SimpleData name="Comunidad">Campesina</SimpleData>
            <SimpleData name="Modelo_imp">Modelo 6</SimpleData>
            <SimpleData name="Departamen">GUAIRA</SimpleData>
            <SimpleData name="Distrito">PASO YOBAI</SimpleData>
            <SimpleData name="Localidad">SANTA MARIA</SimpleData>
            <SimpleData name="Teléfono">0985136050</SimpleData>
            <SimpleData name="Vivienda_L">-25.71578840000</SimpleData>
            <SimpleData name="Vivienda_1">-55.96866200000</SimpleData>
            <SimpleData name="Superficie">0.90000000000</SimpleData>
            <SimpleData name="Situaci_1">Pol?gono</SimpleData>
            <SimpleData name="Plantado">SI</SimpleData>
            <SimpleData name="Fecha_Plan">2025/09/26</SimpleData>
            <SimpleData name="Jornales">0.00000000000</SimpleData>
            <SimpleData name="Monto">0.00000000000</SimpleData>
            <SimpleData name="Grupo_de_p">B-P1-XX-XX-XX</SimpleData>
            <SimpleData name="Estado_del">Activo</SimpleData>
            <SimpleData name="Empresa">Unique Wood Paraguay SA</SimpleData>
            <SimpleData name="Lote">B</SimpleData>
            <SimpleData name="Parametro">0.00000000000</SimpleData>
            <SimpleData name="Sup_SIG">0.98272291374</SimpleData>
            <SimpleData name="X">-55.96600447000</SimpleData>
            <SimpleData name="Y">-25.71516557000</SimpleData>
            <SimpleData name="cedula">4947392</SimpleData>
          </SchemaData>
        </ExtendedData>
        <Polygon>
          <outerBoundaryIs>
            <LinearRing>
              <coordinates>
                -55.9641891995679,-25.7151446999325,0
                -55.9677370002569,-25.7154289005539,0
                -55.9677881004381,-25.7151759997645,0
                -55.9642265001998,-25.7149069005873,0
                -55.9641891995679,-25.7151446999325,0
              </coordinates>
            </LinearRing>
          </outerBoundaryIs>
        </Polygon>
      </Placemark>
      <Placemark id="Lote_B.127">
        <ExtendedData>
          <SchemaData schemaUrl="#Lote_B.schema">
            <SimpleData name="Cédula">1381782.00000000000</SimpleData>
            <SimpleData name="Nombres_y_">WILMA BENITEZ CENTURION</SimpleData>
            <SimpleData name="Sexo">Mujer</SimpleData>
            <SimpleData name="Cambio_de_">NO</SimpleData>
            <SimpleData name="Titular_se">NO</SimpleData>
            <SimpleData name="ci_UNIF">1381782.00000000000</SimpleData>
            <SimpleData name="Situación">NO</SimpleData>
            <SimpleData name="Comunidad">Ind?gena</SimpleData>
            <SimpleData name="Modelo_imp">Modelo 4</SimpleData>
            <SimpleData name="Departamen">CAAZAPA</SimpleData>
            <SimpleData name="Distrito">ABAI</SimpleData>
            <SimpleData name="Localidad"><![CDATA[COM INDIG ?U APU'A]]></SimpleData>
            <SimpleData name="Teléfono">ND</SimpleData>
            <SimpleData name="Vivienda_L">-25.80990920000</SimpleData>
            <SimpleData name="Vivienda_1">-55.80771400000</SimpleData>
            <SimpleData name="Superficie">0.70000000000</SimpleData>
            <SimpleData name="Situaci_1">Par?metro</SimpleData>
            <SimpleData name="Plantado">SI</SimpleData>
            <SimpleData name="Fecha_Plan">2025/11/29</SimpleData>
            <SimpleData name="Jornales">0.00000000000</SimpleData>
            <SimpleData name="Monto">0.00000000000</SimpleData>
            <SimpleData name="Grupo_de_p">B-P2-XX-XX-XX</SimpleData>
            <SimpleData name="Estado_del">Activo</SimpleData>
            <SimpleData name="Empresa">Unique Wood Paraguay SA</SimpleData>
            <SimpleData name="Lote">B</SimpleData>
            <SimpleData name="Parametro">0.00000000000</SimpleData>
            <SimpleData name="Sup_SIG">0.71750977471</SimpleData>
            <SimpleData name="X">-55.80626156000</SimpleData>
            <SimpleData name="Y">-25.80558123000</SimpleData>
            <SimpleData name="cedula">1381782</SimpleData>
          </SchemaData>
        </ExtendedData>
        <Polygon>
          <outerBoundaryIs>
            <LinearRing>
              <coordinates>
                -55.8066756561923,-25.8051882839702,0
                -55.8063810011258,-25.805104631387,0
                -55.8059949997899,-25.8050466998053,0
                -55.8058749996548,-25.8059917003256,0
                -55.8064832997619,-25.8061516996698,0
                -55.8066756561923,-25.8051882839702,0
              </coordinates>
            </LinearRing>
          </outerBoundaryIs>
        </Polygon>
      </Placemark>
      <Placemark id="Lote_B.128">
        <ExtendedData>
          <SchemaData schemaUrl="#Lote_B.schema">
            <SimpleData name="Cédula">6204309.00000000000</SimpleData>
            <SimpleData name="Nombres_y_">BERNARDINO DUARTE BENITEZ</SimpleData>
            <SimpleData name="Sexo">Hombre</SimpleData>
            <SimpleData name="Cambio_de_">NO</SimpleData>
            <SimpleData name="Titular_se">NO</SimpleData>
            <SimpleData name="ci_UNIF">6204309.00000000000</SimpleData>
            <SimpleData name="Situación">NO</SimpleData>
            <SimpleData name="Comunidad">Ind?gena</SimpleData>
            <SimpleData name="Modelo_imp">Modelo 6</SimpleData>
            <SimpleData name="Departamen">GUAIRA</SimpleData>
            <SimpleData name="Distrito">PASO YOBAI</SimpleData>
            <SimpleData name="Localidad">COM INDIG SANTA TERESITA</SimpleData>
            <SimpleData name="Teléfono">0984667818</SimpleData>
            <SimpleData name="Vivienda_L">-25.69871750000</SimpleData>
            <SimpleData name="Vivienda_1">-55.89890370000</SimpleData>
            <SimpleData name="Superficie">0.90000000000</SimpleData>
            <SimpleData name="Situaci_1">Pol?gono</SimpleData>
            <SimpleData name="Plantado">SI</SimpleData>
            <SimpleData name="Fecha_Plan">2025/10/08</SimpleData>
            <SimpleData name="Jornales">0.00000000000</SimpleData>
            <SimpleData name="Monto">0.00000000000</SimpleData>
            <SimpleData name="Grupo_de_p">B-P1-XX-XX-XX</SimpleData>
            <SimpleData name="Estado_del">Activo</SimpleData>
            <SimpleData name="Empresa">Unique Wood Paraguay SA</SimpleData>
            <SimpleData name="Lote">B</SimpleData>
            <SimpleData name="Parametro">0.00000000000</SimpleData>
            <SimpleData name="Sup_SIG">0.92761709995</SimpleData>
            <SimpleData name="X">-55.89946901000</SimpleData>
            <SimpleData name="Y">-25.69810316000</SimpleData>
            <SimpleData name="cedula">6204309</SimpleData>
          </SchemaData>
        </ExtendedData>
        <Polygon>
          <outerBoundaryIs>
            <LinearRing>
              <coordinates>
                -55.899179999593,-25.6974516998894,0
                -55.899123300426,-25.6987982995277,0
                -55.8996733005674,-25.6988400005766,0
                -55.8997283003348,-25.6979350000477,0
                -55.8998799992901,-25.697938300781,0
                -55.8999532997669,-25.6975150000722,0
                -55.899179999593,-25.6974516998894,0
              </coordinates>
            </LinearRing>
          </outerBoundaryIs>
        </Polygon>
      </Placemark>
      <Placemark id="Lote_B.129">
        <ExtendedData>
          <SchemaData schemaUrl="#Lote_B.schema">
            <SimpleData name="Cédula">5470022.00000000000</SimpleData>
            <SimpleData name="Nombres_y_">JUANA BAUTISTA MIRANDA MOREL</SimpleData>
            <SimpleData name="Sexo">Mujer</SimpleData>
            <SimpleData name="Cambio_de_">NO</SimpleData>
            <SimpleData name="Titular_se">NO</SimpleData>
            <SimpleData name="ci_UNIF">5470022.00000000000</SimpleData>
            <SimpleData name="Situación">NO</SimpleData>
            <SimpleData name="Comunidad">Campesina</SimpleData>
            <SimpleData name="Modelo_imp">Modelo 6</SimpleData>
            <SimpleData name="Departamen">GUAIRA</SimpleData>
            <SimpleData name="Distrito">PASO YOBAI</SimpleData>
            <SimpleData name="Localidad">SANTA MARIA</SimpleData>
            <SimpleData name="Teléfono">0985561192</SimpleData>
            <SimpleData name="Vivienda_L">-25.71568180000</SimpleData>
            <SimpleData name="Vivienda_1">-55.96850260000</SimpleData>
            <SimpleData name="Superficie">0.90000000000</SimpleData>
            <SimpleData name="Situaci_1">Pol?gono</SimpleData>
            <SimpleData name="Plantado">SI</SimpleData>
            <SimpleData name="Fecha_Plan">2025/09/26</SimpleData>
            <SimpleData name="Jornales">0.00000000000</SimpleData>
            <SimpleData name="Monto">0.00000000000</SimpleData>
            <SimpleData name="Grupo_de_p">B-P1-XX-XX-XX</SimpleData>
            <SimpleData name="Estado_del">Activo</SimpleData>
            <SimpleData name="Empresa">Unique Wood Paraguay SA</SimpleData>
            <SimpleData name="Lote">B</SimpleData>
            <SimpleData name="Parametro">0.00000000000</SimpleData>
            <SimpleData name="Sup_SIG">0.92986894526</SimpleData>
            <SimpleData name="X">-55.96564821000</SimpleData>
            <SimpleData name="Y">-25.71565827000</SimpleData>
            <SimpleData name="cedula">5470022</SimpleData>
          </SchemaData>
        </ExtendedData>
        <Polygon>
          <outerBoundaryIs>
            <LinearRing>
              <coordinates>
                -55.964150653114,-25.7154214851905,0
                -55.9638899993332,-25.7156467001068,0
                -55.9672817003346,-25.7159117004205,0
                -55.9673550006746,-25.7156749994725,0
                -55.9649073052334,-25.7154660849134,0
                -55.9641717001159,-25.7154032998978,0
                -55.964150653114,-25.7154214851905,0
              </coordinates>
            </LinearRing>
          </outerBoundaryIs>
        </Polygon>
      </Placemark>
      <Placemark id="Lote_B.130">
        <ExtendedData>
          <SchemaData schemaUrl="#Lote_B.schema">
            <SimpleData name="Cédula">5451907.00000000000</SimpleData>
            <SimpleData name="Nombres_y_">MARIA LUISA NAMBUCHUIGI</SimpleData>
            <SimpleData name="Sexo">Mujer</SimpleData>
            <SimpleData name="Cambio_de_">NO</SimpleData>
            <SimpleData name="Titular_se">NO</SimpleData>
            <SimpleData name="ci_UNIF">5451907.00000000000</SimpleData>
            <SimpleData name="Situación">NO</SimpleData>
            <SimpleData name="Comunidad">Ind?gena</SimpleData>
            <SimpleData name="Modelo_imp">Modelo 4</SimpleData>
            <SimpleData name="Departamen">CAAZAPA</SimpleData>
            <SimpleData name="Distrito">ABAI</SimpleData>
            <SimpleData name="Localidad">COM INDIG YPETIMI</SimpleData>
            <SimpleData name="Teléfono">0982452081</SimpleData>
            <SimpleData name="Vivienda_L">-25.94112530000</SimpleData>
            <SimpleData name="Vivienda_1">-55.70520650000</SimpleData>
            <SimpleData name="Superficie">0.70000000000</SimpleData>
            <SimpleData name="Situaci_1">Pol?gono</SimpleData>
            <SimpleData name="Plantado">SI</SimpleData>
            <SimpleData name="Fecha_Plan">2025/09/23</SimpleData>
            <SimpleData name="Jornales">0.00000000000</SimpleData>
            <SimpleData name="Monto">0.00000000000</SimpleData>
            <SimpleData name="Grupo_de_p">B-P1-XX-XX-XX</SimpleData>
            <SimpleData name="Estado_del">Activo</SimpleData>
            <SimpleData name="Empresa">Unique Wood Paraguay SA</SimpleData>
            <SimpleData name="Lote">B</SimpleData>
            <SimpleData name="Parametro">0.00000000000</SimpleData>
            <SimpleData name="Sup_SIG">0.72333386709</SimpleData>
            <SimpleData name="X">-55.73308319000</SimpleData>
            <SimpleData name="Y">-25.95758450000</SimpleData>
            <SimpleData name="cedula">5451907</SimpleData>
          </SchemaData>
        </ExtendedData>
        <Polygon>
          <outerBoundaryIs>
            <LinearRing>
              <coordinates>
                -55.7325192323477,-25.9573934082223,0
                -55.733002906164,-25.9580947880007,0
                -55.7330292797346,-25.9580860751367,0
                -55.7336109506517,-25.9578939088233,0
                -55.7336546071018,-25.9578794874969,0
                -55.7336309341722,-25.9578388379683,0
                -55.733224096558,-25.9571402316545,0
                -55.7332129207405,-25.9571210394005,0
                -55.7331596051109,-25.9570294884214,0
                -55.733143206216,-25.9570380782352,0
                -55.7331308588367,-25.957044545678,0
                -55.7325291396867,-25.9573597417559,0
                -55.7325070842028,-25.9573712956997,0
                -55.7325048053401,-25.9573724891845,0
                -55.7325118359242,-25.9573826834687,0
                -55.7325128311587,-25.9573841268171,0
                -55.7325192323477,-25.9573934082223,0
              </coordinates>
            </LinearRing>
          </outerBoundaryIs>
        </Polygon>
      </Placemark>
      <Placemark id="Lote_B.131">
        <ExtendedData>
          <SchemaData schemaUrl="#Lote_B.schema">
            <SimpleData name="Cédula">3720376.00000000000</SimpleData>
            <SimpleData name="Nombres_y_">JULIANA MENDEZ</SimpleData>
            <SimpleData name="Sexo">Mujer</SimpleData>
            <SimpleData name="Cambio_de_">NO</SimpleData>
            <SimpleData name="Titular_se">NO</SimpleData>
            <SimpleData name="ci_UNIF">3720376.00000000000</SimpleData>
            <SimpleData name="Situación">NO</SimpleData>
            <SimpleData name="Comunidad">Ind?gena</SimpleData>
            <SimpleData name="Modelo_imp">Modelo 4</SimpleData>
            <SimpleData name="Departamen">CAAZAPA</SimpleData>
            <SimpleData name="Distrito">ABAI</SimpleData>
            <SimpleData name="Localidad">COM INDIG YPETIMI</SimpleData>
            <SimpleData name="Teléfono">0982829256</SimpleData>
            <SimpleData name="Vivienda_L">-25.94105120000</SimpleData>
            <SimpleData name="Vivienda_1">-55.70502640000</SimpleData>
            <SimpleData name="Superficie">0.70000000000</SimpleData>
            <SimpleData name="Situaci_1">Par?metro</SimpleData>
            <SimpleData name="Plantado">SI</SimpleData>
            <SimpleData name="Fecha_Plan">2025/11/28</SimpleData>
            <SimpleData name="Jornales">0.00000000000</SimpleData>
            <SimpleData name="Monto">0.00000000000</SimpleData>
            <SimpleData name="Grupo_de_p">B-P3-XX-XX-XX</SimpleData>
            <SimpleData name="Estado_del">Activo</SimpleData>
            <SimpleData name="Empresa">Unique Wood Paraguay SA</SimpleData>
            <SimpleData name="Lote">B</SimpleData>
            <SimpleData name="Parametro">0.00000000000</SimpleData>
            <SimpleData name="Sup_SIG">0.70440368457</SimpleData>
            <SimpleData name="X">-55.73764711000</SimpleData>
            <SimpleData name="Y">-25.96113605000</SimpleData>
            <SimpleData name="cedula">3720376</SimpleData>
          </SchemaData>
        </ExtendedData>
        <Polygon>
          <outerBoundaryIs>
            <LinearRing>
              <coordinates>
                -55.7370033002925,-25.960851700335,0
                -55.737763300078,-25.9617183001088,0
                -55.7382167004616,-25.9613433002947,0
                -55.7376732998923,-25.960634999602,0
                -55.7370033002925,-25.960851700335,0
              </coordinates>
            </LinearRing>
          </outerBoundaryIs>
        </Polygon>
      </Placemark>
      <Placemark id="Lote_B.132">
        <ExtendedData>
          <SchemaData schemaUrl="#Lote_B.schema">
            <SimpleData name="Cédula">6204235.00000000000</SimpleData>
            <SimpleData name="Nombres_y_">CELINA GALEANO BENITEZ</SimpleData>
            <SimpleData name="Sexo">Mujer</SimpleData>
            <SimpleData name="Cambio_de_">NO</SimpleData>
            <SimpleData name="Titular_se">NO</SimpleData>
            <SimpleData name="ci_UNIF">6204235.00000000000</SimpleData>
            <SimpleData name="Situación">NO</SimpleData>
            <SimpleData name="Comunidad">Ind?gena</SimpleData>
            <SimpleData name="Modelo_imp">Modelo 4</SimpleData>
            <SimpleData name="Departamen">GUAIRA</SimpleData>
            <SimpleData name="Distrito">PASO YOBAI</SimpleData>
            <SimpleData name="Localidad">COM INDIG YRYVU KUA - NARANJITO</SimpleData>
            <SimpleData name="Teléfono">ND</SimpleData>
            <SimpleData name="Vivienda_L">-25.67389170000</SimpleData>
            <SimpleData name="Vivienda_1">-55.96702000000</SimpleData>
            <SimpleData name="Superficie">0.70000000000</SimpleData>
            <SimpleData name="Situaci_1">Pol?gono</SimpleData>
            <SimpleData name="Plantado">SI</SimpleData>
            <SimpleData name="Fecha_Plan">2025/10/02</SimpleData>
            <SimpleData name="Jornales">0.00000000000</SimpleData>
            <SimpleData name="Monto">0.00000000000</SimpleData>
            <SimpleData name="Grupo_de_p">B-P1-XX-XX-XX</SimpleData>
            <SimpleData name="Estado_del">Activo</SimpleData>
            <SimpleData name="Empresa">Unique Wood Paraguay SA</SimpleData>
            <SimpleData name="Lote">B</SimpleData>
            <SimpleData name="Parametro">0.00000000000</SimpleData>
            <SimpleData name="Sup_SIG">0.70590183087</SimpleData>
            <SimpleData name="X">-55.96689406000</SimpleData>
            <SimpleData name="Y">-25.67492006000</SimpleData>
            <SimpleData name="cedula">6204235</SimpleData>
          </SchemaData>
        </ExtendedData>
        <Polygon>
          <outerBoundaryIs>
            <LinearRing>
              <coordinates>
                -55.9663879997162,-25.6744510000979,0
                -55.966842600471,-25.6756490001238,0
                -55.9672899996617,-25.6750719996285,0
                -55.9672776007027,-25.6745404005288,0
                -55.9663879997162,-25.6744510000979,0
              </coordinates>
            </LinearRing>
          </outerBoundaryIs>
        </Polygon>
      </Placemark>
      <Placemark id="Lote_B.133">
        <ExtendedData>
          <SchemaData schemaUrl="#Lote_B.schema">
            <SimpleData name="Cédula">4526434.00000000000</SimpleData>
            <SimpleData name="Nombres_y_">DARIO DUARTE QUINTANA</SimpleData>
            <SimpleData name="Sexo">Hombre</SimpleData>
            <SimpleData name="Cambio_de_">NO</SimpleData>
            <SimpleData name="Titular_se">NO</SimpleData>
            <SimpleData name="ci_UNIF">4526434.00000000000</SimpleData>
            <SimpleData name="Situación">NO</SimpleData>
            <SimpleData name="Comunidad">Ind?gena</SimpleData>
            <SimpleData name="Modelo_imp">Modelo 6</SimpleData>
            <SimpleData name="Departamen">GUAIRA</SimpleData>
            <SimpleData name="Distrito">PASO YOBAI</SimpleData>
            <SimpleData name="Localidad">COM INDIG SANTA TERESITA</SimpleData>
            <SimpleData name="Teléfono">0981081182</SimpleData>
            <SimpleData name="Vivienda_L">-25.70218770000</SimpleData>
            <SimpleData name="Vivienda_1">-55.91775710000</SimpleData>
            <SimpleData name="Superficie">0.90000000000</SimpleData>
            <SimpleData name="Situaci_1">Pol?gono</SimpleData>
            <SimpleData name="Plantado">SI</SimpleData>
            <SimpleData name="Fecha_Plan">2025/10/15</SimpleData>
            <SimpleData name="Jornales">0.00000000000</SimpleData>
            <SimpleData name="Monto">0.00000000000</SimpleData>
            <SimpleData name="Grupo_de_p">B-P1-XX-XX-XX</SimpleData>
            <SimpleData name="Estado_del">Activo</SimpleData>
            <SimpleData name="Empresa">Unique Wood Paraguay SA</SimpleData>
            <SimpleData name="Lote">B</SimpleData>
            <SimpleData name="Parametro">0.00000000000</SimpleData>
            <SimpleData name="Sup_SIG">1.03755108064</SimpleData>
            <SimpleData name="X">-55.91750462000</SimpleData>
            <SimpleData name="Y">-25.70155489000</SimpleData>
            <SimpleData name="cedula">4526434</SimpleData>
          </SchemaData>
        </ExtendedData>
        <Polygon>
          <outerBoundaryIs>
            <LinearRing>
              <coordinates>
                -55.9169021002018,-25.7018932005783,0
                -55.9171665995474,-25.702210200014,0
                -55.9182598006038,-25.7014780000142,0
                -55.918028299797,-25.7011399004891,0
                -55.9177133999022,-25.7009704000222,0
                -55.9169353000101,-25.7014317995181,0
                -55.9169021002018,-25.7018932005783,0
              </coordinates>
            </LinearRing>
          </outerBoundaryIs>
        </Polygon>
      </Placemark>
      <Placemark id="Lote_B.134">
        <ExtendedData>
          <SchemaData schemaUrl="#Lote_B.schema">
            <SimpleData name="Cédula">5919335.00000000000</SimpleData>
            <SimpleData name="Nombres_y_">SOLEDAD GACHOPURANGI</SimpleData>
            <SimpleData name="Sexo">Mujer</SimpleData>
            <SimpleData name="Cambio_de_">NO</SimpleData>
            <SimpleData name="Titular_se">NO</SimpleData>
            <SimpleData name="ci_UNIF">5919335.00000000000</SimpleData>
            <SimpleData name="Situación">NO</SimpleData>
            <SimpleData name="Comunidad">Ind?gena</SimpleData>
            <SimpleData name="Modelo_imp">Modelo 4</SimpleData>
            <SimpleData name="Departamen">CAAZAPA</SimpleData>
            <SimpleData name="Distrito">ABAI</SimpleData>
            <SimpleData name="Localidad">COM INDIG YPETIMI</SimpleData>
            <SimpleData name="Teléfono">ND</SimpleData>
            <SimpleData name="Vivienda_L">-25.94101410000</SimpleData>
            <SimpleData name="Vivienda_1">-55.70496690000</SimpleData>
            <SimpleData name="Superficie">0.70000000000</SimpleData>
            <SimpleData name="Situaci_1">Par?metro</SimpleData>
            <SimpleData name="Plantado">SI</SimpleData>
            <SimpleData name="Fecha_Plan">2025/11/28</SimpleData>
            <SimpleData name="Jornales">0.00000000000</SimpleData>
            <SimpleData name="Monto">0.00000000000</SimpleData>
            <SimpleData name="Grupo_de_p">B-P2-XX-XX-XX</SimpleData>
            <SimpleData name="Estado_del">Activo</SimpleData>
            <SimpleData name="Empresa">Unique Wood Paraguay SA</SimpleData>
            <SimpleData name="Lote">B</SimpleData>
            <SimpleData name="Parametro">0.00000000000</SimpleData>
            <SimpleData name="Sup_SIG">0.71562832278</SimpleData>
            <SimpleData name="X">-55.73584127000</SimpleData>
            <SimpleData name="Y">-25.95968617000</SimpleData>
            <SimpleData name="cedula">5919335</SimpleData>
          </SchemaData>
        </ExtendedData>
        <Polygon>
          <outerBoundaryIs>
            <LinearRing>
              <coordinates>
                -55.7359619100949,-25.9592265399227,0
                -55.7353167298465,-25.959377405019,0
                -55.7353515885116,-25.9595129715929,0
                -55.7355850334762,-25.960058263715,0
                -55.7355903615171,-25.9600707118609,0
                -55.7355926942588,-25.9600761601969,0
                -55.7355927965883,-25.9600763976386,0
                -55.7356215640809,-25.9601435946563,0
                -55.735629999537,-25.9601632999999,0
                -55.7356516364182,-25.9601585097318,0
                -55.7356525233963,-25.9601583134334,0
                -55.736393122989,-25.9599808683078,0
                -55.7360359834402,-25.9592019861921,0
                -55.7359619100949,-25.9592265399227,0
              </coordinates>
            </LinearRing>
          </outerBoundaryIs>
        </Polygon>
      </Placemark>
      <Placemark id="Lote_B.135">
        <ExtendedData>
          <SchemaData schemaUrl="#Lote_B.schema">
            <SimpleData name="Cédula">8397966.00000000000</SimpleData>
            <SimpleData name="Nombres_y_">FIDEL PEREIRA ROMERO</SimpleData>
            <SimpleData name="Sexo">Hombre</SimpleData>
            <SimpleData name="Cambio_de_">NO</SimpleData>
            <SimpleData name="Titular_se">NO</SimpleData>
            <SimpleData name="ci_UNIF">8397966.00000000000</SimpleData>
            <SimpleData name="Situación">NO</SimpleData>
            <SimpleData name="Comunidad">Ind?gena</SimpleData>
            <SimpleData name="Modelo_imp">Modelo 5</SimpleData>
            <SimpleData name="Departamen">CAAZAPA</SimpleData>
            <SimpleData name="Distrito">ABAI</SimpleData>
            <SimpleData name="Localidad"><![CDATA[COM INDIG YPETI - NARA'I]]></SimpleData>
            <SimpleData name="Teléfono">0983136140</SimpleData>
            <SimpleData name="Vivienda_L">-25.79249270000</SimpleData>
            <SimpleData name="Vivienda_1">-55.59296040000</SimpleData>
            <SimpleData name="Superficie">0.70000000000</SimpleData>
            <SimpleData name="Situaci_1">Pol?gono</SimpleData>
            <SimpleData name="Plantado">SI</SimpleData>
            <SimpleData name="Fecha_Plan">2025/11/12</SimpleData>
            <SimpleData name="Jornales">0.00000000000</SimpleData>
            <SimpleData name="Monto">0.00000000000</SimpleData>
            <SimpleData name="Grupo_de_p">B-P1-XX-XX-XX</SimpleData>
            <SimpleData name="Estado_del">Activo</SimpleData>
            <SimpleData name="Empresa">Unique Wood Paraguay SA</SimpleData>
            <SimpleData name="Lote">B</SimpleData>
            <SimpleData name="Parametro">0.00000000000</SimpleData>
            <SimpleData name="Sup_SIG">0.73663755099</SimpleData>
            <SimpleData name="X">-55.59308295000</SimpleData>
            <SimpleData name="Y">-25.79194779000</SimpleData>
            <SimpleData name="cedula">8397966</SimpleData>
          </SchemaData>
        </ExtendedData>
        <Polygon>
          <outerBoundaryIs>
            <LinearRing>
              <coordinates>
                -55.5931892029895,-25.7915875997911,0
                -55.5924042001084,-25.7920410002458,0
                -55.5926351002182,-25.7924933998456,0
                -55.5937695003027,-25.791855500326,0
                -55.59351967071,-25.7914084943726,0
                -55.5931892029895,-25.7915875997911,0
              </coordinates>
            </LinearRing>
          </outerBoundaryIs>
        </Polygon>
      </Placemark>
      <Placemark id="Lote_B.136">
        <ExtendedData>
          <SchemaData schemaUrl="#Lote_B.schema">
            <SimpleData name="Cédula">5511556.00000000000</SimpleData>
            <SimpleData name="Nombres_y_">SILVINO FARI?A BENITEZ</SimpleData>
            <SimpleData name="Sexo">Hombre</SimpleData>
            <SimpleData name="Cambio_de_">NO</SimpleData>
            <SimpleData name="Titular_se">NO</SimpleData>
            <SimpleData name="ci_UNIF">5511556.00000000000</SimpleData>
            <SimpleData name="Situación">NO</SimpleData>
            <SimpleData name="Comunidad">Ind?gena</SimpleData>
            <SimpleData name="Modelo_imp">Modelo 4</SimpleData>
            <SimpleData name="Departamen">CAAZAPA</SimpleData>
            <SimpleData name="Distrito">ABAI</SimpleData>
            <SimpleData name="Localidad">COM INDIG YKUA PORA</SimpleData>
            <SimpleData name="Teléfono">0983692187</SimpleData>
            <SimpleData name="Vivienda_L">-25.82066490000</SimpleData>
            <SimpleData name="Vivienda_1">-55.67199590000</SimpleData>
            <SimpleData name="Superficie">0.70000000000</SimpleData>
            <SimpleData name="Situaci_1">Pol?gono</SimpleData>
            <SimpleData name="Plantado">SI</SimpleData>
            <SimpleData name="Fecha_Plan">2025/10/30</SimpleData>
            <SimpleData name="Jornales">0.00000000000</SimpleData>
            <SimpleData name="Monto">0.00000000000</SimpleData>
            <SimpleData name="Grupo_de_p">B-P1-XX-XX-XX</SimpleData>
            <SimpleData name="Estado_del">Activo</SimpleData>
            <SimpleData name="Empresa">Unique Wood Paraguay SA</SimpleData>
            <SimpleData name="Lote">B</SimpleData>
            <SimpleData name="Parametro">0.00000000000</SimpleData>
            <SimpleData name="Sup_SIG">0.69801108411</SimpleData>
            <SimpleData name="X">-55.68173086000</SimpleData>
            <SimpleData name="Y">-25.81611985000</SimpleData>
            <SimpleData name="cedula">5511556</SimpleData>
          </SchemaData>
        </ExtendedData>
        <Polygon>
          <outerBoundaryIs>
            <LinearRing>
              <coordinates>
                -55.6812222001188,-25.8159933001602,0
                -55.6816885004182,-25.8167118993013,0
                -55.6822452006539,-25.816288700057,0
                -55.6817584002607,-25.8155031998582,0
                -55.6812222001188,-25.8159933001602,0
              </coordinates>
            </LinearRing>
          </outerBoundaryIs>
        </Polygon>
      </Placemark>
      <Placemark id="Lote_B.137">
        <ExtendedData>
          <SchemaData schemaUrl="#Lote_B.schema">
            <SimpleData name="Cédula">6774379.00000000000</SimpleData>
            <SimpleData name="Nombres_y_">PEDRO PIKYGI</SimpleData>
            <SimpleData name="Sexo">Hombre</SimpleData>
            <SimpleData name="Cambio_de_">NO</SimpleData>
            <SimpleData name="Titular_se">NO</SimpleData>
            <SimpleData name="ci_UNIF">6774379.00000000000</SimpleData>
            <SimpleData name="Situación">NO</SimpleData>
            <SimpleData name="Comunidad">Ind?gena</SimpleData>
            <SimpleData name="Modelo_imp">Modelo 4</SimpleData>
            <SimpleData name="Departamen">CAAZAPA</SimpleData>
            <SimpleData name="Distrito">ABAI</SimpleData>
            <SimpleData name="Localidad">COM INDIG YPETIMI</SimpleData>
            <SimpleData name="Teléfono">0982042696</SimpleData>
            <SimpleData name="Vivienda_L">-25.94107260000</SimpleData>
            <SimpleData name="Vivienda_1">-55.70496360000</SimpleData>
            <SimpleData name="Superficie">0.70000000000</SimpleData>
            <SimpleData name="Situaci_1">Pol?gono</SimpleData>
            <SimpleData name="Plantado">SI</SimpleData>
            <SimpleData name="Fecha_Plan">2025/10/16</SimpleData>
            <SimpleData name="Jornales">0.00000000000</SimpleData>
            <SimpleData name="Monto">0.00000000000</SimpleData>
            <SimpleData name="Grupo_de_p">B-P1-XX-XX-XX</SimpleData>
            <SimpleData name="Estado_del">Activo</SimpleData>
            <SimpleData name="Empresa">Unique Wood Paraguay SA</SimpleData>
            <SimpleData name="Lote">B</SimpleData>
            <SimpleData name="Parametro">0.00000000000</SimpleData>
            <SimpleData name="Sup_SIG">0.73438559098</SimpleData>
            <SimpleData name="X">-55.72915709000</SimpleData>
            <SimpleData name="Y">-25.95584493000</SimpleData>
            <SimpleData name="cedula">6774379</SimpleData>
          </SchemaData>
        </ExtendedData>
        <Polygon>
          <outerBoundaryIs>
            <LinearRing>
              <coordinates>
                -55.7292920154752,-25.95530938505,0
                -55.7286689824356,-25.9555163922417,0
                -55.7289639315931,-25.9563866611691,0
                -55.7290895459156,-25.9563512832003,0
                -55.729340049299,-25.956276620236,0
                -55.7296778936321,-25.9561759265009,0
                -55.7296683135683,-25.9561528124517,0
                -55.729667728506,-25.9561514006722,0
                -55.7296661884867,-25.9561476818482,0
                -55.7296621202659,-25.95613786915,0
                -55.7296486524633,-25.9561404107864,0
                -55.7296388913601,-25.9561422527313,0
                -55.7296239204798,-25.9561450764098,0
                -55.7296169416286,-25.9561233963422,0
                -55.7296164149122,-25.956121759361,0
                -55.7293637035154,-25.9553367459036,0
                -55.7293521118193,-25.9553007403891,0
                -55.7293246497448,-25.9553052041446,0
                -55.7292920154752,-25.95530938505,0
              </coordinates>
            </LinearRing>
          </outerBoundaryIs>
        </Polygon>
      </Placemark>
      <Placemark id="Lote_B.138">
        <ExtendedData>
          <SchemaData schemaUrl="#Lote_B.schema">
            <SimpleData name="Cédula">7242023.00000000000</SimpleData>
            <SimpleData name="Nombres_y_">JUAN CABRAL NU?EZ</SimpleData>
            <SimpleData name="Sexo">Hombre</SimpleData>
            <SimpleData name="Cambio_de_">NO</SimpleData>
            <SimpleData name="Titular_se">NO</SimpleData>
            <SimpleData name="ci_UNIF">7242023.00000000000</SimpleData>
            <SimpleData name="Situación">NO</SimpleData>
            <SimpleData name="Comunidad">Ind?gena</SimpleData>
            <SimpleData name="Modelo_imp">Modelo 4</SimpleData>
            <SimpleData name="Departamen">CAAZAPA</SimpleData>
            <SimpleData name="Distrito">ABAI</SimpleData>
            <SimpleData name="Localidad">COM INDIG YTU</SimpleData>
            <SimpleData name="Teléfono">0982077844</SimpleData>
            <SimpleData name="Vivienda_L">-25.78454020000</SimpleData>
            <SimpleData name="Vivienda_1">-55.59901070000</SimpleData>
            <SimpleData name="Superficie">0.70000000000</SimpleData>
            <SimpleData name="Situaci_1">Par?metro</SimpleData>
            <SimpleData name="Plantado">SI</SimpleData>
            <SimpleData name="Fecha_Plan">2026/01/16</SimpleData>
            <SimpleData name="Jornales">0.00000000000</SimpleData>
            <SimpleData name="Monto">0.00000000000</SimpleData>
            <SimpleData name="Grupo_de_p">B-P3-XX-XX-XX</SimpleData>
            <SimpleData name="Estado_del">Activo</SimpleData>
            <SimpleData name="Empresa">Unique Wood Paraguay SA</SimpleData>
            <SimpleData name="Lote">B</SimpleData>
            <SimpleData name="Parametro">0.00000000000</SimpleData>
            <SimpleData name="Sup_SIG">0.75668983635</SimpleData>
            <SimpleData name="X">-55.60527074000</SimpleData>
            <SimpleData name="Y">-25.77505718000</SimpleData>
            <SimpleData name="cedula">7242023</SimpleData>
          </SchemaData>
        </ExtendedData>
        <Polygon>
          <outerBoundaryIs>
            <LinearRing>
              <coordinates>
                -55.6047294279595,-25.774675331144,0
                -55.6047948249912,-25.7748600351165,0
                -55.6052550000058,-25.7756517003942,0
                -55.6058466997225,-25.7753882996089,0
                -55.6052700004636,-25.7744717000494,0
                -55.6047294279595,-25.774675331144,0
              </coordinates>
            </LinearRing>
          </outerBoundaryIs>
        </Polygon>
      </Placemark>
      <Placemark id="Lote_B.139">
        <ExtendedData>
          <SchemaData schemaUrl="#Lote_B.schema">
            <SimpleData name="Cédula">6204277.00000000000</SimpleData>
            <SimpleData name="Nombres_y_">BENIGNO DUARTE MARTINEZ</SimpleData>
            <SimpleData name="Sexo">Hombre</SimpleData>
            <SimpleData name="Cambio_de_">NO</SimpleData>
            <SimpleData name="Titular_se">NO</SimpleData>
            <SimpleData name="ci_UNIF">6204277.00000000000</SimpleData>
            <SimpleData name="Situación">NO</SimpleData>
            <SimpleData name="Comunidad">Ind?gena</SimpleData>
            <SimpleData name="Modelo_imp">Modelo 6</SimpleData>
            <SimpleData name="Departamen">GUAIRA</SimpleData>
            <SimpleData name="Distrito">PASO YOBAI</SimpleData>
            <SimpleData name="Localidad">COM INDIG SANTA TERESITA</SimpleData>
            <SimpleData name="Teléfono">0983990288</SimpleData>
            <SimpleData name="Vivienda_L">-25.69778110000</SimpleData>
            <SimpleData name="Vivienda_1">-55.91185360000</SimpleData>
            <SimpleData name="Superficie">0.90000000000</SimpleData>
            <SimpleData name="Situaci_1">Pol?gono</SimpleData>
            <SimpleData name="Plantado">SI</SimpleData>
            <SimpleData name="Fecha_Plan">2025/10/01</SimpleData>
            <SimpleData name="Jornales">0.00000000000</SimpleData>
            <SimpleData name="Monto">0.00000000000</SimpleData>
            <SimpleData name="Grupo_de_p">B-P1-XX-XX-XX</SimpleData>
            <SimpleData name="Estado_del">Activo</SimpleData>
            <SimpleData name="Empresa">Unique Wood Paraguay SA</SimpleData>
            <SimpleData name="Lote">B</SimpleData>
            <SimpleData name="Parametro">0.00000000000</SimpleData>
            <SimpleData name="Sup_SIG">1.01878233934</SimpleData>
            <SimpleData name="X">-55.91556465000</SimpleData>
            <SimpleData name="Y">-25.69934659000</SimpleData>
            <SimpleData name="cedula">6204277</SimpleData>
          </SchemaData>
        </ExtendedData>
        <Polygon>
          <outerBoundaryIs>
            <LinearRing>
              <coordinates>
                -55.9149736586144,-25.69943193227,0
                -55.9149024999347,-25.6995365001243,0
                -55.9148827572055,-25.6995293862592,0
                -55.9148334007247,-25.699582299453,0
                -55.9155943996104,-25.7000251999592,0
                -55.9162231000883,-25.6990190007996,0
                -55.9156879006132,-25.6986661996962,0
                -55.9149736586144,-25.69943193227,0
              </coordinates>
            </LinearRing>
          </outerBoundaryIs>
        </Polygon>
      </Placemark>
      <Placemark id="Lote_B.140">
        <ExtendedData>
          <SchemaData schemaUrl="#Lote_B.schema">
            <SimpleData name="Cédula">4058133.00000000000</SimpleData>
            <SimpleData name="Nombres_y_">SONIA EVANGELISTA REYES ESCOBAR</SimpleData>
            <SimpleData name="Sexo">Mujer</SimpleData>
            <SimpleData name="Cambio_de_">NO</SimpleData>
            <SimpleData name="Titular_se">NO</SimpleData>
            <SimpleData name="ci_UNIF">4058133.00000000000</SimpleData>
            <SimpleData name="Situación">NO</SimpleData>
            <SimpleData name="Comunidad">Campesina</SimpleData>
            <SimpleData name="Modelo_imp">Modelo 6</SimpleData>
            <SimpleData name="Departamen">GUAIRA</SimpleData>
            <SimpleData name="Distrito">PASO YOBAI</SimpleData>
            <SimpleData name="Localidad">3 DE NOVIEMBRE</SimpleData>
            <SimpleData name="Teléfono">0986623025</SimpleData>
            <SimpleData name="Vivienda_L">-25.70695000000</SimpleData>
            <SimpleData name="Vivienda_1">-55.91721170000</SimpleData>
            <SimpleData name="Superficie">0.90000000000</SimpleData>
            <SimpleData name="Situaci_1">Pol?gono</SimpleData>
            <SimpleData name="Plantado">SI</SimpleData>
            <SimpleData name="Fecha_Plan">2025/10/15</SimpleData>
            <SimpleData name="Jornales">0.00000000000</SimpleData>
            <SimpleData name="Monto">0.00000000000</SimpleData>
            <SimpleData name="Grupo_de_p">B-P1-XX-XX-XX</SimpleData>
            <SimpleData name="Estado_del">Activo</SimpleData>
            <SimpleData name="Empresa">Unique Wood Paraguay SA</SimpleData>
            <SimpleData name="Lote">B</SimpleData>
            <SimpleData name="Parametro">0.00000000000</SimpleData>
            <SimpleData name="Sup_SIG">0.96041873480</SimpleData>
            <SimpleData name="X">-55.92025330000</SimpleData>
            <SimpleData name="Y">-25.70754996000</SimpleData>
            <SimpleData name="cedula">4058133</SimpleData>
          </SchemaData>
        </ExtendedData>
        <Polygon>
          <outerBoundaryIs>
            <LinearRing>
              <coordinates>
                -55.9195466994879,-25.7078051993662,0
                -55.9205465000017,-25.7081030001097,0
                -55.9208353007555,-25.7074103995677,0
                -55.9206167006642,-25.7071517003729,0
                -55.9201599999794,-25.7069350002216,0
                -55.9195466994879,-25.7078051993662,0
              </coordinates>
            </LinearRing>
          </outerBoundaryIs>
        </Polygon>
      </Placemark>
      <Placemark id="Lote_B.141">
        <ExtendedData>
          <SchemaData schemaUrl="#Lote_B.schema">
            <SimpleData name="Cédula">8069078.00000000000</SimpleData>
            <SimpleData name="Nombres_y_">FELICIANA MARTINEZ BENITEZ</SimpleData>
            <SimpleData name="Sexo">Mujer</SimpleData>
            <SimpleData name="Cambio_de_">NO</SimpleData>
            <SimpleData name="Titular_se">NO</SimpleData>
            <SimpleData name="ci_UNIF">8069078.00000000000</SimpleData>
            <SimpleData name="Situación">NO</SimpleData>
            <SimpleData name="Comunidad">Ind?gena</SimpleData>
            <SimpleData name="Modelo_imp">Modelo 5</SimpleData>
            <SimpleData name="Departamen">CAAZAPA</SimpleData>
            <SimpleData name="Distrito">ABAI</SimpleData>
            <SimpleData name="Localidad"><![CDATA[COM INDIG YPETI - NARA'I]]></SimpleData>
            <SimpleData name="Teléfono">ND</SimpleData>
            <SimpleData name="Vivienda_L">-25.80575260000</SimpleData>
            <SimpleData name="Vivienda_1">-55.59111350000</SimpleData>
            <SimpleData name="Superficie">0.70000000000</SimpleData>
            <SimpleData name="Situaci_1">Pol?gono</SimpleData>
            <SimpleData name="Plantado">SI</SimpleData>
            <SimpleData name="Fecha_Plan">2025/11/12</SimpleData>
            <SimpleData name="Jornales">0.00000000000</SimpleData>
            <SimpleData name="Monto">0.00000000000</SimpleData>
            <SimpleData name="Grupo_de_p">B-P1-XX-XX-XX</SimpleData>
            <SimpleData name="Estado_del">Activo</SimpleData>
            <SimpleData name="Empresa">Unique Wood Paraguay SA</SimpleData>
            <SimpleData name="Lote">B</SimpleData>
            <SimpleData name="Parametro">0.00000000000</SimpleData>
            <SimpleData name="Sup_SIG">0.72004321278</SimpleData>
            <SimpleData name="X">-55.59109899000</SimpleData>
            <SimpleData name="Y">-25.79078742000</SimpleData>
            <SimpleData name="cedula">8069078</SimpleData>
          </SchemaData>
        </ExtendedData>
        <Polygon>
          <outerBoundaryIs>
            <LinearRing>
              <coordinates>
                -55.5905070766974,-25.7907386338914,0
                -55.5907566002039,-25.7913077003992,0
                -55.5917200000505,-25.7908118992361,0
                -55.5914069996032,-25.7902781001718,0
                -55.5905070766974,-25.7907386338914,0
              </coordinates>
            </LinearRing>
          </outerBoundaryIs>
        </Polygon>
      </Placemark>
      <Placemark id="Lote_B.142">
        <ExtendedData>
          <SchemaData schemaUrl="#Lote_B.schema">
            <SimpleData name="Cédula">6187207.00000000000</SimpleData>
            <SimpleData name="Nombres_y_">JACINTA MENDOZA CENTURION</SimpleData>
            <SimpleData name="Sexo">Mujer</SimpleData>
            <SimpleData name="Cambio_de_">NO</SimpleData>
            <SimpleData name="Titular_se">NO</SimpleData>
            <SimpleData name="ci_UNIF">6187207.00000000000</SimpleData>
            <SimpleData name="Situación">NO</SimpleData>
            <SimpleData name="Comunidad">Ind?gena</SimpleData>
            <SimpleData name="Modelo_imp">Modelo 2</SimpleData>
            <SimpleData name="Departamen">CAAZAPA</SimpleData>
            <SimpleData name="Distrito">ABAI</SimpleData>
            <SimpleData name="Localidad"><![CDATA[COM INDIG ?U APU'A]]></SimpleData>
            <SimpleData name="Teléfono">0985973507</SimpleData>
            <SimpleData name="Vivienda_L">-25.80669030000</SimpleData>
            <SimpleData name="Vivienda_1">-55.80648110000</SimpleData>
            <SimpleData name="Superficie">0.80000000000</SimpleData>
            <SimpleData name="Situaci_1">Par?metro</SimpleData>
            <SimpleData name="Plantado">SI</SimpleData>
            <SimpleData name="Fecha_Plan">2025/12/05</SimpleData>
            <SimpleData name="Jornales">0.00000000000</SimpleData>
            <SimpleData name="Monto">0.00000000000</SimpleData>
            <SimpleData name="Grupo_de_p">B-P2-XX-XX-XX</SimpleData>
            <SimpleData name="Estado_del">Activo</SimpleData>
            <SimpleData name="Empresa">Unique Wood Paraguay SA</SimpleData>
            <SimpleData name="Lote">B</SimpleData>
            <SimpleData name="Parametro">0.00000000000</SimpleData>
            <SimpleData name="Sup_SIG">0.80806706295</SimpleData>
            <SimpleData name="X">-55.80773575000</SimpleData>
            <SimpleData name="Y">-25.82210178000</SimpleData>
            <SimpleData name="cedula">6187207</SimpleData>
          </SchemaData>
        </ExtendedData>
        <Polygon>
          <outerBoundaryIs>
            <LinearRing>
              <coordinates>
                -55.8071585004186,-25.82216510008,0
                -55.808015700159,-25.8226829002703,0
                -55.8083485002055,-25.8220007996673,0
                -55.8073584004481,-25.8215505003701,0
                -55.8071585004186,-25.82216510008,0
              </coordinates>
            </LinearRing>
          </outerBoundaryIs>
        </Polygon>
      </Placemark>
      <Placemark id="Lote_B.143">
        <ExtendedData>
          <SchemaData schemaUrl="#Lote_B.schema">
            <SimpleData name="Cédula">6626875.00000000000</SimpleData>
            <SimpleData name="Nombres_y_">NATALIA  ESQUIVEL NEUKIRCHINGER</SimpleData>
            <SimpleData name="Sexo">Mujer</SimpleData>
            <SimpleData name="Cambio_de_">NO</SimpleData>
            <SimpleData name="Titular_se">NO</SimpleData>
            <SimpleData name="ci_UNIF">6626875.00000000000</SimpleData>
            <SimpleData name="Situación">NO</SimpleData>
            <SimpleData name="Comunidad">Campesina</SimpleData>
            <SimpleData name="Modelo_imp">Modelo 5</SimpleData>
            <SimpleData name="Departamen">GUAIRA</SimpleData>
            <SimpleData name="Distrito">PASO YOBAI</SimpleData>
            <SimpleData name="Localidad">SAN FRANCISCO I</SimpleData>
            <SimpleData name="Teléfono">985431361</SimpleData>
            <SimpleData name="Vivienda_L">-25.71910940000</SimpleData>
            <SimpleData name="Vivienda_1">-55.92909410000</SimpleData>
            <SimpleData name="Superficie">0.70000000000</SimpleData>
            <SimpleData name="Situaci_1">Pol?gono</SimpleData>
            <SimpleData name="Plantado">SI</SimpleData>
            <SimpleData name="Fecha_Plan">2025/10/24</SimpleData>
            <SimpleData name="Jornales">0.00000000000</SimpleData>
            <SimpleData name="Monto">0.00000000000</SimpleData>
            <SimpleData name="Grupo_de_p">B-P1-XX-XX-XX</SimpleData>
            <SimpleData name="Estado_del">Activo</SimpleData>
            <SimpleData name="Empresa">Unique Wood Paraguay SA</SimpleData>
            <SimpleData name="Lote">B</SimpleData>
            <SimpleData name="Parametro">0.00000000000</SimpleData>
            <SimpleData name="Sup_SIG">0.86559066353</SimpleData>
            <SimpleData name="X">-55.92884968000</SimpleData>
            <SimpleData name="Y">-25.72196255000</SimpleData>
            <SimpleData name="cedula">6626875</SimpleData>
          </SchemaData>
        </ExtendedData>
        <Polygon>
          <outerBoundaryIs>
            <LinearRing>
              <coordinates>
                -55.928119999469,-25.7216633003943,0
                -55.9293499995651,-25.7226682994931,0
                -55.929693300072,-25.7223716997205,0
                -55.9282217005128,-25.7211700004423,0
                -55.928119999469,-25.7216633003943,0
              </coordinates>
            </LinearRing>
          </outerBoundaryIs>
        </Polygon>
      </Placemark>
      <Placemark id="Lote_B.144">
        <ExtendedData>
          <SchemaData schemaUrl="#Lote_B.schema">
            <SimpleData name="Cédula">5752671.00000000000</SimpleData>
            <SimpleData name="Nombres_y_">SILVINA JUKUGI TYKUARANGI MBYVANGI</SimpleData>
            <SimpleData name="Sexo">Mujer</SimpleData>
            <SimpleData name="Cambio_de_">NO</SimpleData>
            <SimpleData name="Titular_se">NO</SimpleData>
            <SimpleData name="ci_UNIF">5752671.00000000000</SimpleData>
            <SimpleData name="Situación">NO</SimpleData>
            <SimpleData name="Comunidad">Ind?gena</SimpleData>
            <SimpleData name="Modelo_imp">Modelo 4</SimpleData>
            <SimpleData name="Departamen">CAAZAPA</SimpleData>
            <SimpleData name="Distrito">ABAI</SimpleData>
            <SimpleData name="Localidad">COM INDIG YPETIMI</SimpleData>
            <SimpleData name="Teléfono">0984044851</SimpleData>
            <SimpleData name="Vivienda_L">-25.94106610000</SimpleData>
            <SimpleData name="Vivienda_1">-55.70495740000</SimpleData>
            <SimpleData name="Superficie">0.70000000000</SimpleData>
            <SimpleData name="Situaci_1">Pol?gono</SimpleData>
            <SimpleData name="Plantado">SI</SimpleData>
            <SimpleData name="Fecha_Plan">2025/10/23</SimpleData>
            <SimpleData name="Jornales">0.00000000000</SimpleData>
            <SimpleData name="Monto">0.00000000000</SimpleData>
            <SimpleData name="Grupo_de_p">B-P1-XX-XX-XX</SimpleData>
            <SimpleData name="Estado_del">Activo</SimpleData>
            <SimpleData name="Empresa">Unique Wood Paraguay SA</SimpleData>
            <SimpleData name="Lote">B</SimpleData>
            <SimpleData name="Parametro">0.00000000000</SimpleData>
            <SimpleData name="Sup_SIG">0.72029096097</SimpleData>
            <SimpleData name="X">-55.72809090000</SimpleData>
            <SimpleData name="Y">-25.95521373000</SimpleData>
            <SimpleData name="cedula">5752671</SimpleData>
          </SchemaData>
        </ExtendedData>
        <Polygon>
          <outerBoundaryIs>
            <LinearRing>
              <coordinates>
                -55.7282548883078,-25.9546921754233,0
                -55.7276778370486,-25.9548048648383,0
                -55.7276489152062,-25.9548105126332,0
                -55.7276707931692,-25.9548671070472,0
                -55.7277849791568,-25.955454830619,0
                -55.7277893843159,-25.9554775029583,0
                -55.7277912372431,-25.955487038023,0
                -55.7278385224123,-25.9557304158638,0
                -55.7278407935996,-25.9557421061024,0
                -55.72786858465,-25.9557352033056,0
                -55.7279152465291,-25.9557236134711,0
                -55.7279163189925,-25.9557233475238,0
                -55.7280975379788,-25.9556783379591,0
                -55.7282378599174,-25.9556434853671,0
                -55.7284459383931,-25.955591803557,0
                -55.7285791934841,-25.9555587060071,0
                -55.7282774924675,-25.9546854057444,0
                -55.7282548883078,-25.9546921754233,0
              </coordinates>
            </LinearRing>
          </outerBoundaryIs>
        </Polygon>
      </Placemark>
      <Placemark id="Lote_B.145">
        <ExtendedData>
          <SchemaData schemaUrl="#Lote_B.schema">
            <SimpleData name="Cédula">1321897.00000000000</SimpleData>
            <SimpleData name="Nombres_y_">AIDA ROQUE BORJA DE MARTINEZ</SimpleData>
            <SimpleData name="Sexo">Mujer</SimpleData>
            <SimpleData name="Cambio_de_">NO</SimpleData>
            <SimpleData name="Titular_se">NO</SimpleData>
            <SimpleData name="ci_UNIF">1321897.00000000000</SimpleData>
            <SimpleData name="Situación">NO</SimpleData>
            <SimpleData name="Comunidad">Campesina</SimpleData>
            <SimpleData name="Modelo_imp">Modelo 5</SimpleData>
            <SimpleData name="Departamen">GUAIRA</SimpleData>
            <SimpleData name="Distrito">PASO YOBAI</SimpleData>
            <SimpleData name="Localidad">SANTA MARIA</SimpleData>
            <SimpleData name="Teléfono">0985515495</SimpleData>
            <SimpleData name="Vivienda_L">-25.71828380000</SimpleData>
            <SimpleData name="Vivienda_1">-55.97866900000</SimpleData>
            <SimpleData name="Superficie">0.70000000000</SimpleData>
            <SimpleData name="Situaci_1">Pol?gono</SimpleData>
            <SimpleData name="Plantado">SI</SimpleData>
            <SimpleData name="Fecha_Plan">2025/09/26</SimpleData>
            <SimpleData name="Jornales">0.00000000000</SimpleData>
            <SimpleData name="Monto">0.00000000000</SimpleData>
            <SimpleData name="Grupo_de_p">B-P1-XX-XX-XX</SimpleData>
            <SimpleData name="Estado_del">Activo</SimpleData>
            <SimpleData name="Empresa">Unique Wood Paraguay SA</SimpleData>
            <SimpleData name="Lote">B</SimpleData>
            <SimpleData name="Parametro">0.00000000000</SimpleData>
            <SimpleData name="Sup_SIG">0.77437762089</SimpleData>
            <SimpleData name="X">-55.97969857000</SimpleData>
            <SimpleData name="Y">-25.71839204000</SimpleData>
            <SimpleData name="cedula">1321897</SimpleData>
          </SchemaData>
        </ExtendedData>
        <Polygon>
          <outerBoundaryIs>
            <LinearRing>
              <coordinates>
                -55.9791500001971,-25.7187466001262,0
                -55.9801545992462,-25.7187718999217,0
                -55.98012839944,-25.7179114000085,0
                -55.9792676004986,-25.7181044998376,0
                -55.9791500001971,-25.7187466001262,0
              </coordinates>
            </LinearRing>
          </outerBoundaryIs>
        </Polygon>
      </Placemark>
      <Placemark id="Lote_B.146">
        <ExtendedData>
          <SchemaData schemaUrl="#Lote_B.schema">
            <SimpleData name="Cédula">6668879.00000000000</SimpleData>
            <SimpleData name="Nombres_y_">VIVIANA GONZALEZ RUIZ DIAZ</SimpleData>
            <SimpleData name="Sexo">Mujer</SimpleData>
            <SimpleData name="Cambio_de_">NO</SimpleData>
            <SimpleData name="Titular_se">NO</SimpleData>
            <SimpleData name="ci_UNIF">6668879.00000000000</SimpleData>
            <SimpleData name="Situación">NO</SimpleData>
            <SimpleData name="Comunidad">Campesina</SimpleData>
            <SimpleData name="Modelo_imp">Modelo 4</SimpleData>
            <SimpleData name="Departamen">GUAIRA</SimpleData>
            <SimpleData name="Distrito">PASO YOBAI</SimpleData>
            <SimpleData name="Localidad">SAN JOSE</SimpleData>
            <SimpleData name="Teléfono">0983432337</SimpleData>
            <SimpleData name="Vivienda_L">-25.69048390000</SimpleData>
            <SimpleData name="Vivienda_1">-56.00028220000</SimpleData>
            <SimpleData name="Superficie">0.70000000000</SimpleData>
            <SimpleData name="Situaci_1">Pol?gono</SimpleData>
            <SimpleData name="Plantado">SI</SimpleData>
            <SimpleData name="Fecha_Plan">2025/10/02</SimpleData>
            <SimpleData name="Jornales">0.00000000000</SimpleData>
            <SimpleData name="Monto">0.00000000000</SimpleData>
            <SimpleData name="Grupo_de_p">B-P1-XX-XX-XX</SimpleData>
            <SimpleData name="Estado_del">Activo</SimpleData>
            <SimpleData name="Empresa">Unique Wood Paraguay SA</SimpleData>
            <SimpleData name="Lote">B</SimpleData>
            <SimpleData name="Parametro">0.00000000000</SimpleData>
            <SimpleData name="Sup_SIG">0.97971648177</SimpleData>
            <SimpleData name="X">-56.00184837000</SimpleData>
            <SimpleData name="Y">-25.69008866000</SimpleData>
            <SimpleData name="cedula">6668879</SimpleData>
          </SchemaData>
        </ExtendedData>
        <Polygon>
          <outerBoundaryIs>
            <LinearRing>
              <coordinates>
                -56.0014716997374,-25.690603299995,0
                -56.0022433000647,-25.6906099999,0
                -56.0023433999062,-25.6896219000834,0
                -56.0013382999661,-25.689606400449,0
                -56.0014716997374,-25.690603299995,0
              </coordinates>
            </LinearRing>
          </outerBoundaryIs>
        </Polygon>
      </Placemark>
      <Placemark id="Lote_B.147">
        <ExtendedData>
          <SchemaData schemaUrl="#Lote_B.schema">
            <SimpleData name="Cédula">6198521.00000000000</SimpleData>
            <SimpleData name="Nombres_y_">MARIA BENITEZ RAMIREZ</SimpleData>
            <SimpleData name="Sexo">Mujer</SimpleData>
            <SimpleData name="Cambio_de_">NO</SimpleData>
            <SimpleData name="Titular_se">NO</SimpleData>
            <SimpleData name="ci_UNIF">6198521.00000000000</SimpleData>
            <SimpleData name="Situación">NO</SimpleData>
            <SimpleData name="Comunidad">Ind?gena</SimpleData>
            <SimpleData name="Modelo_imp">Modelo 5</SimpleData>
            <SimpleData name="Departamen">GUAIRA</SimpleData>
            <SimpleData name="Distrito">PASO YOBAI</SimpleData>
            <SimpleData name="Localidad">COM INDIG ARROYO HU</SimpleData>
            <SimpleData name="Teléfono">0986219054</SimpleData>
            <SimpleData name="Vivienda_L">-25.67277520000</SimpleData>
            <SimpleData name="Vivienda_1">-55.99199070000</SimpleData>
            <SimpleData name="Superficie">0.70000000000</SimpleData>
            <SimpleData name="Situaci_1">Pol?gono</SimpleData>
            <SimpleData name="Plantado">SI</SimpleData>
            <SimpleData name="Fecha_Plan">2025/10/22</SimpleData>
            <SimpleData name="Jornales">0.00000000000</SimpleData>
            <SimpleData name="Monto">0.00000000000</SimpleData>
            <SimpleData name="Grupo_de_p">B-P1-XX-XX-XX</SimpleData>
            <SimpleData name="Estado_del">Activo</SimpleData>
            <SimpleData name="Empresa">Unique Wood Paraguay SA</SimpleData>
            <SimpleData name="Lote">B</SimpleData>
            <SimpleData name="Parametro">0.00000000000</SimpleData>
            <SimpleData name="Sup_SIG">1.16469052696</SimpleData>
            <SimpleData name="X">-55.99264712000</SimpleData>
            <SimpleData name="Y">-25.67215260000</SimpleData>
            <SimpleData name="cedula">6198521</SimpleData>
          </SchemaData>
        </ExtendedData>
        <Polygon>
          <outerBoundaryIs>
            <LinearRing>
              <coordinates>
                -55.9918590996354,-25.6726008002411,0
                -55.9925416997526,-25.6728966996668,0
                -55.9933750000869,-25.6717599994344,0
                -55.9928649995406,-25.6713350002452,0
                -55.9918590996354,-25.6726008002411,0
              </coordinates>
            </LinearRing>
          </outerBoundaryIs>
        </Polygon>
      </Placemark>
      <Placemark id="Lote_B.148">
        <ExtendedData>
          <SchemaData schemaUrl="#Lote_B.schema">
            <SimpleData name="Cédula">6553326.00000000000</SimpleData>
            <SimpleData name="Nombres_y_">ARNALDO URUPURANGI DUARTE</SimpleData>
            <SimpleData name="Sexo">Hombre</SimpleData>
            <SimpleData name="Cambio_de_">NO</SimpleData>
            <SimpleData name="Titular_se">NO</SimpleData>
            <SimpleData name="ci_UNIF">6553326.00000000000</SimpleData>
            <SimpleData name="Situación">NO</SimpleData>
            <SimpleData name="Comunidad">Ind?gena</SimpleData>
            <SimpleData name="Modelo_imp">Modelo 4</SimpleData>
            <SimpleData name="Departamen">CAAZAPA</SimpleData>
            <SimpleData name="Distrito">ABAI</SimpleData>
            <SimpleData name="Localidad">COM INDIG YPETIMI</SimpleData>
            <SimpleData name="Teléfono">0983591047</SimpleData>
            <SimpleData name="Vivienda_L">-25.94109810000</SimpleData>
            <SimpleData name="Vivienda_1">-55.70497770000</SimpleData>
            <SimpleData name="Superficie">0.70000000000</SimpleData>
            <SimpleData name="Situaci_1">Par?metro</SimpleData>
            <SimpleData name="Plantado">SI</SimpleData>
            <SimpleData name="Fecha_Plan">2025/11/28</SimpleData>
            <SimpleData name="Jornales">0.00000000000</SimpleData>
            <SimpleData name="Monto">0.00000000000</SimpleData>
            <SimpleData name="Grupo_de_p">B-P2-XX-XX-XX</SimpleData>
            <SimpleData name="Estado_del">Activo</SimpleData>
            <SimpleData name="Empresa">Unique Wood Paraguay SA</SimpleData>
            <SimpleData name="Lote">B</SimpleData>
            <SimpleData name="Parametro">0.00000000000</SimpleData>
            <SimpleData name="Sup_SIG">0.73573051818</SimpleData>
            <SimpleData name="X">-55.73472499000</SimpleData>
            <SimpleData name="Y">-25.96071668000</SimpleData>
            <SimpleData name="cedula">6553326</SimpleData>
          </SchemaData>
        </ExtendedData>
        <Polygon>
          <outerBoundaryIs>
            <LinearRing>
              <coordinates>
                -55.7341829791771,-25.9602827447944,0
                -55.7346317004721,-25.9613149997105,0
                -55.7351782996946,-25.9610617002037,0
                -55.7351282267287,-25.9608352728425,0
                -55.7350042282288,-25.9602745605043,0
                -55.734907858378,-25.9602743476499,0
                -55.7341829791771,-25.9602827447944,0
              </coordinates>
            </LinearRing>
          </outerBoundaryIs>
        </Polygon>
      </Placemark>
      <Placemark id="Lote_B.149">
        <ExtendedData>
          <SchemaData schemaUrl="#Lote_B.schema">
            <SimpleData name="Cédula">7445710.00000000000</SimpleData>
            <SimpleData name="Nombres_y_">SUSANA MORINIGO RAMIREZ</SimpleData>
            <SimpleData name="Sexo">Mujer</SimpleData>
            <SimpleData name="Cambio_de_">NO</SimpleData>
            <SimpleData name="Titular_se">NO</SimpleData>
            <SimpleData name="ci_UNIF">7445710.00000000000</SimpleData>
            <SimpleData name="Situación">NO</SimpleData>
            <SimpleData name="Comunidad">Ind?gena</SimpleData>
            <SimpleData name="Modelo_imp">Modelo 4</SimpleData>
            <SimpleData name="Departamen">GUAIRA</SimpleData>
            <SimpleData name="Distrito">PASO YOBAI</SimpleData>
            <SimpleData name="Localidad">COM INDIG ARROYO HU</SimpleData>
            <SimpleData name="Teléfono">0984134992</SimpleData>
            <SimpleData name="Vivienda_L">-25.66755870000</SimpleData>
            <SimpleData name="Vivienda_1">-55.98442260000</SimpleData>
            <SimpleData name="Superficie">0.70000000000</SimpleData>
            <SimpleData name="Situaci_1">Pol?gono</SimpleData>
            <SimpleData name="Plantado">SI</SimpleData>
            <SimpleData name="Fecha_Plan">2025/10/02</SimpleData>
            <SimpleData name="Jornales">0.00000000000</SimpleData>
            <SimpleData name="Monto">0.00000000000</SimpleData>
            <SimpleData name="Grupo_de_p">B-P1-XX-XX-XX</SimpleData>
            <SimpleData name="Estado_del">Activo</SimpleData>
            <SimpleData name="Empresa">Unique Wood Paraguay SA</SimpleData>
            <SimpleData name="Lote">B</SimpleData>
            <SimpleData name="Parametro">0.00000000000</SimpleData>
            <SimpleData name="Sup_SIG">0.72683283426</SimpleData>
            <SimpleData name="X">-55.98464622000</SimpleData>
            <SimpleData name="Y">-25.66752347000</SimpleData>
            <SimpleData name="cedula">7445710</SimpleData>
          </SchemaData>
        </ExtendedData>
        <Polygon>
          <outerBoundaryIs>
            <LinearRing>
              <coordinates>
                -55.9850148200593,-25.6677751590141,0
                -55.9852401005932,-25.667484800216,0
                -55.9852268142809,-25.6674755213408,0
                -55.9845603996004,-25.6670100996253,0
                -55.9840160996795,-25.6674761996862,0
                -55.9847783005634,-25.6680800000271,0
                -55.9850148200593,-25.6677751590141,0
              </coordinates>
            </LinearRing>
          </outerBoundaryIs>
        </Polygon>
      </Placemark>
      <Placemark id="Lote_B.150">
        <ExtendedData>
          <SchemaData schemaUrl="#Lote_B.schema">
            <SimpleData name="Cédula">6198496.00000000000</SimpleData>
            <SimpleData name="Nombres_y_">NORMA SILVA RAMIREZ</SimpleData>
            <SimpleData name="Sexo">Mujer</SimpleData>
            <SimpleData name="Cambio_de_">NO</SimpleData>
            <SimpleData name="Titular_se">NO</SimpleData>
            <SimpleData name="ci_UNIF">6198496.00000000000</SimpleData>
            <SimpleData name="Situación">NO</SimpleData>
            <SimpleData name="Comunidad">Ind?gena</SimpleData>
            <SimpleData name="Modelo_imp">Modelo 5</SimpleData>
            <SimpleData name="Departamen">GUAIRA</SimpleData>
            <SimpleData name="Distrito">PASO YOBAI</SimpleData>
            <SimpleData name="Localidad">COM INDIG ARROYO HU</SimpleData>
            <SimpleData name="Teléfono">0983317196</SimpleData>
            <SimpleData name="Vivienda_L">-25.67354290000</SimpleData>
            <SimpleData name="Vivienda_1">-55.99211290000</SimpleData>
            <SimpleData name="Superficie">0.70000000000</SimpleData>
            <SimpleData name="Situaci_1">Pol?gono</SimpleData>
            <SimpleData name="Plantado">SI</SimpleData>
            <SimpleData name="Fecha_Plan">2025/10/22</SimpleData>
            <SimpleData name="Jornales">0.00000000000</SimpleData>
            <SimpleData name="Monto">0.00000000000</SimpleData>
            <SimpleData name="Grupo_de_p">B-P1-XX-XX-XX</SimpleData>
            <SimpleData name="Estado_del">Activo</SimpleData>
            <SimpleData name="Empresa">Unique Wood Paraguay SA</SimpleData>
            <SimpleData name="Lote">B</SimpleData>
            <SimpleData name="Parametro">0.00000000000</SimpleData>
            <SimpleData name="Sup_SIG">0.72509584980</SimpleData>
            <SimpleData name="X">-55.99295891000</SimpleData>
            <SimpleData name="Y">-25.67263990000</SimpleData>
            <SimpleData name="cedula">6198496</SimpleData>
          </SchemaData>
        </ExtendedData>
        <Polygon>
          <outerBoundaryIs>
            <LinearRing>
              <coordinates>
                -55.9924608346346,-25.6735527142633,0
                -55.9926821201321,-25.6732872664518,0
                -55.9928634413043,-25.6730479407742,0
                -55.993224999659,-25.6725383004476,0
                -55.9932416037761,-25.6725488051234,0
                -55.9932801819765,-25.6724978836575,0
                -55.9936752001077,-25.6719764999523,0
                -55.9935618965499,-25.6718936449924,0
                -55.9933883002051,-25.6717666997916,0
                -55.9922550007118,-25.6733199996958,0
                -55.9924608346346,-25.6735527142633,0
              </coordinates>
            </LinearRing>
          </outerBoundaryIs>
        </Polygon>
      </Placemark>
      <Placemark id="Lote_B.151">
        <ExtendedData>
          <SchemaData schemaUrl="#Lote_B.schema">
            <SimpleData name="Cédula">6204240.00000000000</SimpleData>
            <SimpleData name="Nombres_y_">ARIEL BENITEZ DUARTE</SimpleData>
            <SimpleData name="Sexo">Hombre</SimpleData>
            <SimpleData name="Cambio_de_">NO</SimpleData>
            <SimpleData name="Titular_se">NO</SimpleData>
            <SimpleData name="ci_UNIF">6204240.00000000000</SimpleData>
            <SimpleData name="Situación">NO</SimpleData>
            <SimpleData name="Comunidad">Ind?gena</SimpleData>
            <SimpleData name="Modelo_imp">Modelo 4</SimpleData>
            <SimpleData name="Departamen">GUAIRA</SimpleData>
            <SimpleData name="Distrito">PASO YOBAI</SimpleData>
            <SimpleData name="Localidad">COM INDIG ARROYO HU</SimpleData>
            <SimpleData name="Teléfono">0981267577</SimpleData>
            <SimpleData name="Vivienda_L">-25.67135620000</SimpleData>
            <SimpleData name="Vivienda_1">-55.97539720000</SimpleData>
            <SimpleData name="Superficie">0.70000000000</SimpleData>
            <SimpleData name="Situaci_1">Pol?gono</SimpleData>
            <SimpleData name="Plantado">SI</SimpleData>
            <SimpleData name="Fecha_Plan">2025/10/01</SimpleData>
            <SimpleData name="Jornales">0.00000000000</SimpleData>
            <SimpleData name="Monto">0.00000000000</SimpleData>
            <SimpleData name="Grupo_de_p">B-P1-XX-XX-XX</SimpleData>
            <SimpleData name="Estado_del">Activo</SimpleData>
            <SimpleData name="Empresa">Unique Wood Paraguay SA</SimpleData>
            <SimpleData name="Lote">B</SimpleData>
            <SimpleData name="Parametro">0.00000000000</SimpleData>
            <SimpleData name="Sup_SIG">0.73184129084</SimpleData>
            <SimpleData name="X">-55.97166162000</SimpleData>
            <SimpleData name="Y">-25.67264252000</SimpleData>
            <SimpleData name="cedula">6204240</SimpleData>
          </SchemaData>
        </ExtendedData>
        <Polygon>
          <outerBoundaryIs>
            <LinearRing>
              <coordinates>
                -55.9723239052812,-25.6726090563211,0
                -55.9724523069168,-25.6724171495106,0
                -55.971643399432,-25.6722828001043,0
                -55.9709328007385,-25.6726480004185,0
                -55.9714166998595,-25.6731116996037,0
                -55.9723239052812,-25.6726090563211,0
              </coordinates>
            </LinearRing>
          </outerBoundaryIs>
        </Polygon>
      </Placemark>
      <Placemark id="Lote_B.152">
        <ExtendedData>
          <SchemaData schemaUrl="#Lote_B.schema">
            <SimpleData name="Cédula">4607581.00000000000</SimpleData>
            <SimpleData name="Nombres_y_">TERESA BENITEZ RAMIREZ</SimpleData>
            <SimpleData name="Sexo">Mujer</SimpleData>
            <SimpleData name="Cambio_de_">NO</SimpleData>
            <SimpleData name="Titular_se">NO</SimpleData>
            <SimpleData name="ci_UNIF">4607581.00000000000</SimpleData>
            <SimpleData name="Situación">NO</SimpleData>
            <SimpleData name="Comunidad">Ind?gena</SimpleData>
            <SimpleData name="Modelo_imp">Modelo 5</SimpleData>
            <SimpleData name="Departamen">GUAIRA</SimpleData>
            <SimpleData name="Distrito">PASO YOBAI</SimpleData>
            <SimpleData name="Localidad">COM INDIG ARROYO HU</SimpleData>
            <SimpleData name="Teléfono">0992945156</SimpleData>
            <SimpleData name="Vivienda_L">-25.67411980000</SimpleData>
            <SimpleData name="Vivienda_1">-55.99268290000</SimpleData>
            <SimpleData name="Superficie">0.70000000000</SimpleData>
            <SimpleData name="Situaci_1">Pol?gono</SimpleData>
            <SimpleData name="Plantado">SI</SimpleData>
            <SimpleData name="Fecha_Plan">2025/10/22</SimpleData>
            <SimpleData name="Jornales">0.00000000000</SimpleData>
            <SimpleData name="Monto">0.00000000000</SimpleData>
            <SimpleData name="Grupo_de_p">B-P1-XX-XX-XX</SimpleData>
            <SimpleData name="Estado_del">Activo</SimpleData>
            <SimpleData name="Empresa">Unique Wood Paraguay SA</SimpleData>
            <SimpleData name="Lote">B</SimpleData>
            <SimpleData name="Parametro">0.00000000000</SimpleData>
            <SimpleData name="Sup_SIG">0.70324006453</SimpleData>
            <SimpleData name="X">-55.99290694000</SimpleData>
            <SimpleData name="Y">-25.67370696000</SimpleData>
            <SimpleData name="cedula">4607581</SimpleData>
          </SchemaData>
        </ExtendedData>
        <Polygon>
          <outerBoundaryIs>
            <LinearRing>
              <coordinates>
                -55.9926821201321,-25.6732872664518,0
                -55.9924608346346,-25.6735527142633,0
                -55.9923769001212,-25.6736534001876,0
                -55.9924003996257,-25.6738792998687,0
                -55.9931283007697,-25.6741850002969,0
                -55.9935016994808,-25.6736417000893,0
                -55.9927516999248,-25.673203800522,0
                -55.9926821201321,-25.6732872664518,0
              </coordinates>
            </LinearRing>
          </outerBoundaryIs>
        </Polygon>
      </Placemark>
      <Placemark id="Lote_B.153">
        <ExtendedData>
          <SchemaData schemaUrl="#Lote_B.schema">
            <SimpleData name="Cédula">8339703.00000000000</SimpleData>
            <SimpleData name="Nombres_y_">JULIANA VILLALBA FERNANDEZ</SimpleData>
            <SimpleData name="Sexo">Mujer</SimpleData>
            <SimpleData name="Cambio_de_">NO</SimpleData>
            <SimpleData name="Titular_se">NO</SimpleData>
            <SimpleData name="ci_UNIF">8339703.00000000000</SimpleData>
            <SimpleData name="Situación">NO</SimpleData>
            <SimpleData name="Comunidad">Ind?gena</SimpleData>
            <SimpleData name="Modelo_imp">Modelo 5</SimpleData>
            <SimpleData name="Departamen">CAAZAPA</SimpleData>
            <SimpleData name="Distrito">ABAI</SimpleData>
            <SimpleData name="Localidad"><![CDATA[COM INDIG YPETI - NARA'I]]></SimpleData>
            <SimpleData name="Teléfono">0982085973</SimpleData>
            <SimpleData name="Vivienda_L">-25.80871450000</SimpleData>
            <SimpleData name="Vivienda_1">-55.58323070000</SimpleData>
            <SimpleData name="Superficie">0.70000000000</SimpleData>
            <SimpleData name="Situaci_1">Pol?gono</SimpleData>
            <SimpleData name="Plantado">SI</SimpleData>
            <SimpleData name="Fecha_Plan">2025/11/12</SimpleData>
            <SimpleData name="Jornales">0.00000000000</SimpleData>
            <SimpleData name="Monto">0.00000000000</SimpleData>
            <SimpleData name="Grupo_de_p">B-P1-XX-XX-XX</SimpleData>
            <SimpleData name="Estado_del">Activo</SimpleData>
            <SimpleData name="Empresa">Unique Wood Paraguay SA</SimpleData>
            <SimpleData name="Lote">B</SimpleData>
            <SimpleData name="Parametro">0.00000000000</SimpleData>
            <SimpleData name="Sup_SIG">0.71829757184</SimpleData>
            <SimpleData name="X">-55.59260950000</SimpleData>
            <SimpleData name="Y">-25.79106514000</SimpleData>
            <SimpleData name="cedula">8339703</SimpleData>
          </SchemaData>
        </ExtendedData>
        <Polygon>
          <outerBoundaryIs>
            <LinearRing>
              <coordinates>
                -55.5921482841031,-25.7915812347217,0
                -55.5921533004777,-25.7915917002682,0
                -55.5932943019943,-25.7909928510005,0
                -55.5932943993265,-25.79099280048,0
                -55.593293117962,-25.7909906763389,0
                -55.5932841149987,-25.7909757654967,0
                -55.5930200000811,-25.7905382999414,0
                -55.5919400001245,-25.7911467003202,0
                -55.5921482841031,-25.7915812347217,0
              </coordinates>
            </LinearRing>
          </outerBoundaryIs>
        </Polygon>
      </Placemark>
      <Placemark id="Lote_B.154">
        <ExtendedData>
          <SchemaData schemaUrl="#Lote_B.schema">
            <SimpleData name="Cédula">5451949.00000000000</SimpleData>
            <SimpleData name="Nombres_y_">SIMON MBUTAGI</SimpleData>
            <SimpleData name="Sexo">Hombre</SimpleData>
            <SimpleData name="Cambio_de_">NO</SimpleData>
            <SimpleData name="Titular_se">NO</SimpleData>
            <SimpleData name="ci_UNIF">5451949.00000000000</SimpleData>
            <SimpleData name="Situación">NO</SimpleData>
            <SimpleData name="Comunidad">Ind?gena</SimpleData>
            <SimpleData name="Modelo_imp">Modelo 4</SimpleData>
            <SimpleData name="Departamen">CAAZAPA</SimpleData>
            <SimpleData name="Distrito">ABAI</SimpleData>
            <SimpleData name="Localidad">COM INDIG YPETIMI</SimpleData>
            <SimpleData name="Teléfono">0984514368</SimpleData>
            <SimpleData name="Vivienda_L">-25.95385270000</SimpleData>
            <SimpleData name="Vivienda_1">-55.72481890000</SimpleData>
            <SimpleData name="Superficie">0.70000000000</SimpleData>
            <SimpleData name="Situaci_1">Par?metro</SimpleData>
            <SimpleData name="Plantado">SI</SimpleData>
            <SimpleData name="Fecha_Plan">2025/11/28</SimpleData>
            <SimpleData name="Jornales">0.00000000000</SimpleData>
            <SimpleData name="Monto">0.00000000000</SimpleData>
            <SimpleData name="Grupo_de_p">B-P2-XX-XX-XX</SimpleData>
            <SimpleData name="Estado_del">Activo</SimpleData>
            <SimpleData name="Empresa">Unique Wood Paraguay SA</SimpleData>
            <SimpleData name="Lote">B</SimpleData>
            <SimpleData name="Parametro">0.00000000000</SimpleData>
            <SimpleData name="Sup_SIG">0.74393772138</SimpleData>
            <SimpleData name="X">-55.73379057000</SimpleData>
            <SimpleData name="Y">-25.95915848000</SimpleData>
            <SimpleData name="cedula">5451949</SimpleData>
          </SchemaData>
        </ExtendedData>
        <Polygon>
          <outerBoundaryIs>
            <LinearRing>
              <coordinates>
                -55.7344183003726,-25.9593683004261,0
                -55.7341300464039,-25.9590652931126,0
                -55.7339357909705,-25.9586928336705,0
                -55.7339350726508,-25.9586914559528,0
                -55.7331501445485,-25.9588186315988,0
                -55.733141699669,-25.9588199995572,0
                -55.73378670047,-25.9597166999476,0
                -55.7344183003726,-25.9593683004261,0
              </coordinates>
            </LinearRing>
          </outerBoundaryIs>
        </Polygon>
      </Placemark>
      <Placemark id="Lote_B.155">
        <ExtendedData>
          <SchemaData schemaUrl="#Lote_B.schema">
            <SimpleData name="Cédula">5451956.00000000000</SimpleData>
            <SimpleData name="Nombres_y_">JEREMIAS MBUJAGI</SimpleData>
            <SimpleData name="Sexo">Hombre</SimpleData>
            <SimpleData name="Cambio_de_">NO</SimpleData>
            <SimpleData name="Titular_se">NO</SimpleData>
            <SimpleData name="ci_UNIF">5451956.00000000000</SimpleData>
            <SimpleData name="Situación">NO</SimpleData>
            <SimpleData name="Comunidad">Ind?gena</SimpleData>
            <SimpleData name="Modelo_imp">Modelo 4</SimpleData>
            <SimpleData name="Departamen">CAAZAPA</SimpleData>
            <SimpleData name="Distrito">ABAI</SimpleData>
            <SimpleData name="Localidad">COM INDIG YPETIMI</SimpleData>
            <SimpleData name="Teléfono">ND</SimpleData>
            <SimpleData name="Vivienda_L">-25.94104360000</SimpleData>
            <SimpleData name="Vivienda_1">-55.70494490000</SimpleData>
            <SimpleData name="Superficie">0.70000000000</SimpleData>
            <SimpleData name="Situaci_1">Par?metro</SimpleData>
            <SimpleData name="Plantado">SI</SimpleData>
            <SimpleData name="Fecha_Plan">2025/10/23</SimpleData>
            <SimpleData name="Jornales">0.00000000000</SimpleData>
            <SimpleData name="Monto">0.00000000000</SimpleData>
            <SimpleData name="Grupo_de_p">B-P3-XX-XX-XX</SimpleData>
            <SimpleData name="Estado_del">Activo</SimpleData>
            <SimpleData name="Empresa">Unique Wood Paraguay SA</SimpleData>
            <SimpleData name="Lote">B</SimpleData>
            <SimpleData name="Parametro">0.00000000000</SimpleData>
            <SimpleData name="Sup_SIG">0.70879531041</SimpleData>
            <SimpleData name="X">-55.72799642000</SimpleData>
            <SimpleData name="Y">-25.95708448000</SimpleData>
            <SimpleData name="cedula">5451956</SimpleData>
          </SchemaData>
        </ExtendedData>
        <Polygon>
          <outerBoundaryIs>
            <LinearRing>
              <coordinates>
                -55.7271456590106,-25.9568928889785,0
                -55.7286308592896,-25.9576916877185,0
                -55.7283352582383,-25.9567461876763,0
                -55.7272069587338,-25.9567928888923,0
                -55.7271456590106,-25.9568928889785,0
              </coordinates>
            </LinearRing>
          </outerBoundaryIs>
        </Polygon>
      </Placemark>
      <Placemark id="Lote_B.156">
        <ExtendedData>
          <SchemaData schemaUrl="#Lote_B.schema">
            <SimpleData name="Cédula">6817549.00000000000</SimpleData>
            <SimpleData name="Nombres_y_">MARIANA  PENAYO GALEANO</SimpleData>
            <SimpleData name="Sexo">Mujer</SimpleData>
            <SimpleData name="Cambio_de_">NO</SimpleData>
            <SimpleData name="Titular_se">NO</SimpleData>
            <SimpleData name="ci_UNIF">6817549.00000000000</SimpleData>
            <SimpleData name="Situación">NO</SimpleData>
            <SimpleData name="Comunidad">Ind?gena</SimpleData>
            <SimpleData name="Modelo_imp">Modelo 5</SimpleData>
            <SimpleData name="Departamen">CAAZAPA</SimpleData>
            <SimpleData name="Distrito">ABAI</SimpleData>
            <SimpleData name="Localidad">COM INDIG YKUA PORA</SimpleData>
            <SimpleData name="Teléfono">0</SimpleData>
            <SimpleData name="Vivienda_L">-25.82618440000</SimpleData>
            <SimpleData name="Vivienda_1">-55.67629510000</SimpleData>
            <SimpleData name="Superficie">0.70000000000</SimpleData>
            <SimpleData name="Situaci_1">Pol?gono</SimpleData>
            <SimpleData name="Plantado">SI</SimpleData>
            <SimpleData name="Fecha_Plan">2025/11/11</SimpleData>
            <SimpleData name="Jornales">0.00000000000</SimpleData>
            <SimpleData name="Monto">0.00000000000</SimpleData>
            <SimpleData name="Grupo_de_p">B-P1-XX-XX-XX</SimpleData>
            <SimpleData name="Estado_del">Activo</SimpleData>
            <SimpleData name="Empresa">Unique Wood Paraguay SA</SimpleData>
            <SimpleData name="Lote">B</SimpleData>
            <SimpleData name="Parametro">0.00000000000</SimpleData>
            <SimpleData name="Sup_SIG">0.69687471448</SimpleData>
            <SimpleData name="X">-55.67594541000</SimpleData>
            <SimpleData name="Y">-25.82543747000</SimpleData>
            <SimpleData name="cedula">6817549</SimpleData>
          </SchemaData>
        </ExtendedData>
        <Polygon>
          <outerBoundaryIs>
            <LinearRing>
              <coordinates>
                -55.6753653996723,-25.8250104999751,0
                -55.6757668996342,-25.8258509006547,0
                -55.6765262995883,-25.8258546002954,0
                -55.6761274006135,-25.8250317993703,0
                -55.6753653996723,-25.8250104999751,0
              </coordinates>
            </LinearRing>
          </outerBoundaryIs>
        </Polygon>
      </Placemark>
      <Placemark id="Lote_B.157">
        <ExtendedData>
          <SchemaData schemaUrl="#Lote_B.schema">
            <SimpleData name="Cédula">6547181.00000000000</SimpleData>
            <SimpleData name="Nombres_y_">SANDRA CHENGYGI TYKUARANGI</SimpleData>
            <SimpleData name="Sexo">Mujer</SimpleData>
            <SimpleData name="Cambio_de_">NO</SimpleData>
            <SimpleData name="Titular_se">NO</SimpleData>
            <SimpleData name="ci_UNIF">6547181.00000000000</SimpleData>
            <SimpleData name="Situación">NO</SimpleData>
            <SimpleData name="Comunidad">Ind?gena</SimpleData>
            <SimpleData name="Modelo_imp">Modelo 4</SimpleData>
            <SimpleData name="Departamen">CAAZAPA</SimpleData>
            <SimpleData name="Distrito">ABAI</SimpleData>
            <SimpleData name="Localidad">COM INDIG YPETIMI</SimpleData>
            <SimpleData name="Teléfono">0982151053</SimpleData>
            <SimpleData name="Vivienda_L">-25.94106040000</SimpleData>
            <SimpleData name="Vivienda_1">-55.70492740000</SimpleData>
            <SimpleData name="Superficie">0.70000000000</SimpleData>
            <SimpleData name="Situaci_1">Par?metro</SimpleData>
            <SimpleData name="Plantado">SI</SimpleData>
            <SimpleData name="Fecha_Plan">2025/11/28</SimpleData>
            <SimpleData name="Jornales">0.00000000000</SimpleData>
            <SimpleData name="Monto">0.00000000000</SimpleData>
            <SimpleData name="Grupo_de_p">B-P2-XX-XX-XX</SimpleData>
            <SimpleData name="Estado_del">Activo</SimpleData>
            <SimpleData name="Empresa">Unique Wood Paraguay SA</SimpleData>
            <SimpleData name="Lote">B</SimpleData>
            <SimpleData name="Parametro">0.00000000000</SimpleData>
            <SimpleData name="Sup_SIG">0.73424574452</SimpleData>
            <SimpleData name="X">-55.73438744000</SimpleData>
            <SimpleData name="Y">-25.95990531000</SimpleData>
            <SimpleData name="cedula">6547181</SimpleData>
          </SchemaData>
        </ExtendedData>
        <Polygon>
          <outerBoundaryIs>
            <LinearRing>
              <coordinates>
                -55.7341829791771,-25.9602827447944,0
                -55.734907858378,-25.9602743476499,0
                -55.7350042282288,-25.9602745605043,0
                -55.7349799998934,-25.9601649995815,0
                -55.7348052034347,-25.9598844313444,0
                -55.7344183003726,-25.9593683004261,0
                -55.733794999929,-25.9597167003111,0
                -55.7341349999059,-25.9602833003377,0
                -55.7341829791771,-25.9602827447944,0
              </coordinates>
            </LinearRing>
          </outerBoundaryIs>
        </Polygon>
      </Placemark>
      <Placemark id="Lote_B.158">
        <ExtendedData>
          <SchemaData schemaUrl="#Lote_B.schema">
            <SimpleData name="Cédula">8397971.00000000000</SimpleData>
            <SimpleData name="Nombres_y_">AGUSTINA BENITEZ NU?EZ</SimpleData>
            <SimpleData name="Sexo">Mujer</SimpleData>
            <SimpleData name="Cambio_de_">NO</SimpleData>
            <SimpleData name="Titular_se">NO</SimpleData>
            <SimpleData name="ci_UNIF">8397971.00000000000</SimpleData>
            <SimpleData name="Situación">NO</SimpleData>
            <SimpleData name="Comunidad">Ind?gena</SimpleData>
            <SimpleData name="Modelo_imp">Modelo 4</SimpleData>
            <SimpleData name="Departamen">CAAZAPA</SimpleData>
            <SimpleData name="Distrito">ABAI</SimpleData>
            <SimpleData name="Localidad">COM INDIG YTU</SimpleData>
            <SimpleData name="Teléfono">0983222199</SimpleData>
            <SimpleData name="Vivienda_L">-25.78444090000</SimpleData>
            <SimpleData name="Vivienda_1">-55.59909760000</SimpleData>
            <SimpleData name="Superficie">0.70000000000</SimpleData>
            <SimpleData name="Situaci_1">Par?metro</SimpleData>
            <SimpleData name="Plantado">SI</SimpleData>
            <SimpleData name="Fecha_Plan">2026/01/16</SimpleData>
            <SimpleData name="Jornales">0.00000000000</SimpleData>
            <SimpleData name="Monto">0.00000000000</SimpleData>
            <SimpleData name="Grupo_de_p">B-P3-XX-XX-XX</SimpleData>
            <SimpleData name="Estado_del">Activo</SimpleData>
            <SimpleData name="Empresa">Unique Wood Paraguay SA</SimpleData>
            <SimpleData name="Lote">B</SimpleData>
            <SimpleData name="Parametro">0.00000000000</SimpleData>
            <SimpleData name="Sup_SIG">0.98322547591</SimpleData>
            <SimpleData name="X">-55.60447315000</SimpleData>
            <SimpleData name="Y">-25.77555074000</SimpleData>
            <SimpleData name="cedula">8397971</SimpleData>
          </SchemaData>
        </ExtendedData>
        <Polygon>
          <outerBoundaryIs>
            <LinearRing>
              <coordinates>
                -55.6038362106297,-25.7754318879363,0
                -55.6039824783479,-25.7760587787548,0
                -55.6039917001509,-25.7760982999465,0
                -55.6051550003876,-25.7757316999786,0
                -55.6048236001773,-25.7749494996367,0
                -55.6038349999863,-25.7754267003019,0
                -55.6038362106297,-25.7754318879363,0
              </coordinates>
            </LinearRing>
          </outerBoundaryIs>
        </Polygon>
      </Placemark>
      <Placemark id="Lote_B.159">
        <ExtendedData>
          <SchemaData schemaUrl="#Lote_B.schema">
            <SimpleData name="Cédula">7479620.00000000000</SimpleData>
            <SimpleData name="Nombres_y_">ROSANA DUARTE CHAPARRO</SimpleData>
            <SimpleData name="Sexo">Mujer</SimpleData>
            <SimpleData name="Cambio_de_">NO</SimpleData>
            <SimpleData name="Titular_se">NO</SimpleData>
            <SimpleData name="ci_UNIF">7479620.00000000000</SimpleData>
            <SimpleData name="Situación">NO</SimpleData>
            <SimpleData name="Comunidad">Ind?gena</SimpleData>
            <SimpleData name="Modelo_imp">Modelo 5</SimpleData>
            <SimpleData name="Departamen">CAAZAPA</SimpleData>
            <SimpleData name="Distrito">ABAI</SimpleData>
            <SimpleData name="Localidad"><![CDATA[COM INDIG YPETI - NARA'I]]></SimpleData>
            <SimpleData name="Teléfono">0985516327</SimpleData>
            <SimpleData name="Vivienda_L">-25.80453490000</SimpleData>
            <SimpleData name="Vivienda_1">-55.59442290000</SimpleData>
            <SimpleData name="Superficie">0.70000000000</SimpleData>
            <SimpleData name="Situaci_1">Pol?gono</SimpleData>
            <SimpleData name="Plantado">SI</SimpleData>
            <SimpleData name="Fecha_Plan">2025/11/12</SimpleData>
            <SimpleData name="Jornales">0.00000000000</SimpleData>
            <SimpleData name="Monto">0.00000000000</SimpleData>
            <SimpleData name="Grupo_de_p">B-P1-XX-XX-XX</SimpleData>
            <SimpleData name="Estado_del">Activo</SimpleData>
            <SimpleData name="Empresa">Unique Wood Paraguay SA</SimpleData>
            <SimpleData name="Lote">B</SimpleData>
            <SimpleData name="Parametro">0.00000000000</SimpleData>
            <SimpleData name="Sup_SIG">0.70950734053</SimpleData>
            <SimpleData name="X">-55.59237539000</SimpleData>
            <SimpleData name="Y">-25.79060910000</SimpleData>
            <SimpleData name="cedula">7479620</SimpleData>
          </SchemaData>
        </ExtendedData>
        <Polygon>
          <outerBoundaryIs>
            <LinearRing>
              <coordinates>
                -55.592691917883,-25.7901594793166,0
                -55.5916741997391,-25.7907185000744,0
                -55.5916630660796,-25.7906978282395,0
                -55.5916614002977,-25.7906987005045,0
                -55.5917246508026,-25.7908195416819,0
                -55.5917377999348,-25.7908126999758,0
                -55.5919115199799,-25.791136052731,0
                -55.593069099458,-25.7905090994311,0
                -55.5928398000786,-25.7900821002633,0
                -55.592691917883,-25.7901594793166,0
              </coordinates>
            </LinearRing>
          </outerBoundaryIs>
        </Polygon>
      </Placemark>
      <Placemark id="Lote_B.160">
        <ExtendedData>
          <SchemaData schemaUrl="#Lote_B.schema">
            <SimpleData name="Cédula">1608858.00000000000</SimpleData>
            <SimpleData name="Nombres_y_">FELIPE BAIJUVAGI DUARTE</SimpleData>
            <SimpleData name="Sexo">Hombre</SimpleData>
            <SimpleData name="Cambio_de_">NO</SimpleData>
            <SimpleData name="Titular_se">NO</SimpleData>
            <SimpleData name="ci_UNIF">1608858.00000000000</SimpleData>
            <SimpleData name="Situación">NO</SimpleData>
            <SimpleData name="Comunidad">Ind?gena</SimpleData>
            <SimpleData name="Modelo_imp">Modelo 4</SimpleData>
            <SimpleData name="Departamen">CAAZAPA</SimpleData>
            <SimpleData name="Distrito">ABAI</SimpleData>
            <SimpleData name="Localidad">COM INDIG YPETIMI</SimpleData>
            <SimpleData name="Teléfono">0985556750</SimpleData>
            <SimpleData name="Vivienda_L">-25.94110980000</SimpleData>
            <SimpleData name="Vivienda_1">-55.70524340000</SimpleData>
            <SimpleData name="Superficie">0.70000000000</SimpleData>
            <SimpleData name="Situaci_1">Pol?gono</SimpleData>
            <SimpleData name="Plantado">SI</SimpleData>
            <SimpleData name="Fecha_Plan">2025/09/25</SimpleData>
            <SimpleData name="Jornales">0.00000000000</SimpleData>
            <SimpleData name="Monto">0.00000000000</SimpleData>
            <SimpleData name="Grupo_de_p">B-P1-XX-XX-XX</SimpleData>
            <SimpleData name="Estado_del">Activo</SimpleData>
            <SimpleData name="Empresa">Unique Wood Paraguay SA</SimpleData>
            <SimpleData name="Lote">B</SimpleData>
            <SimpleData name="Parametro">0.00000000000</SimpleData>
            <SimpleData name="Sup_SIG">0.73442547760</SimpleData>
            <SimpleData name="X">-55.73440122000</SimpleData>
            <SimpleData name="Y">-25.95537897000</SimpleData>
            <SimpleData name="cedula">1608858</SimpleData>
          </SchemaData>
        </ExtendedData>
        <Polygon>
          <outerBoundaryIs>
            <LinearRing>
              <coordinates>
                -55.7345468796302,-25.9548735288811,0
                -55.7345472500941,-25.9548744674767,0
                -55.7345172926317,-25.9548813517357,0
                -55.733912086442,-25.9550413616872,0
                -55.7338549614071,-25.955056465274,0
                -55.734216080474,-25.9558525658451,0
                -55.7342382628163,-25.9559014651778,0
                -55.7342811516295,-25.9558879605449,0
                -55.7342734487579,-25.9558693720423,0
                -55.7345908236988,-25.9557904442527,0
                -55.7349632620369,-25.9556731641909,0
                -55.7349605681428,-25.9556679709058,0
                -55.7345482607323,-25.9548731635589,0
                -55.7345468796302,-25.9548735288811,0
              </coordinates>
            </LinearRing>
          </outerBoundaryIs>
        </Polygon>
      </Placemark>
      <Placemark id="Lote_B.161">
        <ExtendedData>
          <SchemaData schemaUrl="#Lote_B.schema">
            <SimpleData name="Cédula">4582184.00000000000</SimpleData>
            <SimpleData name="Nombres_y_">OSVALDO SILVA BENITEZ</SimpleData>
            <SimpleData name="Sexo">Hombre</SimpleData>
            <SimpleData name="Cambio_de_">NO</SimpleData>
            <SimpleData name="Titular_se">NO</SimpleData>
            <SimpleData name="ci_UNIF">4582184.00000000000</SimpleData>
            <SimpleData name="Situación">NO</SimpleData>
            <SimpleData name="Comunidad">Ind?gena</SimpleData>
            <SimpleData name="Modelo_imp">Modelo 5</SimpleData>
            <SimpleData name="Departamen">GUAIRA</SimpleData>
            <SimpleData name="Distrito">PASO YOBAI</SimpleData>
            <SimpleData name="Localidad">COM INDIG ARROYO HU</SimpleData>
            <SimpleData name="Teléfono">0986182662</SimpleData>
            <SimpleData name="Vivienda_L">-25.67212670000</SimpleData>
            <SimpleData name="Vivienda_1">-55.99430670000</SimpleData>
            <SimpleData name="Superficie">0.70000000000</SimpleData>
            <SimpleData name="Situaci_1">Pol?gono</SimpleData>
            <SimpleData name="Plantado">SI</SimpleData>
            <SimpleData name="Fecha_Plan">2025/10/24</SimpleData>
            <SimpleData name="Jornales">0.00000000000</SimpleData>
            <SimpleData name="Monto">0.00000000000</SimpleData>
            <SimpleData name="Grupo_de_p">B-P2-XX-XX-XX</SimpleData>
            <SimpleData name="Estado_del">Activo</SimpleData>
            <SimpleData name="Empresa">Unique Wood Paraguay SA</SimpleData>
            <SimpleData name="Lote">B</SimpleData>
            <SimpleData name="Parametro">0.00000000000</SimpleData>
            <SimpleData name="Sup_SIG">0.71271298878</SimpleData>
            <SimpleData name="X">-55.99695787000</SimpleData>
            <SimpleData name="Y">-25.66813342000</SimpleData>
            <SimpleData name="cedula">4582184</SimpleData>
          </SchemaData>
        </ExtendedData>
        <Polygon>
          <outerBoundaryIs>
            <LinearRing>
              <coordinates>
                -55.9963947004965,-25.6681163998514,0
                -55.9964150924048,-25.66813344944,0
                -55.9964200028847,-25.6681375554674,0
                -55.996428300226,-25.6681282995991,0
                -55.9966008786775,-25.66828878565,0
                -55.9971067000959,-25.6687116998842,0
                -55.9975066997518,-25.6681867002519,0
                -55.9968438004135,-25.6675393004938,0
                -55.9964625864752,-25.6680291658919,0
                -55.9963947004965,-25.6681163998514,0
              </coordinates>
            </LinearRing>
          </outerBoundaryIs>
        </Polygon>
      </Placemark>
      <Placemark id="Lote_B.162">
        <ExtendedData>
          <SchemaData schemaUrl="#Lote_B.schema">
            <SimpleData name="Cédula">5599013.00000000000</SimpleData>
            <SimpleData name="Nombres_y_">MIRTA VILLARREO CHAVEZ</SimpleData>
            <SimpleData name="Sexo">Mujer</SimpleData>
            <SimpleData name="Cambio_de_">NO</SimpleData>
            <SimpleData name="Titular_se">NO</SimpleData>
            <SimpleData name="ci_UNIF">5599013.00000000000</SimpleData>
            <SimpleData name="Situación">NO</SimpleData>
            <SimpleData name="Comunidad">Campesina</SimpleData>
            <SimpleData name="Modelo_imp">Modelo 6</SimpleData>
            <SimpleData name="Departamen">GUAIRA</SimpleData>
            <SimpleData name="Distrito">PASO YOBAI</SimpleData>
            <SimpleData name="Localidad">SAN FRANCISCO I</SimpleData>
            <SimpleData name="Teléfono">0984242539</SimpleData>
            <SimpleData name="Vivienda_L">-25.72021890000</SimpleData>
            <SimpleData name="Vivienda_1">-55.93622970000</SimpleData>
            <SimpleData name="Superficie">0.90000000000</SimpleData>
            <SimpleData name="Situaci_1">Pol?gono</SimpleData>
            <SimpleData name="Plantado">SI</SimpleData>
            <SimpleData name="Fecha_Plan">2025/10/16</SimpleData>
            <SimpleData name="Jornales">0.00000000000</SimpleData>
            <SimpleData name="Monto">0.00000000000</SimpleData>
            <SimpleData name="Grupo_de_p">B-P1-XX-XX-XX</SimpleData>
            <SimpleData name="Estado_del">Activo</SimpleData>
            <SimpleData name="Empresa">Unique Wood Paraguay SA</SimpleData>
            <SimpleData name="Lote">B</SimpleData>
            <SimpleData name="Parametro">0.00000000000</SimpleData>
            <SimpleData name="Sup_SIG">0.90122910518</SimpleData>
            <SimpleData name="X">-55.93471572000</SimpleData>
            <SimpleData name="Y">-25.71964780000</SimpleData>
            <SimpleData name="cedula">5599013</SimpleData>
          </SchemaData>
        </ExtendedData>
        <Polygon>
          <outerBoundaryIs>
            <LinearRing>
              <coordinates>
                -55.9338978002075,-25.719472599875,0
                -55.9351121001381,-25.7202370999611,0
                -55.9355085002356,-25.7197077996187,0
                -55.9342216998322,-25.7191000004469,0
                -55.9338978002075,-25.719472599875,0
              </coordinates>
            </LinearRing>
          </outerBoundaryIs>
        </Polygon>
      </Placemark>
      <Placemark id="Lote_B.163">
        <ExtendedData>
          <SchemaData schemaUrl="#Lote_B.schema">
            <SimpleData name="Cédula">6590468.00000000000</SimpleData>
            <SimpleData name="Nombres_y_">LIDIA KRIPURANGI DUARTE</SimpleData>
            <SimpleData name="Sexo">Mujer</SimpleData>
            <SimpleData name="Cambio_de_">NO</SimpleData>
            <SimpleData name="Titular_se">NO</SimpleData>
            <SimpleData name="ci_UNIF">6590468.00000000000</SimpleData>
            <SimpleData name="Situación">NO</SimpleData>
            <SimpleData name="Comunidad">Ind?gena</SimpleData>
            <SimpleData name="Modelo_imp">Modelo 4</SimpleData>
            <SimpleData name="Departamen">CAAZAPA</SimpleData>
            <SimpleData name="Distrito">ABAI</SimpleData>
            <SimpleData name="Localidad">COM INDIG YPETIMI</SimpleData>
            <SimpleData name="Teléfono">0984670229</SimpleData>
            <SimpleData name="Vivienda_L">-25.94102990000</SimpleData>
            <SimpleData name="Vivienda_1">-55.70498580000</SimpleData>
            <SimpleData name="Superficie">0.70000000000</SimpleData>
            <SimpleData name="Situaci_1">Pol?gono</SimpleData>
            <SimpleData name="Plantado">SI</SimpleData>
            <SimpleData name="Fecha_Plan">2025/10/23</SimpleData>
            <SimpleData name="Jornales">0.00000000000</SimpleData>
            <SimpleData name="Monto">0.00000000000</SimpleData>
            <SimpleData name="Grupo_de_p">B-P1-XX-XX-XX</SimpleData>
            <SimpleData name="Estado_del">Activo</SimpleData>
            <SimpleData name="Empresa">Unique Wood Paraguay SA</SimpleData>
            <SimpleData name="Lote">B</SimpleData>
            <SimpleData name="Parametro">0.00000000000</SimpleData>
            <SimpleData name="Sup_SIG">0.70491874691</SimpleData>
            <SimpleData name="X">-55.72500407000</SimpleData>
            <SimpleData name="Y">-25.95430639000</SimpleData>
            <SimpleData name="cedula">6590468</SimpleData>
          </SchemaData>
        </ExtendedData>
        <Polygon>
          <outerBoundaryIs>
            <LinearRing>
              <coordinates>
                -55.7245222917612,-25.9538605109375,0
                -55.7246142491899,-25.9541483225525,0
                -55.7248063220733,-25.9547494779138,0
                -55.7248227844683,-25.954801002452,0
                -55.7248241930495,-25.9548054108482,0
                -55.7249390442641,-25.9547930790772,0
                -55.7252660045424,-25.9547579705702,0
                -55.7254774056692,-25.9547352695405,0
                -55.7254937931193,-25.9547335096787,0
                -55.7254854026868,-25.9547090732358,0
                -55.7252815321288,-25.9541153166149,0
                -55.7251785919873,-25.9538155099786,0
                -55.7245222917612,-25.9538605109375,0
              </coordinates>
            </LinearRing>
          </outerBoundaryIs>
        </Polygon>
      </Placemark>
      <Placemark id="Lote_B.164">
        <ExtendedData>
          <SchemaData schemaUrl="#Lote_B.schema">
            <SimpleData name="Cédula">7293742.00000000000</SimpleData>
            <SimpleData name="Nombres_y_">SONIA CABRERA</SimpleData>
            <SimpleData name="Sexo">Mujer</SimpleData>
            <SimpleData name="Cambio_de_">NO</SimpleData>
            <SimpleData name="Titular_se">NO</SimpleData>
            <SimpleData name="ci_UNIF">7293742.00000000000</SimpleData>
            <SimpleData name="Situación">NO</SimpleData>
            <SimpleData name="Comunidad">Ind?gena</SimpleData>
            <SimpleData name="Modelo_imp">Modelo 5</SimpleData>
            <SimpleData name="Departamen">CAAZAPA</SimpleData>
            <SimpleData name="Distrito">ABAI</SimpleData>
            <SimpleData name="Localidad">COM INDIG YTU</SimpleData>
            <SimpleData name="Teléfono">0982068013</SimpleData>
            <SimpleData name="Vivienda_L">-25.78426300000</SimpleData>
            <SimpleData name="Vivienda_1">-55.59874290000</SimpleData>
            <SimpleData name="Superficie">0.70000000000</SimpleData>
            <SimpleData name="Situaci_1">Par?metro</SimpleData>
            <SimpleData name="Plantado">SI</SimpleData>
            <SimpleData name="Fecha_Plan">2026/01/14</SimpleData>
            <SimpleData name="Jornales">0.00000000000</SimpleData>
            <SimpleData name="Monto">0.00000000000</SimpleData>
            <SimpleData name="Grupo_de_p">B-P3-XX-XX-XX</SimpleData>
            <SimpleData name="Estado_del">Activo</SimpleData>
            <SimpleData name="Empresa">Unique Wood Paraguay SA</SimpleData>
            <SimpleData name="Lote">B</SimpleData>
            <SimpleData name="Parametro">0.00000000000</SimpleData>
            <SimpleData name="Sup_SIG">0.75451688011</SimpleData>
            <SimpleData name="X">-55.59750939000</SimpleData>
            <SimpleData name="Y">-25.78485843000</SimpleData>
            <SimpleData name="cedula">7293742</SimpleData>
          </SchemaData>
        </ExtendedData>
        <Polygon>
          <outerBoundaryIs>
            <LinearRing>
              <coordinates>
                -55.5969234998825,-25.7848497003767,0
                -55.5972471002085,-25.7854129004018,0
                -55.5977599996038,-25.7851095997226,0
                -55.5979275997137,-25.7849406997829,0
                -55.5981855002344,-25.7848052995863,0
                -55.5976341995573,-25.7843276998661,0
                -55.5969234998825,-25.7848497003767,0
              </coordinates>
            </LinearRing>
          </outerBoundaryIs>
        </Polygon>
      </Placemark>
      <Placemark id="Lote_B.165">
        <ExtendedData>
          <SchemaData schemaUrl="#Lote_B.schema">
            <SimpleData name="Cédula">5451921.00000000000</SimpleData>
            <SimpleData name="Nombres_y_">PERLA KRINANGI</SimpleData>
            <SimpleData name="Sexo">Mujer</SimpleData>
            <SimpleData name="Cambio_de_">NO</SimpleData>
            <SimpleData name="Titular_se">NO</SimpleData>
            <SimpleData name="ci_UNIF">5451921.00000000000</SimpleData>
            <SimpleData name="Situación">NO</SimpleData>
            <SimpleData name="Comunidad">Ind?gena</SimpleData>
            <SimpleData name="Modelo_imp">Modelo 4</SimpleData>
            <SimpleData name="Departamen">CAAZAPA</SimpleData>
            <SimpleData name="Distrito">ABAI</SimpleData>
            <SimpleData name="Localidad">COM INDIG YPETIMI</SimpleData>
            <SimpleData name="Teléfono">0982899504</SimpleData>
            <SimpleData name="Vivienda_L">-25.94149730000</SimpleData>
            <SimpleData name="Vivienda_1">-55.70659140000</SimpleData>
            <SimpleData name="Superficie">0.70000000000</SimpleData>
            <SimpleData name="Situaci_1">Pol?gono</SimpleData>
            <SimpleData name="Plantado">SI</SimpleData>
            <SimpleData name="Fecha_Plan">2025/09/23</SimpleData>
            <SimpleData name="Jornales">0.00000000000</SimpleData>
            <SimpleData name="Monto">0.00000000000</SimpleData>
            <SimpleData name="Grupo_de_p">B-P1-XX-XX-XX</SimpleData>
            <SimpleData name="Estado_del">Activo</SimpleData>
            <SimpleData name="Empresa">Unique Wood Paraguay SA</SimpleData>
            <SimpleData name="Lote">B</SimpleData>
            <SimpleData name="Parametro">0.00000000000</SimpleData>
            <SimpleData name="Sup_SIG">0.75364735551</SimpleData>
            <SimpleData name="X">-55.73223768000</SimpleData>
            <SimpleData name="Y">-25.95395257000</SimpleData>
            <SimpleData name="cedula">5451921</SimpleData>
          </SchemaData>
        </ExtendedData>
        <Polygon>
          <outerBoundaryIs>
            <LinearRing>
              <coordinates>
                -55.7316816110024,-25.9536359845884,0
                -55.7316948504401,-25.9536679514597,0
                -55.7319989390732,-25.9544021517536,0
                -55.7320036233491,-25.9544263432294,0
                -55.7320513223216,-25.9544181702937,0
                -55.7327353177689,-25.9543009704722,0
                -55.7327820521517,-25.954292962198,0
                -55.7327765053372,-25.9542781447554,0
                -55.7327755388506,-25.9542783087417,0
                -55.7327677670891,-25.9542571383005,0
                -55.7327235188834,-25.9541366018385,0
                -55.7324732003474,-25.9534679288463,0
                -55.7316816110024,-25.9536359845884,0
              </coordinates>
            </LinearRing>
          </outerBoundaryIs>
        </Polygon>
      </Placemark>
      <Placemark id="Lote_B.166">
        <ExtendedData>
          <SchemaData schemaUrl="#Lote_B.schema">
            <SimpleData name="Cédula">6204263.00000000000</SimpleData>
            <SimpleData name="Nombres_y_">NANCY GONZALEZ BENITEZ</SimpleData>
            <SimpleData name="Sexo">Mujer</SimpleData>
            <SimpleData name="Cambio_de_">NO</SimpleData>
            <SimpleData name="Titular_se">NO</SimpleData>
            <SimpleData name="ci_UNIF">6204263.00000000000</SimpleData>
            <SimpleData name="Situación">NO</SimpleData>
            <SimpleData name="Comunidad">Ind?gena</SimpleData>
            <SimpleData name="Modelo_imp">Modelo 5</SimpleData>
            <SimpleData name="Departamen">GUAIRA</SimpleData>
            <SimpleData name="Distrito">PASO YOBAI</SimpleData>
            <SimpleData name="Localidad">COM INDIG ARROYO HU</SimpleData>
            <SimpleData name="Teléfono">ND</SimpleData>
            <SimpleData name="Vivienda_L">-25.67249180000</SimpleData>
            <SimpleData name="Vivienda_1">-55.99084000000</SimpleData>
            <SimpleData name="Superficie">0.70000000000</SimpleData>
            <SimpleData name="Situaci_1">Pol?gono</SimpleData>
            <SimpleData name="Plantado">SI</SimpleData>
            <SimpleData name="Fecha_Plan">2025/10/22</SimpleData>
            <SimpleData name="Jornales">0.00000000000</SimpleData>
            <SimpleData name="Monto">0.00000000000</SimpleData>
            <SimpleData name="Grupo_de_p">B-P1-XX-XX-XX</SimpleData>
            <SimpleData name="Estado_del">Activo</SimpleData>
            <SimpleData name="Empresa">Unique Wood Paraguay SA</SimpleData>
            <SimpleData name="Lote">B</SimpleData>
            <SimpleData name="Parametro">0.00000000000</SimpleData>
            <SimpleData name="Sup_SIG">0.75725636786</SimpleData>
            <SimpleData name="X">-55.99105937000</SimpleData>
            <SimpleData name="Y">-25.67190337000</SimpleData>
            <SimpleData name="cedula">6204263</SimpleData>
          </SchemaData>
        </ExtendedData>
        <Polygon>
          <outerBoundaryIs>
            <LinearRing>
              <coordinates>
                -55.9905318397963,-25.6720350180188,0
                -55.9904555999306,-25.6721350996373,0
                -55.9906542994402,-25.6723226005064,0
                -55.9907091451441,-25.6723217663066,0
                -55.9912667001538,-25.6723133000594,0
                -55.9916417003582,-25.6716833000636,0
                -55.9910600000448,-25.6713416994313,0
                -55.9905318397963,-25.6720350180188,0
              </coordinates>
            </LinearRing>
          </outerBoundaryIs>
        </Polygon>
      </Placemark>
      <Placemark id="Lote_B.167">
        <ExtendedData>
          <SchemaData schemaUrl="#Lote_B.schema">
            <SimpleData name="Cédula">7241940.00000000000</SimpleData>
            <SimpleData name="Nombres_y_">ROSALINA NOCHINGI</SimpleData>
            <SimpleData name="Sexo">Mujer</SimpleData>
            <SimpleData name="Cambio_de_">NO</SimpleData>
            <SimpleData name="Titular_se">NO</SimpleData>
            <SimpleData name="ci_UNIF">7241940.00000000000</SimpleData>
            <SimpleData name="Situación">NO</SimpleData>
            <SimpleData name="Comunidad">Ind?gena</SimpleData>
            <SimpleData name="Modelo_imp">Modelo 4</SimpleData>
            <SimpleData name="Departamen">CAAZAPA</SimpleData>
            <SimpleData name="Distrito">ABAI</SimpleData>
            <SimpleData name="Localidad">COM INDIG YPETIMI</SimpleData>
            <SimpleData name="Teléfono">0985365699</SimpleData>
            <SimpleData name="Vivienda_L">-25.94107920000</SimpleData>
            <SimpleData name="Vivienda_1">-55.70493100000</SimpleData>
            <SimpleData name="Superficie">0.70000000000</SimpleData>
            <SimpleData name="Situaci_1">Pol?gono</SimpleData>
            <SimpleData name="Plantado">SI</SimpleData>
            <SimpleData name="Fecha_Plan">2025/09/23</SimpleData>
            <SimpleData name="Jornales">0.00000000000</SimpleData>
            <SimpleData name="Monto">0.00000000000</SimpleData>
            <SimpleData name="Grupo_de_p">B-P1-XX-XX-XX</SimpleData>
            <SimpleData name="Estado_del">Activo</SimpleData>
            <SimpleData name="Empresa">Unique Wood Paraguay SA</SimpleData>
            <SimpleData name="Lote">B</SimpleData>
            <SimpleData name="Parametro">0.00000000000</SimpleData>
            <SimpleData name="Sup_SIG">0.70169200836</SimpleData>
            <SimpleData name="X">-55.73346747000</SimpleData>
            <SimpleData name="Y">-25.95653909000</SimpleData>
            <SimpleData name="cedula">7241940</SimpleData>
          </SchemaData>
        </ExtendedData>
        <Polygon>
          <outerBoundaryIs>
            <LinearRing>
              <coordinates>
                -55.7332684576093,-25.9569318013244,0
                -55.7333016503472,-25.9570108468261,0
                -55.7333512417514,-25.9570025898323,0
                -55.7339939654455,-25.9568955777671,0
                -55.7340746479968,-25.9568821445715,0
                -55.7335350475038,-25.9560618452675,0
                -55.7335085978752,-25.9560644605979,0
                -55.7329283472687,-25.9561218475801,0
                -55.7331024234927,-25.9565364015497,0
                -55.7332580030188,-25.9569069048302,0
                -55.7332684576093,-25.9569318013244,0
              </coordinates>
            </LinearRing>
          </outerBoundaryIs>
        </Polygon>
      </Placemark>
      <Placemark id="Lote_B.168">
        <ExtendedData>
          <SchemaData schemaUrl="#Lote_B.schema">
            <SimpleData name="Cédula">7991872.00000000000</SimpleData>
            <SimpleData name="Nombres_y_">MARIA BRITEZ MARTINEZ</SimpleData>
            <SimpleData name="Sexo">Mujer</SimpleData>
            <SimpleData name="Cambio_de_">NO</SimpleData>
            <SimpleData name="Titular_se">NO</SimpleData>
            <SimpleData name="ci_UNIF">7991872.00000000000</SimpleData>
            <SimpleData name="Situación">NO</SimpleData>
            <SimpleData name="Comunidad">Ind?gena</SimpleData>
            <SimpleData name="Modelo_imp">Modelo 4</SimpleData>
            <SimpleData name="Departamen">CAAZAPA</SimpleData>
            <SimpleData name="Distrito">ABAI</SimpleData>
            <SimpleData name="Localidad"><![CDATA[COM INDIG YPETI - NARA'I]]></SimpleData>
            <SimpleData name="Teléfono">0986135659</SimpleData>
            <SimpleData name="Vivienda_L">-25.80352470000</SimpleData>
            <SimpleData name="Vivienda_1">-55.59536380000</SimpleData>
            <SimpleData name="Superficie">0.70000000000</SimpleData>
            <SimpleData name="Situaci_1">Pol?gono</SimpleData>
            <SimpleData name="Plantado">SI</SimpleData>
            <SimpleData name="Fecha_Plan">2025/11/12</SimpleData>
            <SimpleData name="Jornales">0.00000000000</SimpleData>
            <SimpleData name="Monto">0.00000000000</SimpleData>
            <SimpleData name="Grupo_de_p">B-P1-XX-XX-XX</SimpleData>
            <SimpleData name="Estado_del">Activo</SimpleData>
            <SimpleData name="Empresa">Unique Wood Paraguay SA</SimpleData>
            <SimpleData name="Lote">B</SimpleData>
            <SimpleData name="Parametro">0.00000000000</SimpleData>
            <SimpleData name="Sup_SIG">0.72158921430</SimpleData>
            <SimpleData name="X">-55.58975727000</SimpleData>
            <SimpleData name="Y">-25.79850201000</SimpleData>
            <SimpleData name="cedula">7991872</SimpleData>
          </SchemaData>
        </ExtendedData>
        <Polygon>
          <outerBoundaryIs>
            <LinearRing>
              <coordinates>
                -55.589693901385,-25.7991505361372,0
                -55.5897355474658,-25.799200507801,0
                -55.5902253467605,-25.7983391071339,0
                -55.5897954480263,-25.7978040069432,0
                -55.5893020472027,-25.7986212223754,0
                -55.5892813474035,-25.7986555073198,0
                -55.589693901385,-25.7991505361372,0
              </coordinates>
            </LinearRing>
          </outerBoundaryIs>
        </Polygon>
      </Placemark>
      <Placemark id="Lote_B.169">
        <ExtendedData>
          <SchemaData schemaUrl="#Lote_B.schema">
            <SimpleData name="Cédula">6774396.00000000000</SimpleData>
            <SimpleData name="Nombres_y_">ESTELVINA FARI?A BENITEZ</SimpleData>
            <SimpleData name="Sexo">Mujer</SimpleData>
            <SimpleData name="Cambio_de_">NO</SimpleData>
            <SimpleData name="Titular_se">NO</SimpleData>
            <SimpleData name="ci_UNIF">6774396.00000000000</SimpleData>
            <SimpleData name="Situación">NO</SimpleData>
            <SimpleData name="Comunidad">Ind?gena</SimpleData>
            <SimpleData name="Modelo_imp">Modelo 5</SimpleData>
            <SimpleData name="Departamen">CAAZAPA</SimpleData>
            <SimpleData name="Distrito">ABAI</SimpleData>
            <SimpleData name="Localidad">COM INDIG YKUA PORA</SimpleData>
            <SimpleData name="Teléfono">0983961153</SimpleData>
            <SimpleData name="Vivienda_L">-25.81895840000</SimpleData>
            <SimpleData name="Vivienda_1">-55.66469740000</SimpleData>
            <SimpleData name="Superficie">0.70000000000</SimpleData>
            <SimpleData name="Situaci_1">Pol?gono</SimpleData>
            <SimpleData name="Plantado">SI</SimpleData>
            <SimpleData name="Fecha_Plan">2025/10/30</SimpleData>
            <SimpleData name="Jornales">0.00000000000</SimpleData>
            <SimpleData name="Monto">0.00000000000</SimpleData>
            <SimpleData name="Grupo_de_p">B-P2-XX-XX-XX</SimpleData>
            <SimpleData name="Estado_del">Activo</SimpleData>
            <SimpleData name="Empresa">Unique Wood Paraguay SA</SimpleData>
            <SimpleData name="Lote">B</SimpleData>
            <SimpleData name="Parametro">0.00000000000</SimpleData>
            <SimpleData name="Sup_SIG">0.69733201177</SimpleData>
            <SimpleData name="X">-55.66529287000</SimpleData>
            <SimpleData name="Y">-25.81795721000</SimpleData>
            <SimpleData name="cedula">6774396</SimpleData>
          </SchemaData>
        </ExtendedData>
        <MultiGeometry>
          <Polygon>
            <outerBoundaryIs>
              <LinearRing>
                <coordinates>
                  -55.6657933002479,-25.8187869001605,0
                  -55.6662991001552,-25.8181257003877,0
                  -55.6659483003283,-25.8179032996933,0
                  -55.6655318998911,-25.8184958002078,0
                  -55.6657933002479,-25.8187869001605,0
                </coordinates>
              </LinearRing>
            </outerBoundaryIs>
          </Polygon>
          <Polygon>
            <outerBoundaryIs>
              <LinearRing>
                <coordinates>
                  -55.6652734999522,-25.8184003003347,0
                  -55.6656680001985,-25.8177361998688,0
                  -55.6654534003518,-25.8175311996775,0
                  -55.6648717997511,-25.8180507002705,0
                  -55.6652734999522,-25.8184003003347,0
                </coordinates>
              </LinearRing>
            </outerBoundaryIs>
          </Polygon>
        </MultiGeometry>
      </Placemark>
      <Placemark id="Lote_B.170">
        <ExtendedData>
          <SchemaData schemaUrl="#Lote_B.schema">
            <SimpleData name="Cédula">6753993.00000000000</SimpleData>
            <SimpleData name="Nombres_y_">MARINO CENTURION NU?EZ</SimpleData>
            <SimpleData name="Sexo">Hombre</SimpleData>
            <SimpleData name="Cambio_de_">NO</SimpleData>
            <SimpleData name="Titular_se">NO</SimpleData>
            <SimpleData name="ci_UNIF">6753993.00000000000</SimpleData>
            <SimpleData name="Situación">NO</SimpleData>
            <SimpleData name="Comunidad">Ind?gena</SimpleData>
            <SimpleData name="Modelo_imp">Modelo 4</SimpleData>
            <SimpleData name="Departamen">CAAZAPA</SimpleData>
            <SimpleData name="Distrito">ABAI</SimpleData>
            <SimpleData name="Localidad">COM INDIG YTU</SimpleData>
            <SimpleData name="Teléfono">0981739962</SimpleData>
            <SimpleData name="Vivienda_L">-25.78477530000</SimpleData>
            <SimpleData name="Vivienda_1">-55.59970550000</SimpleData>
            <SimpleData name="Superficie">0.70000000000</SimpleData>
            <SimpleData name="Situaci_1">Par?metro</SimpleData>
            <SimpleData name="Plantado">SI</SimpleData>
            <SimpleData name="Fecha_Plan">2026/01/16</SimpleData>
            <SimpleData name="Jornales">0.00000000000</SimpleData>
            <SimpleData name="Monto">0.00000000000</SimpleData>
            <SimpleData name="Grupo_de_p">B-P3-XX-XX-XX</SimpleData>
            <SimpleData name="Estado_del">Activo</SimpleData>
            <SimpleData name="Empresa">Unique Wood Paraguay SA</SimpleData>
            <SimpleData name="Lote">B</SimpleData>
            <SimpleData name="Parametro">0.00000000000</SimpleData>
            <SimpleData name="Sup_SIG">1.01861791300</SimpleData>
            <SimpleData name="X">-55.60303192000</SimpleData>
            <SimpleData name="Y">-25.77531229000</SimpleData>
            <SimpleData name="cedula">6753993</SimpleData>
          </SchemaData>
        </ExtendedData>
        <Polygon>
          <outerBoundaryIs>
            <LinearRing>
              <coordinates>
                -55.6026536059466,-25.7758653787906,0
                -55.6034392146038,-25.7755774103802,0
                -55.6037882998187,-25.7754149999893,0
                -55.6037502655196,-25.7753580139023,0
                -55.6033509653415,-25.7747597457791,0
                -55.6033500000821,-25.7747583000853,0
                -55.6023082998259,-25.7751732998918,0
                -55.6026536059466,-25.7758653787906,0
              </coordinates>
            </LinearRing>
          </outerBoundaryIs>
        </Polygon>
      </Placemark>
      <Placemark id="Lote_B.171">
        <ExtendedData>
          <SchemaData schemaUrl="#Lote_B.schema">
            <SimpleData name="Cédula">5451965.00000000000</SimpleData>
            <SimpleData name="Nombres_y_">ROSALBA JOKUCHANGI</SimpleData>
            <SimpleData name="Sexo">Mujer</SimpleData>
            <SimpleData name="Cambio_de_">NO</SimpleData>
            <SimpleData name="Titular_se">NO</SimpleData>
            <SimpleData name="ci_UNIF">5451965.00000000000</SimpleData>
            <SimpleData name="Situación">NO</SimpleData>
            <SimpleData name="Comunidad">Ind?gena</SimpleData>
            <SimpleData name="Modelo_imp">Modelo 4</SimpleData>
            <SimpleData name="Departamen">CAAZAPA</SimpleData>
            <SimpleData name="Distrito">ABAI</SimpleData>
            <SimpleData name="Localidad">COM INDIG YPETIMI</SimpleData>
            <SimpleData name="Teléfono">0982235524</SimpleData>
            <SimpleData name="Vivienda_L">-25.94111080000</SimpleData>
            <SimpleData name="Vivienda_1">-55.70490540000</SimpleData>
            <SimpleData name="Superficie">0.70000000000</SimpleData>
            <SimpleData name="Situaci_1">Pol?gono</SimpleData>
            <SimpleData name="Plantado">SI</SimpleData>
            <SimpleData name="Fecha_Plan">2025/09/23</SimpleData>
            <SimpleData name="Jornales">0.00000000000</SimpleData>
            <SimpleData name="Monto">0.00000000000</SimpleData>
            <SimpleData name="Grupo_de_p">B-P1-XX-XX-XX</SimpleData>
            <SimpleData name="Estado_del">Activo</SimpleData>
            <SimpleData name="Empresa">Unique Wood Paraguay SA</SimpleData>
            <SimpleData name="Lote">B</SimpleData>
            <SimpleData name="Parametro">0.00000000000</SimpleData>
            <SimpleData name="Sup_SIG">0.71397166341</SimpleData>
            <SimpleData name="X">-55.73088835000</SimpleData>
            <SimpleData name="Y">-25.95446187000</SimpleData>
            <SimpleData name="cedula">5451965</SimpleData>
          </SchemaData>
        </ExtendedData>
        <Polygon>
          <outerBoundaryIs>
            <LinearRing>
              <coordinates>
                -55.7310331311798,-25.9538926459111,0
                -55.7310336451427,-25.9538938900345,0
                -55.7310397385965,-25.9539086518376,0
                -55.7310412035527,-25.9539122011568,0
                -55.7310596906908,-25.9539535026375,0
                -55.7305574829473,-25.9541136473499,0
                -55.7304459108357,-25.9541601113629,0
                -55.7304091909319,-25.9541754033432,0
                -55.7306686035955,-25.9549633802585,0
                -55.7306749821357,-25.9549827545472,0
                -55.7306807919602,-25.95500040301,0
                -55.7307043319112,-25.9549930669388,0
                -55.7313044964841,-25.9548060310013,0
                -55.7313473806939,-25.9547926671363,0
                -55.7313491923789,-25.9547921024755,0
                -55.731349081828,-25.9547917015424,0
                -55.7313441608793,-25.9547737611445,0
                -55.7313318399919,-25.9547807523272,0
                -55.7313295448224,-25.9547710816074,0
                -55.7312405076196,-25.9543959012989,0
                -55.7311236397257,-25.953903451776,0
                -55.731106718204,-25.9538835065956,0
                -55.7310825418724,-25.9538865088798,0
                -55.7310561514998,-25.9538897869892,0
                -55.7310331311798,-25.9538926459111,0
              </coordinates>
            </LinearRing>
          </outerBoundaryIs>
        </Polygon>
      </Placemark>
      <Placemark id="Lote_B.172">
        <ExtendedData>
          <SchemaData schemaUrl="#Lote_B.schema">
            <SimpleData name="Cédula">5312873.00000000000</SimpleData>
            <SimpleData name="Nombres_y_">NELIDA ESCOBAR CHAVEZ</SimpleData>
            <SimpleData name="Sexo">Mujer</SimpleData>
            <SimpleData name="Cambio_de_">NO</SimpleData>
            <SimpleData name="Titular_se">NO</SimpleData>
            <SimpleData name="ci_UNIF">5312873.00000000000</SimpleData>
            <SimpleData name="Situación">NO</SimpleData>
            <SimpleData name="Comunidad">Campesina</SimpleData>
            <SimpleData name="Modelo_imp">Modelo 6</SimpleData>
            <SimpleData name="Departamen">GUAIRA</SimpleData>
            <SimpleData name="Distrito">PASO YOBAI</SimpleData>
            <SimpleData name="Localidad">3 DE NOVIEMBRE</SimpleData>
            <SimpleData name="Teléfono">0983148130</SimpleData>
            <SimpleData name="Vivienda_L">-25.72740170000</SimpleData>
            <SimpleData name="Vivienda_1">-55.89667170000</SimpleData>
            <SimpleData name="Superficie">0.90000000000</SimpleData>
            <SimpleData name="Situaci_1">Pol?gono</SimpleData>
            <SimpleData name="Plantado">SI</SimpleData>
            <SimpleData name="Fecha_Plan">2025/10/15</SimpleData>
            <SimpleData name="Jornales">0.00000000000</SimpleData>
            <SimpleData name="Monto">0.00000000000</SimpleData>
            <SimpleData name="Grupo_de_p">B-P2-XX-XX-XX</SimpleData>
            <SimpleData name="Estado_del">Activo</SimpleData>
            <SimpleData name="Empresa">Unique Wood Paraguay SA</SimpleData>
            <SimpleData name="Lote">B</SimpleData>
            <SimpleData name="Parametro">0.00000000000</SimpleData>
            <SimpleData name="Sup_SIG">0.94968077730</SimpleData>
            <SimpleData name="X">-55.89301460000</SimpleData>
            <SimpleData name="Y">-25.72636813000</SimpleData>
            <SimpleData name="cedula">5312873</SimpleData>
          </SchemaData>
        </ExtendedData>
        <MultiGeometry>
          <Polygon>
            <outerBoundaryIs>
              <LinearRing>
                <coordinates>
                  -55.8928383005261,-25.7273616999551,0
                  -55.8934982998111,-25.7267200004357,0
                  -55.8931749998655,-25.7266399998535,0
                  -55.8925282996617,-25.7272800003645,0
                  -55.8928383005261,-25.7273616999551,0
                </coordinates>
              </LinearRing>
            </outerBoundaryIs>
          </Polygon>
          <Polygon>
            <outerBoundaryIs>
              <LinearRing>
                <coordinates>
                  -55.8930517000763,-25.7266016996586,0
                  -55.8935801003458,-25.7257541997506,0
                  -55.893052100375,-25.7255729003602,0
                  -55.8924155001225,-25.726426800057,0
                  -55.8930517000763,-25.7266016996586,0
                </coordinates>
              </LinearRing>
            </outerBoundaryIs>
          </Polygon>
        </MultiGeometry>
      </Placemark>
      <Placemark id="Lote_B.173">
        <ExtendedData>
          <SchemaData schemaUrl="#Lote_B.schema">
            <SimpleData name="Cédula">7894175.00000000000</SimpleData>
            <SimpleData name="Nombres_y_">HECTOR VILLALBA FERNANDEZ</SimpleData>
            <SimpleData name="Sexo">Hombre</SimpleData>
            <SimpleData name="Cambio_de_">NO</SimpleData>
            <SimpleData name="Titular_se">NO</SimpleData>
            <SimpleData name="ci_UNIF">7894175.00000000000</SimpleData>
            <SimpleData name="Situación">NO</SimpleData>
            <SimpleData name="Comunidad">Ind?gena</SimpleData>
            <SimpleData name="Modelo_imp">Modelo 5</SimpleData>
            <SimpleData name="Departamen">CAAZAPA</SimpleData>
            <SimpleData name="Distrito">ABAI</SimpleData>
            <SimpleData name="Localidad"><![CDATA[COM INDIG YPETI - NARA'I]]></SimpleData>
            <SimpleData name="Teléfono">ND</SimpleData>
            <SimpleData name="Vivienda_L">-25.80800050000</SimpleData>
            <SimpleData name="Vivienda_1">-55.58262720000</SimpleData>
            <SimpleData name="Superficie">0.70000000000</SimpleData>
            <SimpleData name="Situaci_1">Pol?gono</SimpleData>
            <SimpleData name="Plantado">SI</SimpleData>
            <SimpleData name="Fecha_Plan">2025/11/12</SimpleData>
            <SimpleData name="Jornales">0.00000000000</SimpleData>
            <SimpleData name="Monto">0.00000000000</SimpleData>
            <SimpleData name="Grupo_de_p">B-P1-XX-XX-XX</SimpleData>
            <SimpleData name="Estado_del">Activo</SimpleData>
            <SimpleData name="Empresa">Unique Wood Paraguay SA</SimpleData>
            <SimpleData name="Lote">B</SimpleData>
            <SimpleData name="Parametro">0.00000000000</SimpleData>
            <SimpleData name="Sup_SIG">0.71450269133</SimpleData>
            <SimpleData name="X">-55.59098495000</SimpleData>
            <SimpleData name="Y">-25.79020303000</SimpleData>
            <SimpleData name="cedula">7894175</SimpleData>
          </SchemaData>
        </ExtendedData>
        <Polygon>
          <outerBoundaryIs>
            <LinearRing>
              <coordinates>
                -55.590277900457,-25.790242700244,0
                -55.5905049000743,-25.790714899673,0
                -55.5917197006358,-25.7900946998196,0
                -55.5915221006633,-25.7897182000523,0
                -55.590277900457,-25.790242700244,0
              </coordinates>
            </LinearRing>
          </outerBoundaryIs>
        </Polygon>
      </Placemark>
      <Placemark id="Lote_B.174">
        <ExtendedData>
          <SchemaData schemaUrl="#Lote_B.schema">
            <SimpleData name="Cédula">7277352.00000000000</SimpleData>
            <SimpleData name="Nombres_y_">SEVERIANA KRYTAPURANGI</SimpleData>
            <SimpleData name="Sexo">Mujer</SimpleData>
            <SimpleData name="Cambio_de_">NO</SimpleData>
            <SimpleData name="Titular_se">NO</SimpleData>
            <SimpleData name="ci_UNIF">7277352.00000000000</SimpleData>
            <SimpleData name="Situación">NO</SimpleData>
            <SimpleData name="Comunidad">Ind?gena</SimpleData>
            <SimpleData name="Modelo_imp">Modelo 4</SimpleData>
            <SimpleData name="Departamen">CAAZAPA</SimpleData>
            <SimpleData name="Distrito">ABAI</SimpleData>
            <SimpleData name="Localidad">COM INDIG YPETIMI</SimpleData>
            <SimpleData name="Teléfono">0986451472</SimpleData>
            <SimpleData name="Vivienda_L">-25.94123090000</SimpleData>
            <SimpleData name="Vivienda_1">-55.70488800000</SimpleData>
            <SimpleData name="Superficie">0.70000000000</SimpleData>
            <SimpleData name="Situaci_1">Pol?gono</SimpleData>
            <SimpleData name="Plantado">SI</SimpleData>
            <SimpleData name="Fecha_Plan">2025/10/12</SimpleData>
            <SimpleData name="Jornales">0.00000000000</SimpleData>
            <SimpleData name="Monto">0.00000000000</SimpleData>
            <SimpleData name="Grupo_de_p">B-P1-XX-XX-XX</SimpleData>
            <SimpleData name="Estado_del">Activo</SimpleData>
            <SimpleData name="Empresa">Unique Wood Paraguay SA</SimpleData>
            <SimpleData name="Lote">B</SimpleData>
            <SimpleData name="Parametro">0.00000000000</SimpleData>
            <SimpleData name="Sup_SIG">0.71052347174</SimpleData>
            <SimpleData name="X">-55.73122695000</SimpleData>
            <SimpleData name="Y">-25.95534587000</SimpleData>
            <SimpleData name="cedula">7277352</SimpleData>
          </SchemaData>
        </ExtendedData>
        <Polygon>
          <outerBoundaryIs>
            <LinearRing>
              <coordinates>
                -55.7308992002944,-25.9554725492963,0
                -55.73104388353,-25.9558285479044,0
                -55.7310041637407,-25.9558413570611,0
                -55.7310082030642,-25.9558555501191,0
                -55.7310256221273,-25.9559167546856,0
                -55.7310593120233,-25.9559096980261,0
                -55.7310653677494,-25.9559084302262,0
                -55.7310688922717,-25.9559153110703,0
                -55.7310821038009,-25.9559090960496,0
                -55.7317115253488,-25.9556130506597,0
                -55.7317317671202,-25.9556035295158,0
                -55.7317226871397,-25.9555833876532,0
                -55.7317186666952,-25.9555851292516,0
                -55.7316715199767,-25.9554698984686,0
                -55.7313717649923,-25.9548050296029,0
                -55.7307640665534,-25.954997730193,0
                -55.7308130075284,-25.9551696960745,0
                -55.7308992002944,-25.9554725492963,0
              </coordinates>
            </LinearRing>
          </outerBoundaryIs>
        </Polygon>
      </Placemark>
      <Placemark id="Lote_B.175">
        <ExtendedData>
          <SchemaData schemaUrl="#Lote_B.schema">
            <SimpleData name="Cédula">6204319.00000000000</SimpleData>
            <SimpleData name="Nombres_y_">ZUNILDA GALEANO BENITEZ</SimpleData>
            <SimpleData name="Sexo">Mujer</SimpleData>
            <SimpleData name="Cambio_de_">NO</SimpleData>
            <SimpleData name="Titular_se">NO</SimpleData>
            <SimpleData name="ci_UNIF">6204319.00000000000</SimpleData>
            <SimpleData name="Situación">NO</SimpleData>
            <SimpleData name="Comunidad">Ind?gena</SimpleData>
            <SimpleData name="Modelo_imp">Modelo 4</SimpleData>
            <SimpleData name="Departamen">GUAIRA</SimpleData>
            <SimpleData name="Distrito">PASO YOBAI</SimpleData>
            <SimpleData name="Localidad">COM INDIG YRYVU KUA - NARANJITO</SimpleData>
            <SimpleData name="Teléfono">0987281598</SimpleData>
            <SimpleData name="Vivienda_L">-25.67383530000</SimpleData>
            <SimpleData name="Vivienda_1">-55.96646320000</SimpleData>
            <SimpleData name="Superficie">0.70000000000</SimpleData>
            <SimpleData name="Situaci_1">Pol?gono</SimpleData>
            <SimpleData name="Plantado">SI</SimpleData>
            <SimpleData name="Fecha_Plan">2025/10/02</SimpleData>
            <SimpleData name="Jornales">0.00000000000</SimpleData>
            <SimpleData name="Monto">0.00000000000</SimpleData>
            <SimpleData name="Grupo_de_p">B-P1-XX-XX-XX</SimpleData>
            <SimpleData name="Estado_del">Activo</SimpleData>
            <SimpleData name="Empresa">Unique Wood Paraguay SA</SimpleData>
            <SimpleData name="Lote">B</SimpleData>
            <SimpleData name="Parametro">0.00000000000</SimpleData>
            <SimpleData name="Sup_SIG">0.71013527621</SimpleData>
            <SimpleData name="X">-55.96621534000</SimpleData>
            <SimpleData name="Y">-25.67495830000</SimpleData>
            <SimpleData name="cedula">6204319</SimpleData>
          </SchemaData>
        </ExtendedData>
        <Polygon>
          <outerBoundaryIs>
            <LinearRing>
              <coordinates>
                -55.9660655005301,-25.6755113006736,0
                -55.9666952004683,-25.6755863004011,0
                -55.966261400133,-25.6743712003632,0
                -55.9658137000169,-25.6741942005159,0
                -55.9660655005301,-25.6755113006736,0
              </coordinates>
            </LinearRing>
          </outerBoundaryIs>
        </Polygon>
      </Placemark>
      <Placemark id="Lote_B.176">
        <ExtendedData>
          <SchemaData schemaUrl="#Lote_B.schema">
            <SimpleData name="Cédula">7043918.00000000000</SimpleData>
            <SimpleData name="Nombres_y_">CAROLINA BRIZUELA ORTIZ</SimpleData>
            <SimpleData name="Sexo">Mujer</SimpleData>
            <SimpleData name="Cambio_de_">NO</SimpleData>
            <SimpleData name="Titular_se">NO</SimpleData>
            <SimpleData name="ci_UNIF">7043918.00000000000</SimpleData>
            <SimpleData name="Situación">NO</SimpleData>
            <SimpleData name="Comunidad">Campesina</SimpleData>
            <SimpleData name="Modelo_imp">Modelo 4</SimpleData>
            <SimpleData name="Departamen">GUAIRA</SimpleData>
            <SimpleData name="Distrito">PASO YOBAI</SimpleData>
            <SimpleData name="Localidad">PIKYRY</SimpleData>
            <SimpleData name="Teléfono">0985705924</SimpleData>
            <SimpleData name="Vivienda_L">-25.77435170000</SimpleData>
            <SimpleData name="Vivienda_1">-55.87337330000</SimpleData>
            <SimpleData name="Superficie">0.70000000000</SimpleData>
            <SimpleData name="Situaci_1">Pol?gono</SimpleData>
            <SimpleData name="Plantado">SI</SimpleData>
            <SimpleData name="Fecha_Plan">2025/10/25</SimpleData>
            <SimpleData name="Jornales">0.00000000000</SimpleData>
            <SimpleData name="Monto">0.00000000000</SimpleData>
            <SimpleData name="Grupo_de_p">B-P1-XX-XX-XX</SimpleData>
            <SimpleData name="Estado_del">Activo</SimpleData>
            <SimpleData name="Empresa">Unique Wood Paraguay SA</SimpleData>
            <SimpleData name="Lote">B</SimpleData>
            <SimpleData name="Parametro">0.00000000000</SimpleData>
            <SimpleData name="Sup_SIG">0.70606494179</SimpleData>
            <SimpleData name="X">-55.88129597000</SimpleData>
            <SimpleData name="Y">-25.77791478000</SimpleData>
            <SimpleData name="cedula">7043918</SimpleData>
          </SchemaData>
        </ExtendedData>
        <Polygon>
          <outerBoundaryIs>
            <LinearRing>
              <coordinates>
                -55.8806967003711,-25.7782449999773,0
                -55.8812142994638,-25.7784231000917,0
                -55.8819483002105,-25.7777016998739,0
                -55.8812617004467,-25.7773866992024,0
                -55.8806967003711,-25.7782449999773,0
              </coordinates>
            </LinearRing>
          </outerBoundaryIs>
        </Polygon>
      </Placemark>
      <Placemark id="Lote_B.177">
        <ExtendedData>
          <SchemaData schemaUrl="#Lote_B.schema">
            <SimpleData name="Cédula">5532534.00000000000</SimpleData>
            <SimpleData name="Nombres_y_">ADOLFINA MELGAREJO SAMANIEGO</SimpleData>
            <SimpleData name="Sexo">Mujer</SimpleData>
            <SimpleData name="Cambio_de_">NO</SimpleData>
            <SimpleData name="Titular_se">NO</SimpleData>
            <SimpleData name="ci_UNIF">5532534.00000000000</SimpleData>
            <SimpleData name="Situación">NO</SimpleData>
            <SimpleData name="Comunidad">Campesina</SimpleData>
            <SimpleData name="Modelo_imp">Modelo 6</SimpleData>
            <SimpleData name="Departamen">GUAIRA</SimpleData>
            <SimpleData name="Distrito">PASO YOBAI</SimpleData>
            <SimpleData name="Localidad">SAN FRANCISCO I</SimpleData>
            <SimpleData name="Teléfono">0982072803</SimpleData>
            <SimpleData name="Vivienda_L">-25.64285390000</SimpleData>
            <SimpleData name="Vivienda_1">-55.92767960000</SimpleData>
            <SimpleData name="Superficie">0.90000000000</SimpleData>
            <SimpleData name="Situaci_1">Pol?gono</SimpleData>
            <SimpleData name="Plantado">SI</SimpleData>
            <SimpleData name="Fecha_Plan">2025/10/06</SimpleData>
            <SimpleData name="Jornales">0.00000000000</SimpleData>
            <SimpleData name="Monto">0.00000000000</SimpleData>
            <SimpleData name="Grupo_de_p">B-P1-XX-XX-XX</SimpleData>
            <SimpleData name="Estado_del">Activo</SimpleData>
            <SimpleData name="Empresa">Unique Wood Paraguay SA</SimpleData>
            <SimpleData name="Lote">B</SimpleData>
            <SimpleData name="Parametro">0.00000000000</SimpleData>
            <SimpleData name="Sup_SIG">0.92081206741</SimpleData>
            <SimpleData name="X">-55.93320509000</SimpleData>
            <SimpleData name="Y">-25.71132911000</SimpleData>
            <SimpleData name="cedula">5532534</SimpleData>
          </SchemaData>
        </ExtendedData>
        <MultiGeometry>
          <Polygon>
            <outerBoundaryIs>
              <LinearRing>
                <coordinates>
                  -55.9330603004142,-25.7118158999181,0
                  -55.9338199996521,-25.7110367005157,0
                  -55.9331450002193,-25.7108833003825,0
                  -55.9326803995387,-25.7117354997574,0
                  -55.9330603004142,-25.7118158999181,0
                </coordinates>
              </LinearRing>
            </outerBoundaryIs>
          </Polygon>
          <Polygon>
            <outerBoundaryIs>
              <LinearRing>
                <coordinates>
                  -55.934716200652,-25.7092340998909,0
                  -55.9351449998472,-25.7087264006751,0
                  -55.93467999976,-25.7085665002691,0
                  -55.9341839999156,-25.7090595001696,0
                  -55.934716200652,-25.7092340998909,0
                </coordinates>
              </LinearRing>
            </outerBoundaryIs>
          </Polygon>
        </MultiGeometry>
      </Placemark>
      <Placemark id="Lote_B.178">
        <ExtendedData>
          <SchemaData schemaUrl="#Lote_B.schema">
            <SimpleData name="Cédula">6204298.00000000000</SimpleData>
            <SimpleData name="Nombres_y_">MARIA SOLEDAD BENITEZ RAMIREZ</SimpleData>
            <SimpleData name="Sexo">Mujer</SimpleData>
            <SimpleData name="Cambio_de_">NO</SimpleData>
            <SimpleData name="Titular_se">NO</SimpleData>
            <SimpleData name="ci_UNIF">6204298.00000000000</SimpleData>
            <SimpleData name="Situación">NO</SimpleData>
            <SimpleData name="Comunidad">Ind?gena</SimpleData>
            <SimpleData name="Modelo_imp">Modelo 5</SimpleData>
            <SimpleData name="Departamen">GUAIRA</SimpleData>
            <SimpleData name="Distrito">PASO YOBAI</SimpleData>
            <SimpleData name="Localidad">COM INDIG ARROYO HU</SimpleData>
            <SimpleData name="Teléfono">0992945156</SimpleData>
            <SimpleData name="Vivienda_L">-25.67431250000</SimpleData>
            <SimpleData name="Vivienda_1">-55.99284110000</SimpleData>
            <SimpleData name="Superficie">0.70000000000</SimpleData>
            <SimpleData name="Situaci_1">Pol?gono</SimpleData>
            <SimpleData name="Plantado">SI</SimpleData>
            <SimpleData name="Fecha_Plan">2025/10/22</SimpleData>
            <SimpleData name="Jornales">0.00000000000</SimpleData>
            <SimpleData name="Monto">0.00000000000</SimpleData>
            <SimpleData name="Grupo_de_p">B-P1-XX-XX-XX</SimpleData>
            <SimpleData name="Estado_del">Activo</SimpleData>
            <SimpleData name="Empresa">Unique Wood Paraguay SA</SimpleData>
            <SimpleData name="Lote">B</SimpleData>
            <SimpleData name="Parametro">0.00000000000</SimpleData>
            <SimpleData name="Sup_SIG">0.73076501225</SimpleData>
            <SimpleData name="X">-55.99336640000</SimpleData>
            <SimpleData name="Y">-25.67307683000</SimpleData>
            <SimpleData name="cedula">6204298</SimpleData>
          </SchemaData>
        </ExtendedData>
        <Polygon>
          <outerBoundaryIs>
            <LinearRing>
              <coordinates>
                -55.9928634413043,-25.6730479407742,0
                -55.9927733005277,-25.6731750004963,0
                -55.9935048000177,-25.6736008002791,0
                -55.9939666994768,-25.67300760055,0
                -55.9932416037761,-25.6725488051234,0
                -55.993224999659,-25.6725383004476,0
                -55.9928634413043,-25.6730479407742,0
              </coordinates>
            </LinearRing>
          </outerBoundaryIs>
        </Polygon>
      </Placemark>
      <Placemark id="Lote_B.179">
        <ExtendedData>
          <SchemaData schemaUrl="#Lote_B.schema">
            <SimpleData name="Cédula">6617344.00000000000</SimpleData>
            <SimpleData name="Nombres_y_">FATIMA GAUTO CENTURION</SimpleData>
            <SimpleData name="Sexo">Mujer</SimpleData>
            <SimpleData name="Cambio_de_">NO</SimpleData>
            <SimpleData name="Titular_se">NO</SimpleData>
            <SimpleData name="ci_UNIF">6617344.00000000000</SimpleData>
            <SimpleData name="Situación">NO</SimpleData>
            <SimpleData name="Comunidad">Ind?gena</SimpleData>
            <SimpleData name="Modelo_imp">Modelo 5</SimpleData>
            <SimpleData name="Departamen">CAAZAPA</SimpleData>
            <SimpleData name="Distrito">ABAI</SimpleData>
            <SimpleData name="Localidad">COM INDIG YTU</SimpleData>
            <SimpleData name="Teléfono">0982077844</SimpleData>
            <SimpleData name="Vivienda_L">-25.78393920000</SimpleData>
            <SimpleData name="Vivienda_1">-55.59722830000</SimpleData>
            <SimpleData name="Superficie">0.70000000000</SimpleData>
            <SimpleData name="Situaci_1">Par?metro</SimpleData>
            <SimpleData name="Plantado">SI</SimpleData>
            <SimpleData name="Fecha_Plan">2026/01/14</SimpleData>
            <SimpleData name="Jornales">0.00000000000</SimpleData>
            <SimpleData name="Monto">0.00000000000</SimpleData>
            <SimpleData name="Grupo_de_p">B-P3-XX-XX-XX</SimpleData>
            <SimpleData name="Estado_del">Activo</SimpleData>
            <SimpleData name="Empresa">Unique Wood Paraguay SA</SimpleData>
            <SimpleData name="Lote">B</SimpleData>
            <SimpleData name="Parametro">0.00000000000</SimpleData>
            <SimpleData name="Sup_SIG">0.85445372767</SimpleData>
            <SimpleData name="X">-55.59792211000</SimpleData>
            <SimpleData name="Y">-25.78551590000</SimpleData>
            <SimpleData name="cedula">6617344</SimpleData>
          </SchemaData>
        </ExtendedData>
        <Polygon>
          <outerBoundaryIs>
            <LinearRing>
              <coordinates>
                -55.5976180136431,-25.7860503435298,0
                -55.597616299632,-25.786038200011,0
                -55.5982250361695,-25.7857031776342,0
                -55.5990248996333,-25.7851907998436,0
                -55.5980267001899,-25.785262199695,0
                -55.5979277998876,-25.7853570001942,0
                -55.59781210046,-25.7850863996294,0
                -55.5971612999024,-25.7854731999366,0
                -55.5976180136431,-25.7860503435298,0
              </coordinates>
            </LinearRing>
          </outerBoundaryIs>
        </Polygon>
      </Placemark>
      <Placemark id="Lote_B.180">
        <ExtendedData>
          <SchemaData schemaUrl="#Lote_B.schema">
            <SimpleData name="Cédula">5451986.00000000000</SimpleData>
            <SimpleData name="Nombres_y_">SANTIAGO URUGI</SimpleData>
            <SimpleData name="Sexo">Hombre</SimpleData>
            <SimpleData name="Cambio_de_">NO</SimpleData>
            <SimpleData name="Titular_se">NO</SimpleData>
            <SimpleData name="ci_UNIF">5451986.00000000000</SimpleData>
            <SimpleData name="Situación">NO</SimpleData>
            <SimpleData name="Comunidad">Ind?gena</SimpleData>
            <SimpleData name="Modelo_imp">Modelo 4</SimpleData>
            <SimpleData name="Departamen">CAAZAPA</SimpleData>
            <SimpleData name="Distrito">ABAI</SimpleData>
            <SimpleData name="Localidad">COM INDIG YPETIMI</SimpleData>
            <SimpleData name="Teléfono">0982637746</SimpleData>
            <SimpleData name="Vivienda_L">-25.94101630000</SimpleData>
            <SimpleData name="Vivienda_1">-55.70496320000</SimpleData>
            <SimpleData name="Superficie">0.70000000000</SimpleData>
            <SimpleData name="Situaci_1">Par?metro</SimpleData>
            <SimpleData name="Plantado">SI</SimpleData>
            <SimpleData name="Fecha_Plan">2025/10/23</SimpleData>
            <SimpleData name="Jornales">0.00000000000</SimpleData>
            <SimpleData name="Monto">0.00000000000</SimpleData>
            <SimpleData name="Grupo_de_p">B-P3-XX-XX-XX</SimpleData>
            <SimpleData name="Estado_del">Activo</SimpleData>
            <SimpleData name="Empresa">Unique Wood Paraguay SA</SimpleData>
            <SimpleData name="Lote">B</SimpleData>
            <SimpleData name="Parametro">0.00000000000</SimpleData>
            <SimpleData name="Sup_SIG">0.79981311599</SimpleData>
            <SimpleData name="X">-55.72692354000</SimpleData>
            <SimpleData name="Y">-25.95505240000</SimpleData>
            <SimpleData name="cedula">5451986</SimpleData>
          </SchemaData>
        </ExtendedData>
        <Polygon>
          <outerBoundaryIs>
            <LinearRing>
              <coordinates>
                -55.7261073934572,-25.9548471085461,0
                -55.7260276393556,-25.9549861386642,0
                -55.7259523470557,-25.9551173919943,0
                -55.7267550789752,-25.955295799707,0
                -55.7272735516216,-25.9552285606992,0
                -55.7275378655179,-25.955304257005,0
                -55.7277893843159,-25.9554775029583,0
                -55.7277849791568,-25.955454830619,0
                -55.7276707931692,-25.9548671070472,0
                -55.7276489152062,-25.9548105126332,0
                -55.7276115526915,-25.9548178088892,0
                -55.7275663850075,-25.954826629174,0
                -55.7275586989745,-25.9548268261617,0
                -55.7268709887573,-25.9548486309174,0
                -55.7268574328406,-25.9548496249344,0
                -55.7268480666759,-25.9548488320289,0
                -55.7268465360846,-25.9548487021017,0
                -55.7268434319915,-25.9548484391614,0
                -55.7261661928986,-25.9547911090841,0
                -55.7261073934572,-25.9548471085461,0
              </coordinates>
            </LinearRing>
          </outerBoundaryIs>
        </Polygon>
      </Placemark>
      <Placemark id="Lote_B.181">
        <ExtendedData>
          <SchemaData schemaUrl="#Lote_B.schema">
            <SimpleData name="Cédula">7457078.00000000000</SimpleData>
            <SimpleData name="Nombres_y_">CARINA DUARTE CABRAL</SimpleData>
            <SimpleData name="Sexo">Mujer</SimpleData>
            <SimpleData name="Cambio_de_">NO</SimpleData>
            <SimpleData name="Titular_se">NO</SimpleData>
            <SimpleData name="ci_UNIF">7457078.00000000000</SimpleData>
            <SimpleData name="Situación">NO</SimpleData>
            <SimpleData name="Comunidad">Ind?gena</SimpleData>
            <SimpleData name="Modelo_imp">Modelo 4</SimpleData>
            <SimpleData name="Departamen">CAAZAPA</SimpleData>
            <SimpleData name="Distrito">ABAI</SimpleData>
            <SimpleData name="Localidad">COM INDIG YPETIMI</SimpleData>
            <SimpleData name="Teléfono">0984844681</SimpleData>
            <SimpleData name="Vivienda_L">-25.94116470000</SimpleData>
            <SimpleData name="Vivienda_1">-55.70491580000</SimpleData>
            <SimpleData name="Superficie">0.70000000000</SimpleData>
            <SimpleData name="Situaci_1">Pol?gono</SimpleData>
            <SimpleData name="Plantado">SI</SimpleData>
            <SimpleData name="Fecha_Plan">2025/09/23</SimpleData>
            <SimpleData name="Jornales">0.00000000000</SimpleData>
            <SimpleData name="Monto">0.00000000000</SimpleData>
            <SimpleData name="Grupo_de_p">B-P1-XX-XX-XX</SimpleData>
            <SimpleData name="Estado_del">Activo</SimpleData>
            <SimpleData name="Empresa">Unique Wood Paraguay SA</SimpleData>
            <SimpleData name="Lote">B</SimpleData>
            <SimpleData name="Parametro">0.00000000000</SimpleData>
            <SimpleData name="Sup_SIG">0.74790276108</SimpleData>
            <SimpleData name="X">-55.73257476000</SimpleData>
            <SimpleData name="Y">-25.95478389000</SimpleData>
            <SimpleData name="cedula">7457078</SimpleData>
          </SchemaData>
        </ExtendedData>
        <Polygon>
          <outerBoundaryIs>
            <LinearRing>
              <coordinates>
                -55.7320513223216,-25.9544181702937,0
                -55.7320516556614,-25.9544191230157,0
                -55.7320540626599,-25.9544260048852,0
                -55.7320771625601,-25.9544920622803,0
                -55.732090462052,-25.9545300932138,0
                -55.732345816862,-25.955260286227,0
                -55.7323483634262,-25.9552675674726,0
                -55.732362066302,-25.9552601287505,0
                -55.7323651104405,-25.9552666433146,0
                -55.7324031938141,-25.9552594487439,0
                -55.732704703298,-25.9552109821017,0
                -55.7331108429885,-25.9551456947217,0
                -55.7327820521517,-25.954292962198,0
                -55.7327353177689,-25.9543009704722,0
                -55.7320513223216,-25.9544181702937,0
              </coordinates>
            </LinearRing>
          </outerBoundaryIs>
        </Polygon>
      </Placemark>
      <Placemark id="Lote_B.182">
        <ExtendedData>
          <SchemaData schemaUrl="#Lote_B.schema">
            <SimpleData name="Cédula">6874743.00000000000</SimpleData>
            <SimpleData name="Nombres_y_">MIRIAN DOMINGUEZ FARI?A</SimpleData>
            <SimpleData name="Sexo">Mujer</SimpleData>
            <SimpleData name="Cambio_de_">NO</SimpleData>
            <SimpleData name="Titular_se">NO</SimpleData>
            <SimpleData name="ci_UNIF">6874743.00000000000</SimpleData>
            <SimpleData name="Situación">NO</SimpleData>
            <SimpleData name="Comunidad">Ind?gena</SimpleData>
            <SimpleData name="Modelo_imp">Modelo 5</SimpleData>
            <SimpleData name="Departamen">CAAZAPA</SimpleData>
            <SimpleData name="Distrito">ABAI</SimpleData>
            <SimpleData name="Localidad">COM INDIG YKUA PORA</SimpleData>
            <SimpleData name="Teléfono">0983006821</SimpleData>
            <SimpleData name="Vivienda_L">-25.81854290000</SimpleData>
            <SimpleData name="Vivienda_1">-55.66647990000</SimpleData>
            <SimpleData name="Superficie">0.70000000000</SimpleData>
            <SimpleData name="Situaci_1">Pol?gono</SimpleData>
            <SimpleData name="Plantado">SI</SimpleData>
            <SimpleData name="Fecha_Plan">2025/10/30</SimpleData>
            <SimpleData name="Jornales">0.00000000000</SimpleData>
            <SimpleData name="Monto">0.00000000000</SimpleData>
            <SimpleData name="Grupo_de_p">B-P1-XX-XX-XX</SimpleData>
            <SimpleData name="Estado_del">Activo</SimpleData>
            <SimpleData name="Empresa">Unique Wood Paraguay SA</SimpleData>
            <SimpleData name="Lote">B</SimpleData>
            <SimpleData name="Parametro">0.00000000000</SimpleData>
            <SimpleData name="Sup_SIG">0.70636294067</SimpleData>
            <SimpleData name="X">-55.67603258000</SimpleData>
            <SimpleData name="Y">-25.82306555000</SimpleData>
            <SimpleData name="cedula">6874743</SimpleData>
          </SchemaData>
        </ExtendedData>
        <MultiGeometry>
          <Polygon>
            <outerBoundaryIs>
              <LinearRing>
                <coordinates>
                  -55.6767633000418,-25.8233700998334,0
                  -55.6767551999413,-25.8231287996656,0
                  -55.6753097996656,-25.8227732997429,0
                  -55.6752498996952,-25.8229731004062,0
                  -55.6767633000418,-25.8233700998334,0
                </coordinates>
              </LinearRing>
            </outerBoundaryIs>
          </Polygon>
          <Polygon>
            <outerBoundaryIs>
              <LinearRing>
                <coordinates>
                  -55.6663042999761,-25.8191221000249,0
                  -55.6664479001187,-25.8188599004279,0
                  -55.6662666997592,-25.8187316002818,0
                  -55.6665032003928,-25.8183332998771,0
                  -55.6662947001654,-25.8181947004906,0
                  -55.6658180998634,-25.8189804003436,0
                  -55.6663042999761,-25.8191221000249,0
                </coordinates>
              </LinearRing>
            </outerBoundaryIs>
          </Polygon>
        </MultiGeometry>
      </Placemark>
      <Placemark id="Lote_B.183">
        <ExtendedData>
          <SchemaData schemaUrl="#Lote_B.schema">
            <SimpleData name="Cédula">5451975.00000000000</SimpleData>
            <SimpleData name="Nombres_y_">ANDREA KRYGI</SimpleData>
            <SimpleData name="Sexo">Mujer</SimpleData>
            <SimpleData name="Cambio_de_">NO</SimpleData>
            <SimpleData name="Titular_se">NO</SimpleData>
            <SimpleData name="ci_UNIF">5451975.00000000000</SimpleData>
            <SimpleData name="Situación">NO</SimpleData>
            <SimpleData name="Comunidad">Ind?gena</SimpleData>
            <SimpleData name="Modelo_imp">Modelo 4</SimpleData>
            <SimpleData name="Departamen">CAAZAPA</SimpleData>
            <SimpleData name="Distrito">ABAI</SimpleData>
            <SimpleData name="Localidad">COM INDIG YPETIMI</SimpleData>
            <SimpleData name="Teléfono">0986704144</SimpleData>
            <SimpleData name="Vivienda_L">-25.94109410000</SimpleData>
            <SimpleData name="Vivienda_1">-55.70503380000</SimpleData>
            <SimpleData name="Superficie">0.70000000000</SimpleData>
            <SimpleData name="Situaci_1">Par?metro</SimpleData>
            <SimpleData name="Plantado">SI</SimpleData>
            <SimpleData name="Fecha_Plan">2025/10/23</SimpleData>
            <SimpleData name="Jornales">0.00000000000</SimpleData>
            <SimpleData name="Monto">0.00000000000</SimpleData>
            <SimpleData name="Grupo_de_p">B-P3-XX-XX-XX</SimpleData>
            <SimpleData name="Estado_del">Activo</SimpleData>
            <SimpleData name="Empresa">Unique Wood Paraguay SA</SimpleData>
            <SimpleData name="Lote">B</SimpleData>
            <SimpleData name="Parametro">0.00000000000</SimpleData>
            <SimpleData name="Sup_SIG">0.71949568562</SimpleData>
            <SimpleData name="X">-55.72886885000</SimpleData>
            <SimpleData name="Y">-25.95703976000</SimpleData>
            <SimpleData name="cedula">5451975</SimpleData>
          </SchemaData>
        </ExtendedData>
        <Polygon>
          <outerBoundaryIs>
            <LinearRing>
              <coordinates>
                -55.7285059225374,-25.9565174256001,0
                -55.7286622812523,-25.9576809587763,0
                -55.7293172603918,-25.9573945636979,0
                -55.7289825712347,-25.9564281402874,0
                -55.7285059225374,-25.9565174256001,0
              </coordinates>
            </LinearRing>
          </outerBoundaryIs>
        </Polygon>
      </Placemark>
      <Placemark id="Lote_B.184">
        <ExtendedData>
          <SchemaData schemaUrl="#Lote_B.schema">
            <SimpleData name="Cédula">5451968.00000000000</SimpleData>
            <SimpleData name="Nombres_y_">MIRTA TAYJANGI</SimpleData>
            <SimpleData name="Sexo">Mujer</SimpleData>
            <SimpleData name="Cambio_de_">NO</SimpleData>
            <SimpleData name="Titular_se">NO</SimpleData>
            <SimpleData name="ci_UNIF">5451968.00000000000</SimpleData>
            <SimpleData name="Situación">NO</SimpleData>
            <SimpleData name="Comunidad">Ind?gena</SimpleData>
            <SimpleData name="Modelo_imp">Modelo 4</SimpleData>
            <SimpleData name="Departamen">CAAZAPA</SimpleData>
            <SimpleData name="Distrito">ABAI</SimpleData>
            <SimpleData name="Localidad">COM INDIG YPETIMI</SimpleData>
            <SimpleData name="Teléfono">0982561169</SimpleData>
            <SimpleData name="Vivienda_L">-25.94107730000</SimpleData>
            <SimpleData name="Vivienda_1">-55.70492830000</SimpleData>
            <SimpleData name="Superficie">0.70000000000</SimpleData>
            <SimpleData name="Situaci_1">Pol?gono</SimpleData>
            <SimpleData name="Plantado">SI</SimpleData>
            <SimpleData name="Fecha_Plan">2025/10/16</SimpleData>
            <SimpleData name="Jornales">0.00000000000</SimpleData>
            <SimpleData name="Monto">0.00000000000</SimpleData>
            <SimpleData name="Grupo_de_p">B-P1-XX-XX-XX</SimpleData>
            <SimpleData name="Estado_del">Activo</SimpleData>
            <SimpleData name="Empresa">Unique Wood Paraguay SA</SimpleData>
            <SimpleData name="Lote">B</SimpleData>
            <SimpleData name="Parametro">0.00000000000</SimpleData>
            <SimpleData name="Sup_SIG">0.71343960134</SimpleData>
            <SimpleData name="X">-55.73055607000</SimpleData>
            <SimpleData name="Y">-25.95739906000</SimpleData>
            <SimpleData name="cedula">5451968</SimpleData>
          </SchemaData>
        </ExtendedData>
        <Polygon>
          <outerBoundaryIs>
            <LinearRing>
              <coordinates>
                -55.7299613619888,-25.9570651367322,0
                -55.7304394629892,-25.9578754357446,0
                -55.731157662596,-25.9577248350387,0
                -55.7308015714479,-25.9571481144503,0
                -55.7306957904117,-25.9569767923733,0
                -55.7306949511043,-25.9569754325398,0
                -55.7306626606482,-25.9569231351245,0
                -55.7306267460075,-25.9569304069179,0
                -55.7306153920089,-25.9569327053477,0
                -55.729998252582,-25.9570576660114,0
                -55.7299613619888,-25.9570651367322,0
              </coordinates>
            </LinearRing>
          </outerBoundaryIs>
        </Polygon>
      </Placemark>
      <Placemark id="Lote_B.185">
        <ExtendedData>
          <SchemaData schemaUrl="#Lote_B.schema">
            <SimpleData name="Cédula">6204187.00000000000</SimpleData>
            <SimpleData name="Nombres_y_">DIGNA MENDOZA BENITEZ</SimpleData>
            <SimpleData name="Sexo">Mujer</SimpleData>
            <SimpleData name="Cambio_de_">NO</SimpleData>
            <SimpleData name="Titular_se">NO</SimpleData>
            <SimpleData name="ci_UNIF">6204187.00000000000</SimpleData>
            <SimpleData name="Situación">NO</SimpleData>
            <SimpleData name="Comunidad">Ind?gena</SimpleData>
            <SimpleData name="Modelo_imp">Modelo 4</SimpleData>
            <SimpleData name="Departamen">GUAIRA</SimpleData>
            <SimpleData name="Distrito">PASO YOBAI</SimpleData>
            <SimpleData name="Localidad">COM INDIG ARROYO HU</SimpleData>
            <SimpleData name="Teléfono">0986406305</SimpleData>
            <SimpleData name="Vivienda_L">-25.66882170000</SimpleData>
            <SimpleData name="Vivienda_1">-55.97618500000</SimpleData>
            <SimpleData name="Superficie">0.70000000000</SimpleData>
            <SimpleData name="Situaci_1">Pol?gono</SimpleData>
            <SimpleData name="Plantado">SI</SimpleData>
            <SimpleData name="Fecha_Plan">2025/10/01</SimpleData>
            <SimpleData name="Jornales">0.00000000000</SimpleData>
            <SimpleData name="Monto">0.00000000000</SimpleData>
            <SimpleData name="Grupo_de_p">B-P1-XX-XX-XX</SimpleData>
            <SimpleData name="Estado_del">Activo</SimpleData>
            <SimpleData name="Empresa">Unique Wood Paraguay SA</SimpleData>
            <SimpleData name="Lote">B</SimpleData>
            <SimpleData name="Parametro">0.00000000000</SimpleData>
            <SimpleData name="Sup_SIG">0.82561684909</SimpleData>
            <SimpleData name="X">-55.97683184000</SimpleData>
            <SimpleData name="Y">-25.66940734000</SimpleData>
            <SimpleData name="cedula">6204187</SimpleData>
          </SchemaData>
        </ExtendedData>
        <Polygon>
          <outerBoundaryIs>
            <LinearRing>
              <coordinates>
                -55.9765836195831,-25.6702831910706,0
                -55.9771322094908,-25.6703052883058,0
                -55.9769106005463,-25.6682987992854,0
                -55.9764724236835,-25.6686869187693,0
                -55.9765914901359,-25.6689539972816,0
                -55.9767265427668,-25.6693092755769,0
                -55.9767043333674,-25.669512768164,0
                -55.9767018504417,-25.6695525639356,0
                -55.9765836195831,-25.6702831910706,0
              </coordinates>
            </LinearRing>
          </outerBoundaryIs>
        </Polygon>
      </Placemark>
      <Placemark id="Lote_B.186">
        <ExtendedData>
          <SchemaData schemaUrl="#Lote_B.schema">
            <SimpleData name="Cédula">7988633.00000000000</SimpleData>
            <SimpleData name="Nombres_y_">ANGELINA AMARILLA GONZALEZ</SimpleData>
            <SimpleData name="Sexo">Mujer</SimpleData>
            <SimpleData name="Cambio_de_">NO</SimpleData>
            <SimpleData name="Titular_se">NO</SimpleData>
            <SimpleData name="ci_UNIF">7988633.00000000000</SimpleData>
            <SimpleData name="Situación">NO</SimpleData>
            <SimpleData name="Comunidad">Ind?gena</SimpleData>
            <SimpleData name="Modelo_imp">Modelo 4</SimpleData>
            <SimpleData name="Departamen">CAAZAPA</SimpleData>
            <SimpleData name="Distrito">ABAI</SimpleData>
            <SimpleData name="Localidad">COM INDIG YTU</SimpleData>
            <SimpleData name="Teléfono">0986150167</SimpleData>
            <SimpleData name="Vivienda_L">-25.78424460000</SimpleData>
            <SimpleData name="Vivienda_1">-55.59925440000</SimpleData>
            <SimpleData name="Superficie">0.70000000000</SimpleData>
            <SimpleData name="Situaci_1">Par?metro</SimpleData>
            <SimpleData name="Plantado">SI</SimpleData>
            <SimpleData name="Fecha_Plan">2026/01/16</SimpleData>
            <SimpleData name="Jornales">0.00000000000</SimpleData>
            <SimpleData name="Monto">0.00000000000</SimpleData>
            <SimpleData name="Grupo_de_p">B-P3-XX-XX-XX</SimpleData>
            <SimpleData name="Estado_del">Activo</SimpleData>
            <SimpleData name="Empresa">Unique Wood Paraguay SA</SimpleData>
            <SimpleData name="Lote">B</SimpleData>
            <SimpleData name="Parametro">0.00000000000</SimpleData>
            <SimpleData name="Sup_SIG">0.70339674869</SimpleData>
            <SimpleData name="X">-55.60583672000</SimpleData>
            <SimpleData name="Y">-25.77080949000</SimpleData>
            <SimpleData name="cedula">7988633</SimpleData>
          </SchemaData>
        </ExtendedData>
        <Polygon>
          <outerBoundaryIs>
            <LinearRing>
              <coordinates>
                -55.6053067003685,-25.7708766999219,0
                -55.6064849998521,-25.7713532999888,0
                -55.6062483001084,-25.7706433000552,0
                -55.6052483003254,-25.7703149999438,0
                -55.6053067003685,-25.7708766999219,0
              </coordinates>
            </LinearRing>
          </outerBoundaryIs>
        </Polygon>
      </Placemark>
      <Placemark id="Lote_B.187">
        <ExtendedData>
          <SchemaData schemaUrl="#Lote_B.schema">
            <SimpleData name="Cédula">4204784.00000000000</SimpleData>
            <SimpleData name="Nombres_y_">SINDULFO CARBALLO GIMENEZ</SimpleData>
            <SimpleData name="Sexo">Hombre</SimpleData>
            <SimpleData name="Cambio_de_">NO</SimpleData>
            <SimpleData name="Titular_se">NO</SimpleData>
            <SimpleData name="ci_UNIF">4204784.00000000000</SimpleData>
            <SimpleData name="Situación">NO</SimpleData>
            <SimpleData name="Comunidad">Ind?gena</SimpleData>
            <SimpleData name="Modelo_imp">Modelo 5</SimpleData>
            <SimpleData name="Departamen">GUAIRA</SimpleData>
            <SimpleData name="Distrito">PASO YOBAI</SimpleData>
            <SimpleData name="Localidad">COM INDIG ARROYO HU</SimpleData>
            <SimpleData name="Teléfono">0983317196</SimpleData>
            <SimpleData name="Vivienda_L">-25.66825570000</SimpleData>
            <SimpleData name="Vivienda_1">-55.98534150000</SimpleData>
            <SimpleData name="Superficie">0.70000000000</SimpleData>
            <SimpleData name="Situaci_1">Par?metro</SimpleData>
            <SimpleData name="Plantado">SI</SimpleData>
            <SimpleData name="Fecha_Plan">2026/06/13</SimpleData>
            <SimpleData name="Jornales">0.00000000000</SimpleData>
            <SimpleData name="Monto">0.00000000000</SimpleData>
            <SimpleData name="Grupo_de_p">B-GN-XX-XX-XX</SimpleData>
            <SimpleData name="Estado_del">Activo</SimpleData>
            <SimpleData name="Empresa">Unique Wood Paraguay SA</SimpleData>
            <SimpleData name="Lote">B</SimpleData>
            <SimpleData name="Parametro">0.00000000000</SimpleData>
            <SimpleData name="Sup_SIG">0.70759771262</SimpleData>
            <SimpleData name="X">-55.98550867000</SimpleData>
            <SimpleData name="Y">-25.66811566000</SimpleData>
            <SimpleData name="cedula">4204784</SimpleData>
          </SchemaData>
        </ExtendedData>
        <Polygon>
          <outerBoundaryIs>
            <LinearRing>
              <coordinates>
                -55.9852401005932,-25.667484800216,0
                -55.9850148200593,-25.6677751590141,0
                -55.9853772995353,-25.6682422999086,0
                -55.9851629996509,-25.6684804000216,0
                -55.9855033454225,-25.6687485380453,0
                -55.9860750003918,-25.6681617001554,0
                -55.9857200000708,-25.6678217005822,0
                -55.9855266994829,-25.6677999994042,0
                -55.9852866998227,-25.6674233000276,0
                -55.9852401005932,-25.667484800216,0
              </coordinates>
            </LinearRing>
          </outerBoundaryIs>
        </Polygon>
      </Placemark>
      <Placemark id="Lote_B.188">
        <ExtendedData>
          <SchemaData schemaUrl="#Lote_B.schema">
            <SimpleData name="Cédula">8320628.00000000000</SimpleData>
            <SimpleData name="Nombres_y_">FRANCISCO  MACIEL FERNANDEZ</SimpleData>
            <SimpleData name="Sexo">Hombre</SimpleData>
            <SimpleData name="Cambio_de_">NO</SimpleData>
            <SimpleData name="Titular_se">NO</SimpleData>
            <SimpleData name="ci_UNIF">8320628.00000000000</SimpleData>
            <SimpleData name="Comunidad">Ind?gena</SimpleData>
            <SimpleData name="Modelo_imp">Modelo 2</SimpleData>
            <SimpleData name="Departamen">GUAIRA</SimpleData>
            <SimpleData name="Distrito">PASO YOBAI</SimpleData>
            <SimpleData name="Localidad">COM INDIG ARROYO HU</SimpleData>
            <SimpleData name="Teléfono">0</SimpleData>
            <SimpleData name="Vivienda_L">-25.66866000000</SimpleData>
            <SimpleData name="Vivienda_1">-55.99658500000</SimpleData>
            <SimpleData name="Superficie">0.80000000000</SimpleData>
            <SimpleData name="Situaci_1">Parametro</SimpleData>
            <SimpleData name="Plantado">SI</SimpleData>
            <SimpleData name="Fecha_Plan">2026/06/18</SimpleData>
            <SimpleData name="Jornales">0.00000000000</SimpleData>
            <SimpleData name="Monto">0.00000000000</SimpleData>
            <SimpleData name="Grupo_de_p">B-GN-XX-XX-XX</SimpleData>
            <SimpleData name="Estado_del">Activo</SimpleData>
            <SimpleData name="Empresa">Unique Wood Paraguay SA</SimpleData>
            <SimpleData name="Lote">B</SimpleData>
            <SimpleData name="Parametro">0.00000000000</SimpleData>
            <SimpleData name="Sup_SIG">0.80726369222</SimpleData>
            <SimpleData name="X">-55.99487392000</SimpleData>
            <SimpleData name="Y">-25.66768804000</SimpleData>
            <SimpleData name="cedula">8320628</SimpleData>
          </SchemaData>
        </ExtendedData>
        <Polygon>
          <outerBoundaryIs>
            <LinearRing>
              <coordinates>
                -55.9942432997511,-25.6676916998973,0
                -55.9950050001851,-25.6682817000169,0
                -55.9954834004394,-25.6676251006597,0
                -55.994766699738,-25.6671233006457,0
                -55.9942432997511,-25.6676916998973,0
              </coordinates>
            </LinearRing>
          </outerBoundaryIs>
        </Polygon>
      </Placemark>
      <Placemark id="Lote_B.189">
        <ExtendedData>
          <SchemaData schemaUrl="#Lote_B.schema">
            <SimpleData name="Cédula">8320645.00000000000</SimpleData>
            <SimpleData name="Nombres_y_">TEODORA  DUARTE FERNANDEZ</SimpleData>
            <SimpleData name="Sexo">Mujer</SimpleData>
            <SimpleData name="Cambio_de_">NO</SimpleData>
            <SimpleData name="Titular_se">NO</SimpleData>
            <SimpleData name="ci_UNIF">8320645.00000000000</SimpleData>
            <SimpleData name="Comunidad">Ind?gena</SimpleData>
            <SimpleData name="Modelo_imp">Modelo 5</SimpleData>
            <SimpleData name="Departamen">GUAIRA</SimpleData>
            <SimpleData name="Distrito">PASO YOBAI</SimpleData>
            <SimpleData name="Localidad">COM INDIG ARROYO HU</SimpleData>
            <SimpleData name="Teléfono">983696262</SimpleData>
            <SimpleData name="Vivienda_L">-25.67042330000</SimpleData>
            <SimpleData name="Vivienda_1">-55.98923830000</SimpleData>
            <SimpleData name="Superficie">0.70000000000</SimpleData>
            <SimpleData name="Situaci_1">Parametro</SimpleData>
            <SimpleData name="Plantado">SI</SimpleData>
            <SimpleData name="Fecha_Plan">2026/06/16</SimpleData>
            <SimpleData name="Jornales">0.00000000000</SimpleData>
            <SimpleData name="Monto">0.00000000000</SimpleData>
            <SimpleData name="Grupo_de_p">B-GN-XX-XX-XX</SimpleData>
            <SimpleData name="Estado_del">Activo</SimpleData>
            <SimpleData name="Empresa">Unique Wood Paraguay SA</SimpleData>
            <SimpleData name="Lote">B</SimpleData>
            <SimpleData name="Parametro">0.00000000000</SimpleData>
            <SimpleData name="Sup_SIG">0.74664846198</SimpleData>
            <SimpleData name="X">-55.98843295000</SimpleData>
            <SimpleData name="Y">-25.66936169000</SimpleData>
            <SimpleData name="cedula">8320645</SimpleData>
          </SchemaData>
        </ExtendedData>
        <Polygon>
          <outerBoundaryIs>
            <LinearRing>
              <coordinates>
                -55.9877866996726,-25.6697199998157,0
                -55.9884905001072,-25.6699868998277,0
                -55.9886767000317,-25.6693516998203,0
                -55.9890331995814,-25.6689250003606,0
                -55.9886832993275,-25.6686682994876,0
                -55.9877866996726,-25.6697199998157,0
              </coordinates>
            </LinearRing>
          </outerBoundaryIs>
        </Polygon>
      </Placemark>
      <Placemark id="Lote_B.190">
        <ExtendedData>
          <SchemaData schemaUrl="#Lote_B.schema">
            <SimpleData name="Cédula">8320655.00000000000</SimpleData>
            <SimpleData name="Nombres_y_">JUAN DE LA CRUZ</SimpleData>
            <SimpleData name="Sexo">Hombre</SimpleData>
            <SimpleData name="Cambio_de_">NO</SimpleData>
            <SimpleData name="Titular_se">NO</SimpleData>
            <SimpleData name="ci_UNIF">8320655.00000000000</SimpleData>
            <SimpleData name="Situación">NO</SimpleData>
            <SimpleData name="Comunidad">Ind?gena</SimpleData>
            <SimpleData name="Modelo_imp">Modelo 6</SimpleData>
            <SimpleData name="Departamen">GUAIRA</SimpleData>
            <SimpleData name="Distrito">PASO YOBAI</SimpleData>
            <SimpleData name="Localidad">COM INDIG ARROYO HU</SimpleData>
            <SimpleData name="Teléfono">ND</SimpleData>
            <SimpleData name="Vivienda_L">-25.66919940000</SimpleData>
            <SimpleData name="Vivienda_1">-55.98586830000</SimpleData>
            <SimpleData name="Superficie">0.90000000000</SimpleData>
            <SimpleData name="Situaci_1">Par?metro</SimpleData>
            <SimpleData name="Plantado">SI</SimpleData>
            <SimpleData name="Fecha_Plan">2026/06/18</SimpleData>
            <SimpleData name="Jornales">0.00000000000</SimpleData>
            <SimpleData name="Monto">0.00000000000</SimpleData>
            <SimpleData name="Grupo_de_p">B-GN-XX-XX-XX</SimpleData>
            <SimpleData name="Estado_del">Activo</SimpleData>
            <SimpleData name="Empresa">Unique Wood Paraguay SA</SimpleData>
            <SimpleData name="Lote">B</SimpleData>
            <SimpleData name="Parametro">0.00000000000</SimpleData>
            <SimpleData name="Sup_SIG">0.91948631715</SimpleData>
            <SimpleData name="X">-55.99573595000</SimpleData>
            <SimpleData name="Y">-25.66809292000</SimpleData>
            <SimpleData name="cedula">8320655</SimpleData>
          </SchemaData>
        </ExtendedData>
        <Polygon>
          <outerBoundaryIs>
            <LinearRing>
              <coordinates>
                -55.9956095811809,-25.6675066464566,0
                -55.9950282999584,-25.6682849999856,0
                -55.9951685991631,-25.6683806997836,0
                -55.995464999498,-25.6684166998202,0
                -55.9959982995119,-25.6685883002235,0
                -55.9964150924048,-25.66813344944,0
                -55.9963947004965,-25.6681163998514,0
                -55.9963922408402,-25.6680817344133,0
                -55.9956404463596,-25.6674653163973,0
                -55.9956095811809,-25.6675066464566,0
              </coordinates>
            </LinearRing>
          </outerBoundaryIs>
        </Polygon>
      </Placemark>
      <Placemark id="Lote_B.191">
        <ExtendedData>
          <SchemaData schemaUrl="#Lote_B.schema">
            <SimpleData name="Cédula">8191715.00000000000</SimpleData>
            <SimpleData name="Nombres_y_">FELICIA LOPEZ VAZQUEZ</SimpleData>
            <SimpleData name="Sexo">Mujer</SimpleData>
            <SimpleData name="Cambio_de_">NO</SimpleData>
            <SimpleData name="Titular_se">NO</SimpleData>
            <SimpleData name="ci_UNIF">8191715.00000000000</SimpleData>
            <SimpleData name="Situación">NO</SimpleData>
            <SimpleData name="Comunidad">Ind?gena</SimpleData>
            <SimpleData name="Modelo_imp">Modelo 6</SimpleData>
            <SimpleData name="Departamen">GUAIRA</SimpleData>
            <SimpleData name="Distrito">PASO YOBAI</SimpleData>
            <SimpleData name="Localidad">COM INDIG ARROYO HU</SimpleData>
            <SimpleData name="Teléfono">0984298268</SimpleData>
            <SimpleData name="Vivienda_L">-25.66675250000</SimpleData>
            <SimpleData name="Vivienda_1">-55.98374760000</SimpleData>
            <SimpleData name="Superficie">0.90000000000</SimpleData>
            <SimpleData name="Situaci_1">Par?metro</SimpleData>
            <SimpleData name="Plantado">SI</SimpleData>
            <SimpleData name="Fecha_Plan">2026/06/17</SimpleData>
            <SimpleData name="Jornales">0.00000000000</SimpleData>
            <SimpleData name="Monto">0.00000000000</SimpleData>
            <SimpleData name="Grupo_de_p">B-GN-XX-XX-XX</SimpleData>
            <SimpleData name="Estado_del">Activo</SimpleData>
            <SimpleData name="Empresa">Unique Wood Paraguay SA</SimpleData>
            <SimpleData name="Lote">B</SimpleData>
            <SimpleData name="Parametro">0.00000000000</SimpleData>
            <SimpleData name="Sup_SIG">0.91477226962</SimpleData>
            <SimpleData name="X">-55.98356494000</SimpleData>
            <SimpleData name="Y">-25.66592621000</SimpleData>
            <SimpleData name="cedula">8191715</SimpleData>
          </SchemaData>
        </ExtendedData>
        <Polygon>
          <outerBoundaryIs>
            <LinearRing>
              <coordinates>
                -55.9828880995644,-25.6659949999658,0
                -55.9836806991608,-25.6665529994096,0
                -55.9842111999148,-25.6657617999155,0
                -55.9834866999209,-25.6653432994561,0
                -55.9828880995644,-25.6659949999658,0
              </coordinates>
            </LinearRing>
          </outerBoundaryIs>
        </Polygon>
      </Placemark>
      <Placemark id="Lote_B.192">
        <ExtendedData>
          <SchemaData schemaUrl="#Lote_B.schema">
            <SimpleData name="Cédula">6204299.00000000000</SimpleData>
            <SimpleData name="Nombres_y_">MARIA MARTINEZ BENITEZ</SimpleData>
            <SimpleData name="Sexo">Mujer</SimpleData>
            <SimpleData name="Cambio_de_">NO</SimpleData>
            <SimpleData name="Titular_se">NO</SimpleData>
            <SimpleData name="ci_UNIF">6204299.00000000000</SimpleData>
            <SimpleData name="Situación">NO</SimpleData>
            <SimpleData name="Comunidad">Ind?gena</SimpleData>
            <SimpleData name="Modelo_imp">Modelo 5</SimpleData>
            <SimpleData name="Departamen">GUAIRA</SimpleData>
            <SimpleData name="Distrito">PASO YOBAI</SimpleData>
            <SimpleData name="Localidad">COM INDIG ARROYO HU</SimpleData>
            <SimpleData name="Teléfono">0986552546</SimpleData>
            <SimpleData name="Vivienda_L">-25.66608470000</SimpleData>
            <SimpleData name="Vivienda_1">-55.97940930000</SimpleData>
            <SimpleData name="Superficie">0.70000000000</SimpleData>
            <SimpleData name="Situaci_1">Par?metro</SimpleData>
            <SimpleData name="Plantado">SI</SimpleData>
            <SimpleData name="Fecha_Plan">2026/06/13</SimpleData>
            <SimpleData name="Jornales">0.00000000000</SimpleData>
            <SimpleData name="Monto">0.00000000000</SimpleData>
            <SimpleData name="Grupo_de_p">B-GN-XX-XX-XX</SimpleData>
            <SimpleData name="Estado_del">Activo</SimpleData>
            <SimpleData name="Empresa">Unique Wood Paraguay SA</SimpleData>
            <SimpleData name="Lote">B</SimpleData>
            <SimpleData name="Parametro">0.00000000000</SimpleData>
            <SimpleData name="Sup_SIG">0.73946225610</SimpleData>
            <SimpleData name="X">-55.98005718000</SimpleData>
            <SimpleData name="Y">-25.66636893000</SimpleData>
            <SimpleData name="cedula">6204299</SimpleData>
          </SchemaData>
        </ExtendedData>
        <Polygon>
          <outerBoundaryIs>
            <LinearRing>
              <coordinates>
                -55.9805100000023,-25.6656750001099,0
                -55.9802649995089,-25.6659498998844,0
                -55.9800566995167,-25.6658433000052,0
                -55.9798458993445,-25.6660796993064,0
                -55.9800180993056,-25.6661832995664,0
                -55.9795632996296,-25.6667732997872,0
                -55.979453499139,-25.6666832992558,0
                -55.9793019994408,-25.6669303994987,0
                -55.9796046999847,-25.6671379000989,0
                -55.9808025995729,-25.6658774994427,0
                -55.9805100000023,-25.6656750001099,0
              </coordinates>
            </LinearRing>
          </outerBoundaryIs>
        </Polygon>
      </Placemark>
      <Placemark id="Lote_B.193">
        <ExtendedData>
          <SchemaData schemaUrl="#Lote_B.schema">
            <SimpleData name="Cédula">7467444.00000000000</SimpleData>
            <SimpleData name="Nombres_y_">MARIELA SILVA BENITEZ</SimpleData>
            <SimpleData name="Sexo">Mujer</SimpleData>
            <SimpleData name="Cambio_de_">NO</SimpleData>
            <SimpleData name="Titular_se">NO</SimpleData>
            <SimpleData name="ci_UNIF">7467444.00000000000</SimpleData>
            <SimpleData name="Situación">NO</SimpleData>
            <SimpleData name="Comunidad">Ind?gena</SimpleData>
            <SimpleData name="Modelo_imp">Modelo 6</SimpleData>
            <SimpleData name="Departamen">GUAIRA</SimpleData>
            <SimpleData name="Distrito">PASO YOBAI</SimpleData>
            <SimpleData name="Localidad">COM INDIG ARROYO HU</SimpleData>
            <SimpleData name="Teléfono">0986214813</SimpleData>
            <SimpleData name="Vivienda_L">-25.66815200000</SimpleData>
            <SimpleData name="Vivienda_1">-55.97708880000</SimpleData>
            <SimpleData name="Superficie">0.90000000000</SimpleData>
            <SimpleData name="Situaci_1">Par?metro</SimpleData>
            <SimpleData name="Plantado">SI</SimpleData>
            <SimpleData name="Fecha_Plan">2026/06/17</SimpleData>
            <SimpleData name="Jornales">0.00000000000</SimpleData>
            <SimpleData name="Monto">0.00000000000</SimpleData>
            <SimpleData name="Grupo_de_p">B-GN-XX-XX-XX</SimpleData>
            <SimpleData name="Estado_del">Activo</SimpleData>
            <SimpleData name="Empresa">Unique Wood Paraguay SA</SimpleData>
            <SimpleData name="Lote">B</SimpleData>
            <SimpleData name="Parametro">0.00000000000</SimpleData>
            <SimpleData name="Sup_SIG">0.97624575030</SimpleData>
            <SimpleData name="X">-55.98040945000</SimpleData>
            <SimpleData name="Y">-25.66542859000</SimpleData>
            <SimpleData name="cedula">7467444</SimpleData>
          </SchemaData>
        </ExtendedData>
        <Polygon>
          <outerBoundaryIs>
            <LinearRing>
              <coordinates>
                -55.9796616999692,-25.665521700134,0
                -55.9802666995243,-25.6659200001475,0
                -55.9805166998149,-25.6656583001231,0
                -55.980829999612,-25.6658666993173,0
                -55.9812293990248,-25.6654846998987,0
                -55.9803935993478,-25.6649378999741,0
                -55.9802419996594,-25.6649088994489,0
                -55.9801016993543,-25.6649675997041,0
                -55.9796616999692,-25.665521700134,0
              </coordinates>
            </LinearRing>
          </outerBoundaryIs>
        </Polygon>
      </Placemark>
      <Placemark id="Lote_B.194">
        <ExtendedData>
          <SchemaData schemaUrl="#Lote_B.schema">
            <SimpleData name="Cédula">7828931.00000000000</SimpleData>
            <SimpleData name="Nombres_y_">FRIDA CENTURION AMARILLA</SimpleData>
            <SimpleData name="Sexo">Mujer</SimpleData>
            <SimpleData name="Cambio_de_">NO</SimpleData>
            <SimpleData name="Titular_se">NO</SimpleData>
            <SimpleData name="ci_UNIF">7828931.00000000000</SimpleData>
            <SimpleData name="Situación">NO</SimpleData>
            <SimpleData name="Comunidad">Ind?gena</SimpleData>
            <SimpleData name="Modelo_imp">Modelo 5</SimpleData>
            <SimpleData name="Departamen">GUAIRA</SimpleData>
            <SimpleData name="Distrito">PASO YOBAI</SimpleData>
            <SimpleData name="Localidad">COM INDIG ARROYO HU</SimpleData>
            <SimpleData name="Teléfono">0984008014</SimpleData>
            <SimpleData name="Vivienda_L">-25.66646480000</SimpleData>
            <SimpleData name="Vivienda_1">-55.97886420000</SimpleData>
            <SimpleData name="Superficie">0.70000000000</SimpleData>
            <SimpleData name="Situaci_1">Par?metro</SimpleData>
            <SimpleData name="Plantado">SI</SimpleData>
            <SimpleData name="Fecha_Plan">2026/06/15</SimpleData>
            <SimpleData name="Jornales">0.00000000000</SimpleData>
            <SimpleData name="Monto">0.00000000000</SimpleData>
            <SimpleData name="Grupo_de_p">B-GN-XX-XX-XX</SimpleData>
            <SimpleData name="Estado_del">Activo</SimpleData>
            <SimpleData name="Empresa">Unique Wood Paraguay SA</SimpleData>
            <SimpleData name="Lote">B</SimpleData>
            <SimpleData name="Parametro">0.00000000000</SimpleData>
            <SimpleData name="Sup_SIG">0.75021853183</SimpleData>
            <SimpleData name="X">-55.97870822000</SimpleData>
            <SimpleData name="Y">-25.66586919000</SimpleData>
            <SimpleData name="cedula">7828931</SimpleData>
          </SchemaData>
        </ExtendedData>
        <Polygon>
          <outerBoundaryIs>
            <LinearRing>
              <coordinates>
                -55.9786221995399,-25.6653481995351,0
                -55.978094999728,-25.6661350001251,0
                -55.9784707996996,-25.6663549994978,0
                -55.9787916993247,-25.6662216998494,0
                -55.9789586993137,-25.6660182996625,0
                -55.9791216996874,-25.6660766996648,0
                -55.979371299811,-25.6657094996601,0
                -55.9786221995399,-25.6653481995351,0
              </coordinates>
            </LinearRing>
          </outerBoundaryIs>
        </Polygon>
      </Placemark>
      <Placemark id="Lote_B.195">
        <ExtendedData>
          <SchemaData schemaUrl="#Lote_B.schema">
            <SimpleData name="Cédula">6579046.00000000000</SimpleData>
            <SimpleData name="Nombres_y_">ANGELINA AMARILLA BENITEZ</SimpleData>
            <SimpleData name="Sexo">Mujer</SimpleData>
            <SimpleData name="Cambio_de_">NO</SimpleData>
            <SimpleData name="Titular_se">NO</SimpleData>
            <SimpleData name="ci_UNIF">6579046.00000000000</SimpleData>
            <SimpleData name="Situación">NO</SimpleData>
            <SimpleData name="Comunidad">Ind?gena</SimpleData>
            <SimpleData name="Modelo_imp">Modelo 5</SimpleData>
            <SimpleData name="Departamen">CAAZAPA</SimpleData>
            <SimpleData name="Distrito">ABAI</SimpleData>
            <SimpleData name="Localidad"><![CDATA[COM INDIG ?U APU'A]]></SimpleData>
            <SimpleData name="Teléfono">0982009270</SimpleData>
            <SimpleData name="Vivienda_L">-25.81087210000</SimpleData>
            <SimpleData name="Vivienda_1">-55.80949770000</SimpleData>
            <SimpleData name="Superficie">0.70000000000</SimpleData>
            <SimpleData name="Situaci_1">Par?metro</SimpleData>
            <SimpleData name="Plantado">SI</SimpleData>
            <SimpleData name="Fecha_Plan">2025/12/05</SimpleData>
            <SimpleData name="Jornales">0.00000000000</SimpleData>
            <SimpleData name="Monto">0.00000000000</SimpleData>
            <SimpleData name="Grupo_de_p">B-GN-XX-XX-XX</SimpleData>
            <SimpleData name="Estado_del">Activo</SimpleData>
            <SimpleData name="Empresa">Unique Wood Paraguay SA</SimpleData>
            <SimpleData name="Lote">B</SimpleData>
            <SimpleData name="Parametro">0.00000000000</SimpleData>
            <SimpleData name="Sup_SIG">0.70029844997</SimpleData>
            <SimpleData name="X">-55.80923879000</SimpleData>
            <SimpleData name="Y">-25.81822630000</SimpleData>
            <SimpleData name="cedula">6579046</SimpleData>
          </SchemaData>
        </ExtendedData>
        <MultiGeometry>
          <Polygon>
            <outerBoundaryIs>
              <LinearRing>
                <coordinates>
                  -55.8091843991369,-25.8179006003846,0
                  -55.8090994004899,-25.8178965000201,0
                  -55.8089016991382,-25.8182655004403,0
                  -55.8096767000684,-25.8185667004565,0
                  -55.8091843991369,-25.8179006003846,0
                </coordinates>
              </LinearRing>
            </outerBoundaryIs>
          </Polygon>
          <Polygon>
            <outerBoundaryIs>
              <LinearRing>
                <coordinates>
                  -55.8102467005521,-25.8172838003784,0
                  -55.8096780994055,-25.8172391999113,0
                  -55.8096219997302,-25.8174776010021,0
                  -55.8100974997956,-25.8176590999819,0
                  -55.8102467005521,-25.8172838003784,0
                </coordinates>
              </LinearRing>
            </outerBoundaryIs>
          </Polygon>
          <Polygon>
            <outerBoundaryIs>
              <LinearRing>
                <coordinates>
                  -55.8116658000474,-25.815334999715,0
                  -55.8116685992959,-25.8150838004197,0
                  -55.8112624004469,-25.8151351007634,0
                  -55.8114964004368,-25.8158435005116,0
                  -55.8116658000474,-25.815334999715,0
                </coordinates>
              </LinearRing>
            </outerBoundaryIs>
          </Polygon>
          <Polygon>
            <outerBoundaryIs>
              <LinearRing>
                <coordinates>
                  -55.8111446999207,-25.8123973001615,0
                  -55.8111977002865,-25.8121800004068,0
                  -55.8111453995762,-25.8120962008805,0
                  -55.8107232997696,-25.8126466994315,0
                  -55.8108000000921,-25.8126826000885,0
                  -55.8111446999207,-25.8123973001615,0
                </coordinates>
              </LinearRing>
            </outerBoundaryIs>
          </Polygon>
        </MultiGeometry>
      </Placemark>
      <Placemark id="Lote_B.196">
        <ExtendedData>
          <SchemaData schemaUrl="#Lote_B.schema">
            <SimpleData name="Cédula">6200657.00000000000</SimpleData>
            <SimpleData name="Nombres_y_">PRISCILA DUARTE GALEANO</SimpleData>
            <SimpleData name="Sexo">Mujer</SimpleData>
            <SimpleData name="Cambio_de_">NO</SimpleData>
            <SimpleData name="Titular_se">NO</SimpleData>
            <SimpleData name="ci_UNIF">6200657.00000000000</SimpleData>
            <SimpleData name="Situación">NO</SimpleData>
            <SimpleData name="Comunidad">Ind?gena</SimpleData>
            <SimpleData name="Modelo_imp">Modelo 5</SimpleData>
            <SimpleData name="Departamen">GUAIRA</SimpleData>
            <SimpleData name="Distrito">PASO YOBAI</SimpleData>
            <SimpleData name="Localidad">COM INDIG ARROYO HU</SimpleData>
            <SimpleData name="Teléfono">ND</SimpleData>
            <SimpleData name="Vivienda_L">-25.66955260000</SimpleData>
            <SimpleData name="Vivienda_1">-55.97598070000</SimpleData>
            <SimpleData name="Superficie">0.70000000000</SimpleData>
            <SimpleData name="Situaci_1">Par?metro</SimpleData>
            <SimpleData name="Plantado">SI</SimpleData>
            <SimpleData name="Fecha_Plan">2026/06/15</SimpleData>
            <SimpleData name="Jornales">0.00000000000</SimpleData>
            <SimpleData name="Monto">0.00000000000</SimpleData>
            <SimpleData name="Grupo_de_p">B-GN-XX-XX-XX</SimpleData>
            <SimpleData name="Estado_del">Activo</SimpleData>
            <SimpleData name="Empresa">Unique Wood Paraguay SA</SimpleData>
            <SimpleData name="Lote">B</SimpleData>
            <SimpleData name="Parametro">0.00000000000</SimpleData>
            <SimpleData name="Sup_SIG">0.76120153133</SimpleData>
            <SimpleData name="X">-55.97632396000</SimpleData>
            <SimpleData name="Y">-25.66986099000</SimpleData>
            <SimpleData name="cedula">6200657</SimpleData>
          </SchemaData>
        </ExtendedData>
        <Polygon>
          <outerBoundaryIs>
            <LinearRing>
              <coordinates>
                -55.9759589989009,-25.6704345992526,0
                -55.9763842990576,-25.6705319001802,0
                -55.9765637994104,-25.6701737001472,0
                -55.9766863003129,-25.6695402002431,0
                -55.9766830993765,-25.6693049005187,0
                -55.9761305998008,-25.6692352996767,0
                -55.9759589989009,-25.6704345992526,0
              </coordinates>
            </LinearRing>
          </outerBoundaryIs>
        </Polygon>
      </Placemark>
      <Placemark id="Lote_B.197">
        <ExtendedData>
          <SchemaData schemaUrl="#Lote_B.schema">
            <SimpleData name="Cédula">6198530.00000000000</SimpleData>
            <SimpleData name="Nombres_y_">ZUNILDA RAMIREZ MENDOZA</SimpleData>
            <SimpleData name="Sexo">Mujer</SimpleData>
            <SimpleData name="Cambio_de_">NO</SimpleData>
            <SimpleData name="Titular_se">NO</SimpleData>
            <SimpleData name="ci_UNIF">6198530.00000000000</SimpleData>
            <SimpleData name="Situación">NO</SimpleData>
            <SimpleData name="Comunidad">Ind?gena</SimpleData>
            <SimpleData name="Modelo_imp">Modelo 1</SimpleData>
            <SimpleData name="Departamen">GUAIRA</SimpleData>
            <SimpleData name="Distrito">PASO YOBAI</SimpleData>
            <SimpleData name="Localidad">COM INDIG ARROYO HU</SimpleData>
            <SimpleData name="Teléfono">0986406305</SimpleData>
            <SimpleData name="Vivienda_L">-25.66847940000</SimpleData>
            <SimpleData name="Vivienda_1">-55.97629200000</SimpleData>
            <SimpleData name="Superficie">0.80000000000</SimpleData>
            <SimpleData name="Situaci_1">Par?metro</SimpleData>
            <SimpleData name="Plantado">SI</SimpleData>
            <SimpleData name="Fecha_Plan">2026/07/10</SimpleData>
            <SimpleData name="Jornales">0.00000000000</SimpleData>
            <SimpleData name="Monto">0.00000000000</SimpleData>
            <SimpleData name="Grupo_de_p">B-GN-XX-XX-XX</SimpleData>
            <SimpleData name="Estado_del">Activo</SimpleData>
            <SimpleData name="Empresa">Unique Wood Paraguay SA</SimpleData>
            <SimpleData name="Lote">B</SimpleData>
            <SimpleData name="Parametro">0.00000000000</SimpleData>
            <SimpleData name="Sup_SIG">0.88284627642</SimpleData>
            <SimpleData name="X">-55.97479402000</SimpleData>
            <SimpleData name="Y">-25.67095208000</SimpleData>
            <SimpleData name="cedula">6198530</SimpleData>
          </SchemaData>
        </ExtendedData>
        <Polygon>
          <outerBoundaryIs>
            <LinearRing>
              <coordinates>
                -55.9742752998574,-25.6711604002143,0
                -55.9749553000113,-25.6715966002148,0
                -55.9752619996935,-25.6710065997311,0
                -55.975358000292,-25.6707148001617,0
                -55.9744933004089,-25.6703500005459,0
                -55.9742752998574,-25.6711604002143,0
              </coordinates>
            </LinearRing>
          </outerBoundaryIs>
        </Polygon>
      </Placemark>
      <Placemark id="Lote_B.198">
        <ExtendedData>
          <SchemaData schemaUrl="#Lote_B.schema">
            <SimpleData name="Cédula">6204317.00000000000</SimpleData>
            <SimpleData name="Nombres_y_">JUSTINA BENITEZ DUARTE</SimpleData>
            <SimpleData name="Sexo">Mujer</SimpleData>
            <SimpleData name="Cambio_de_">NO</SimpleData>
            <SimpleData name="Titular_se">NO</SimpleData>
            <SimpleData name="ci_UNIF">6204317.00000000000</SimpleData>
            <SimpleData name="Situación">NO</SimpleData>
            <SimpleData name="Comunidad">Ind?gena</SimpleData>
            <SimpleData name="Modelo_imp">Modelo 6</SimpleData>
            <SimpleData name="Departamen">GUAIRA</SimpleData>
            <SimpleData name="Distrito">PASO YOBAI</SimpleData>
            <SimpleData name="Localidad">COM INDIG ARROYO HU</SimpleData>
            <SimpleData name="Teléfono">0984147165</SimpleData>
            <SimpleData name="Vivienda_L">-25.66769670000</SimpleData>
            <SimpleData name="Vivienda_1">-55.97628670000</SimpleData>
            <SimpleData name="Superficie">0.90000000000</SimpleData>
            <SimpleData name="Situaci_1">Par?metro</SimpleData>
            <SimpleData name="Plantado">SI</SimpleData>
            <SimpleData name="Fecha_Plan">2026/07/10</SimpleData>
            <SimpleData name="Jornales">0.00000000000</SimpleData>
            <SimpleData name="Monto">0.00000000000</SimpleData>
            <SimpleData name="Grupo_de_p">B-GN-XX-XX-XX</SimpleData>
            <SimpleData name="Estado_del">Activo</SimpleData>
            <SimpleData name="Empresa">Unique Wood Paraguay SA</SimpleData>
            <SimpleData name="Lote">B</SimpleData>
            <SimpleData name="Parametro">0.00000000000</SimpleData>
            <SimpleData name="Sup_SIG">0.94743981774</SimpleData>
            <SimpleData name="X">-55.97523753000</SimpleData>
            <SimpleData name="Y">-25.66866871000</SimpleData>
            <SimpleData name="cedula">6204317</SimpleData>
          </SchemaData>
        </ExtendedData>
        <MultiGeometry>
          <Polygon>
            <outerBoundaryIs>
              <LinearRing>
                <coordinates>
                  -55.9745668003053,-25.6696659000241,0
                  -55.9752032007125,-25.6690269009338,0
                  -55.9748517002228,-25.6687317002788,0
                  -55.9742227996259,-25.6693518999714,0
                  -55.9745668003053,-25.6696659000241,0
                </coordinates>
              </LinearRing>
            </outerBoundaryIs>
          </Polygon>
          <Polygon>
            <outerBoundaryIs>
              <LinearRing>
                <coordinates>
                  -55.9755405998357,-25.6686017998262,0
                  -55.9752902997152,-25.6683845008107,0
                  -55.9750862006096,-25.6686079005755,0
                  -55.9753692001342,-25.6687634004987,0
                  -55.9755405998357,-25.6686017998262,0
                </coordinates>
              </LinearRing>
            </outerBoundaryIs>
          </Polygon>
          <Polygon>
            <outerBoundaryIs>
              <LinearRing>
                <coordinates>
                  -55.9762968007124,-25.6679128011871,0
                  -55.9759885004096,-25.667641900895,0
                  -55.9753660006631,-25.6682379006258,0
                  -55.9756685001192,-25.6685149998883,0
                  -55.9762968007124,-25.6679128011871,0
                </coordinates>
              </LinearRing>
            </outerBoundaryIs>
          </Polygon>
        </MultiGeometry>
      </Placemark>
      <Placemark id="Lote_B.199">
        <ExtendedData>
          <SchemaData schemaUrl="#Lote_B.schema">
            <SimpleData name="Cédula">7474055.00000000000</SimpleData>
            <SimpleData name="Nombres_y_">VILMA RAMIREZ AQUINO</SimpleData>
            <SimpleData name="Sexo">Mujer</SimpleData>
            <SimpleData name="Cambio_de_">NO</SimpleData>
            <SimpleData name="Titular_se">NO</SimpleData>
            <SimpleData name="ci_UNIF">7474055.00000000000</SimpleData>
            <SimpleData name="Situación">NO</SimpleData>
            <SimpleData name="Comunidad">Ind?gena</SimpleData>
            <SimpleData name="Modelo_imp">Modelo 5</SimpleData>
            <SimpleData name="Departamen">GUAIRA</SimpleData>
            <SimpleData name="Distrito">PASO YOBAI</SimpleData>
            <SimpleData name="Localidad">COM INDIG ARROYO HU</SimpleData>
            <SimpleData name="Teléfono">0984147165</SimpleData>
            <SimpleData name="Vivienda_L">-25.67146830000</SimpleData>
            <SimpleData name="Vivienda_1">-55.98900180000</SimpleData>
            <SimpleData name="Superficie">0.70000000000</SimpleData>
            <SimpleData name="Situaci_1">Par?metro</SimpleData>
            <SimpleData name="Plantado">SI</SimpleData>
            <SimpleData name="Fecha_Plan">2026/07/01</SimpleData>
            <SimpleData name="Jornales">0.00000000000</SimpleData>
            <SimpleData name="Monto">0.00000000000</SimpleData>
            <SimpleData name="Grupo_de_p">B-GN-XX-XX-XX</SimpleData>
            <SimpleData name="Estado_del">Activo</SimpleData>
            <SimpleData name="Empresa">Unique Wood Paraguay SA</SimpleData>
            <SimpleData name="Lote">B</SimpleData>
            <SimpleData name="Parametro">0.00000000000</SimpleData>
            <SimpleData name="Sup_SIG">0.78526769675</SimpleData>
            <SimpleData name="X">-55.98961325000</SimpleData>
            <SimpleData name="Y">-25.67065891000</SimpleData>
            <SimpleData name="cedula">7474055</SimpleData>
          </SchemaData>
        </ExtendedData>
        <Polygon>
          <outerBoundaryIs>
            <LinearRing>
              <coordinates>
                -55.98954454278,-25.6712743467822,0
                -55.9896354005083,-25.6713194004572,0
                -55.989924966963,-25.6707010608513,0
                -55.9900800002405,-25.6703700004451,0
                -55.9898749999213,-25.6699599999986,0
                -55.9897304003804,-25.6699547994772,0
                -55.9890417000453,-25.6710250002559,0
                -55.98954454278,-25.6712743467822,0
              </coordinates>
            </LinearRing>
          </outerBoundaryIs>
        </Polygon>
      </Placemark>
      <Placemark id="Lote_B.200">
        <ExtendedData>
          <SchemaData schemaUrl="#Lote_B.schema">
            <SimpleData name="Cédula">7621836.00000000000</SimpleData>
            <SimpleData name="Nombres_y_">LUCIA TOMASA GALEANO CARVALLO</SimpleData>
            <SimpleData name="Sexo">Mujer</SimpleData>
            <SimpleData name="Cambio_de_">NO</SimpleData>
            <SimpleData name="Titular_se">NO</SimpleData>
            <SimpleData name="ci_UNIF">7621836.00000000000</SimpleData>
            <SimpleData name="Situación">NO</SimpleData>
            <SimpleData name="Comunidad">Ind?gena</SimpleData>
            <SimpleData name="Modelo_imp">Modelo 6</SimpleData>
            <SimpleData name="Departamen">GUAIRA</SimpleData>
            <SimpleData name="Distrito">PASO YOBAI</SimpleData>
            <SimpleData name="Localidad">COM INDIG ARROYO HU</SimpleData>
            <SimpleData name="Teléfono">0984576329</SimpleData>
            <SimpleData name="Vivienda_L">-25.66600930000</SimpleData>
            <SimpleData name="Vivienda_1">-55.98553270000</SimpleData>
            <SimpleData name="Superficie">0.90000000000</SimpleData>
            <SimpleData name="Situaci_1">Par?metro</SimpleData>
            <SimpleData name="Plantado">SI</SimpleData>
            <SimpleData name="Fecha_Plan">2026/07/07</SimpleData>
            <SimpleData name="Jornales">0.00000000000</SimpleData>
            <SimpleData name="Monto">0.00000000000</SimpleData>
            <SimpleData name="Grupo_de_p">B-GN-XX-XX-XX</SimpleData>
            <SimpleData name="Estado_del">Activo</SimpleData>
            <SimpleData name="Empresa">Unique Wood Paraguay SA</SimpleData>
            <SimpleData name="Lote">B</SimpleData>
            <SimpleData name="Parametro">0.00000000000</SimpleData>
            <SimpleData name="Sup_SIG">0.91996045371</SimpleData>
            <SimpleData name="X">-55.98539996000</SimpleData>
            <SimpleData name="Y">-25.66672371000</SimpleData>
            <SimpleData name="cedula">7621836</SimpleData>
          </SchemaData>
        </ExtendedData>
        <Polygon>
          <outerBoundaryIs>
            <LinearRing>
              <coordinates>
                -55.9847767007023,-25.6671116003016,0
                -55.9851703002778,-25.6673929998216,0
                -55.9854657000353,-25.6670541004385,0
                -55.9860966000416,-25.6666195003781,0
                -55.9859532992897,-25.6663944992866,0
                -55.985509599695,-25.6661011003182,0
                -55.9848869000729,-25.6666969005222,0
                -55.9849760995155,-25.666796799879,0
                -55.9847767007023,-25.6671116003016,0
              </coordinates>
            </LinearRing>
          </outerBoundaryIs>
        </Polygon>
      </Placemark>
      <Placemark id="Lote_B.201">
        <ExtendedData>
          <SchemaData schemaUrl="#Lote_B.schema">
            <SimpleData name="Cédula">8319589.00000000000</SimpleData>
            <SimpleData name="Nombres_y_">JORGE MACIEL FERNANDEZ</SimpleData>
            <SimpleData name="Sexo">Hombre</SimpleData>
            <SimpleData name="Cambio_de_">NO</SimpleData>
            <SimpleData name="Titular_se">NO</SimpleData>
            <SimpleData name="ci_UNIF">8319589.00000000000</SimpleData>
            <SimpleData name="Situación">NO</SimpleData>
            <SimpleData name="Comunidad">Ind?gena</SimpleData>
            <SimpleData name="Modelo_imp">Modelo 5</SimpleData>
            <SimpleData name="Departamen">GUAIRA</SimpleData>
            <SimpleData name="Distrito">PASO YOBAI</SimpleData>
            <SimpleData name="Localidad">COM INDIG ARROYO HU</SimpleData>
            <SimpleData name="Teléfono">0994522740</SimpleData>
            <SimpleData name="Vivienda_L">-25.66785080000</SimpleData>
            <SimpleData name="Vivienda_1">-55.99441150000</SimpleData>
            <SimpleData name="Superficie">0.70000000000</SimpleData>
            <SimpleData name="Situaci_1">Par?metro</SimpleData>
            <SimpleData name="Plantado">SI</SimpleData>
            <SimpleData name="Fecha_Plan">2026/07/07</SimpleData>
            <SimpleData name="Jornales">0.00000000000</SimpleData>
            <SimpleData name="Monto">0.00000000000</SimpleData>
            <SimpleData name="Grupo_de_p">B-GN-XX-XX-XX</SimpleData>
            <SimpleData name="Estado_del">Activo</SimpleData>
            <SimpleData name="Empresa">Unique Wood Paraguay SA</SimpleData>
            <SimpleData name="Lote">B</SimpleData>
            <SimpleData name="Parametro">0.00000000000</SimpleData>
            <SimpleData name="Sup_SIG">0.70859922319</SimpleData>
            <SimpleData name="X">-55.99654047000</SimpleData>
            <SimpleData name="Y">-25.66869939000</SimpleData>
            <SimpleData name="cedula">8319589</SimpleData>
          </SchemaData>
        </ExtendedData>
        <Polygon>
          <outerBoundaryIs>
            <LinearRing>
              <coordinates>
                -55.9964200028847,-25.6681375554674,0
                -55.9959945005025,-25.6686122001937,0
                -55.9961356999331,-25.6688405002191,0
                -55.9967333007767,-25.6692550004707,0
                -55.9970933002583,-25.6687466996698,0
                -55.9966008786775,-25.66828878565,0
                -55.996428300226,-25.6681282995991,0
                -55.9964200028847,-25.6681375554674,0
              </coordinates>
            </LinearRing>
          </outerBoundaryIs>
        </Polygon>
      </Placemark>
      <Placemark id="Lote_B.202">
        <ExtendedData>
          <SchemaData schemaUrl="#Lote_B.schema">
            <SimpleData name="Cédula">8563611.00000000000</SimpleData>
            <SimpleData name="Nombres_y_">ELVA CARBALLO CACERES</SimpleData>
            <SimpleData name="Sexo">Mujer</SimpleData>
            <SimpleData name="Cambio_de_">NO</SimpleData>
            <SimpleData name="Titular_se">NO</SimpleData>
            <SimpleData name="ci_UNIF">8563611.00000000000</SimpleData>
            <SimpleData name="Situación">NO</SimpleData>
            <SimpleData name="Comunidad">Ind?gena</SimpleData>
            <SimpleData name="Modelo_imp">Modelo 5</SimpleData>
            <SimpleData name="Departamen">GUAIRA</SimpleData>
            <SimpleData name="Distrito">PASO YOBAI</SimpleData>
            <SimpleData name="Localidad">COM INDIG ARROYO HU</SimpleData>
            <SimpleData name="Teléfono">0981267577</SimpleData>
            <SimpleData name="Vivienda_L">-25.67391730000</SimpleData>
            <SimpleData name="Vivienda_1">-55.97406250000</SimpleData>
            <SimpleData name="Superficie">0.70000000000</SimpleData>
            <SimpleData name="Situaci_1">Par?metro</SimpleData>
            <SimpleData name="Plantado">SI</SimpleData>
            <SimpleData name="Fecha_Plan">2026/07/10</SimpleData>
            <SimpleData name="Jornales">0.00000000000</SimpleData>
            <SimpleData name="Monto">0.00000000000</SimpleData>
            <SimpleData name="Grupo_de_p">B-GN-XX-XX-XX</SimpleData>
            <SimpleData name="Estado_del">Activo</SimpleData>
            <SimpleData name="Empresa">Unique Wood Paraguay SA</SimpleData>
            <SimpleData name="Lote">B</SimpleData>
            <SimpleData name="Parametro">0.00000000000</SimpleData>
            <SimpleData name="Sup_SIG">0.71558158071</SimpleData>
            <SimpleData name="X">-55.97261489000</SimpleData>
            <SimpleData name="Y">-25.67273730000</SimpleData>
            <SimpleData name="cedula">8563611</SimpleData>
          </SchemaData>
        </ExtendedData>
        <MultiGeometry>
          <Polygon>
            <outerBoundaryIs>
              <LinearRing>
                <coordinates>
                  -55.9733317003617,-25.6746283004633,0
                  -55.9739026999705,-25.6741858008839,0
                  -55.9736484003209,-25.6738547010102,0
                  -55.9730433006529,-25.6744450004002,0
                  -55.9733317003617,-25.6746283004633,0
                </coordinates>
              </LinearRing>
            </outerBoundaryIs>
          </Polygon>
          <Polygon>
            <outerBoundaryIs>
              <LinearRing>
                <coordinates>
                  -55.9726719000851,-25.6731358999839,0
                  -55.9730548995076,-25.6727187001926,0
                  -55.9725151000946,-25.672323299918,0
                  -55.9724523069168,-25.6724171495106,0
                  -55.9723239052812,-25.6726090563211,0
                  -55.9722017004383,-25.6727917000958,0
                  -55.9726719000851,-25.6731358999839,0
                </coordinates>
              </LinearRing>
            </outerBoundaryIs>
          </Polygon>
        </MultiGeometry>
      </Placemark>
      <Placemark id="Lote_B.203">
        <ExtendedData>
          <SchemaData schemaUrl="#Lote_B.schema">
            <SimpleData name="Cédula">1479279.00000000000</SimpleData>
            <SimpleData name="Nombres_y_">JACINTO EMILIO SANCHEZ</SimpleData>
            <SimpleData name="Sexo">Hombre</SimpleData>
            <SimpleData name="Cambio_de_">NO</SimpleData>
            <SimpleData name="Titular_se">NO</SimpleData>
            <SimpleData name="ci_UNIF">1479279.00000000000</SimpleData>
            <SimpleData name="Situación">NO</SimpleData>
            <SimpleData name="Comunidad">Ind?gena</SimpleData>
            <SimpleData name="Modelo_imp">Modelo 4</SimpleData>
            <SimpleData name="Departamen">CAAZAPA</SimpleData>
            <SimpleData name="Distrito">ABAI</SimpleData>
            <SimpleData name="Localidad">COM INDIG YPETIMI</SimpleData>
            <SimpleData name="Teléfono">987136562</SimpleData>
            <SimpleData name="Vivienda_L">-25.94109550000</SimpleData>
            <SimpleData name="Vivienda_1">-55.70499180000</SimpleData>
            <SimpleData name="Superficie">0.70000000000</SimpleData>
            <SimpleData name="Situaci_1">Par?metro</SimpleData>
            <SimpleData name="Plantado">NO</SimpleData>
            <SimpleData name="Jornales">0.00000000000</SimpleData>
            <SimpleData name="Monto">0.00000000000</SimpleData>
            <SimpleData name="Grupo_de_p">B-GN-XX-XX-XX</SimpleData>
            <SimpleData name="Estado_del">Activo</SimpleData>
            <SimpleData name="Empresa">Unique Wood Paraguay SA</SimpleData>
            <SimpleData name="Lote">B</SimpleData>
            <SimpleData name="Parametro">0.00000000000</SimpleData>
            <SimpleData name="Sup_SIG">0.72305423797</SimpleData>
            <SimpleData name="X">-55.73081003000</SimpleData>
            <SimpleData name="Y">-25.95235980000</SimpleData>
            <SimpleData name="cedula">1479279</SimpleData>
          </SchemaData>
        </ExtendedData>
        <Polygon>
          <outerBoundaryIs>
            <LinearRing>
              <coordinates>
                -55.7302132999967,-25.9521667003047,0
                -55.7306363864686,-25.9528111810119,0
                -55.7306750004273,-25.9528700001065,0
                -55.7314168665092,-25.952522086233,0
                -55.7309371029835,-25.9518641423593,0
                -55.7307515641066,-25.9519417000434,0
                -55.7302301311344,-25.9521596638928,0
                -55.7302132999967,-25.9521667003047,0
              </coordinates>
            </LinearRing>
          </outerBoundaryIs>
        </Polygon>
      </Placemark>
      <Placemark id="Lote_B.204">
        <ExtendedData>
          <SchemaData schemaUrl="#Lote_B.schema">
            <SimpleData name="Cédula">1608848.00000000000</SimpleData>
            <SimpleData name="Nombres_y_">ANDRES ACHIPURAGI TORRES</SimpleData>
            <SimpleData name="Sexo">Hombre</SimpleData>
            <SimpleData name="Cambio_de_">NO</SimpleData>
            <SimpleData name="Titular_se">NO</SimpleData>
            <SimpleData name="ci_UNIF">1608848.00000000000</SimpleData>
            <SimpleData name="Situación">NO</SimpleData>
            <SimpleData name="Comunidad">Ind?gena</SimpleData>
            <SimpleData name="Modelo_imp">Modelo 4</SimpleData>
            <SimpleData name="Departamen">CAAZAPA</SimpleData>
            <SimpleData name="Distrito">ABAI</SimpleData>
            <SimpleData name="Localidad">COM INDIG YPETIMI</SimpleData>
            <SimpleData name="Teléfono">ND</SimpleData>
            <SimpleData name="Vivienda_L">-25.94102730000</SimpleData>
            <SimpleData name="Vivienda_1">-55.70501720000</SimpleData>
            <SimpleData name="Superficie">0.70000000000</SimpleData>
            <SimpleData name="Situaci_1">Par?metro</SimpleData>
            <SimpleData name="Plantado">NO</SimpleData>
            <SimpleData name="Jornales">0.00000000000</SimpleData>
            <SimpleData name="Monto">0.00000000000</SimpleData>
            <SimpleData name="Grupo_de_p">B-GN-XX-XX-XX</SimpleData>
            <SimpleData name="Estado_del">Activo</SimpleData>
            <SimpleData name="Empresa">Unique Wood Paraguay SA</SimpleData>
            <SimpleData name="Lote">B</SimpleData>
            <SimpleData name="Parametro">0.00000000000</SimpleData>
            <SimpleData name="Sup_SIG">0.72910955911</SimpleData>
            <SimpleData name="X">-55.73162152000</SimpleData>
            <SimpleData name="Y">-25.95211871000</SimpleData>
            <SimpleData name="cedula">1608848</SimpleData>
          </SchemaData>
        </ExtendedData>
        <Polygon>
          <outerBoundaryIs>
            <LinearRing>
              <coordinates>
                -55.7309371029835,-25.9518641423593,0
                -55.7314168665092,-25.952522086233,0
                -55.7322716998315,-25.952385499194,0
                -55.7319036308572,-25.9517389904103,0
                -55.7309919352918,-25.9518407090159,0
                -55.7309371029835,-25.9518641423593,0
              </coordinates>
            </LinearRing>
          </outerBoundaryIs>
        </Polygon>
      </Placemark>
      <Placemark id="Lote_B.205">
        <ExtendedData>
          <SchemaData schemaUrl="#Lote_B.schema">
            <SimpleData name="Cédula">4630088.00000000000</SimpleData>
            <SimpleData name="Nombres_y_">GRABIEL KRACHOVAGI MBYVANGI MBEPIRANGI</SimpleData>
            <SimpleData name="Sexo">Hombre</SimpleData>
            <SimpleData name="Cambio_de_">NO</SimpleData>
            <SimpleData name="Titular_se">NO</SimpleData>
            <SimpleData name="ci_UNIF">4630088.00000000000</SimpleData>
            <SimpleData name="Situación">NO</SimpleData>
            <SimpleData name="Comunidad">Ind?gena</SimpleData>
            <SimpleData name="Modelo_imp">Modelo 4</SimpleData>
            <SimpleData name="Departamen">CAAZAPA</SimpleData>
            <SimpleData name="Distrito">ABAI</SimpleData>
            <SimpleData name="Localidad">COM INDIG YPETIMI</SimpleData>
            <SimpleData name="Teléfono">983276556</SimpleData>
            <SimpleData name="Vivienda_L">-25.94103260000</SimpleData>
            <SimpleData name="Vivienda_1">-55.70494380000</SimpleData>
            <SimpleData name="Superficie">0.70000000000</SimpleData>
            <SimpleData name="Situaci_1">Par?metro</SimpleData>
            <SimpleData name="Plantado">NO</SimpleData>
            <SimpleData name="Jornales">0.00000000000</SimpleData>
            <SimpleData name="Monto">0.00000000000</SimpleData>
            <SimpleData name="Grupo_de_p">B-GN-XX-XX-XX</SimpleData>
            <SimpleData name="Estado_del">Activo</SimpleData>
            <SimpleData name="Empresa">Unique Wood Paraguay SA</SimpleData>
            <SimpleData name="Lote">B</SimpleData>
            <SimpleData name="Parametro">0.00000000000</SimpleData>
            <SimpleData name="Sup_SIG">0.72036176231</SimpleData>
            <SimpleData name="X">-55.73129670000</SimpleData>
            <SimpleData name="Y">-25.95141948000</SimpleData>
            <SimpleData name="cedula">4630088</SimpleData>
          </SchemaData>
        </ExtendedData>
        <Polygon>
          <outerBoundaryIs>
            <LinearRing>
              <coordinates>
                -55.7310307860183,-25.9517780582445,0
                -55.7310467002075,-25.9518067008284,0
                -55.7314099735086,-25.9517758562884,0
                -55.7319067966918,-25.9517336714302,0
                -55.7319464997519,-25.9517303002736,0
                -55.7319188029182,-25.9516849926284,0
                -55.7315074003756,-25.9510120000611,0
                -55.7306654995401,-25.9511206003058,0
                -55.7310307860183,-25.9517780582445,0
              </coordinates>
            </LinearRing>
          </outerBoundaryIs>
        </Polygon>
      </Placemark>
      <Placemark id="Lote_B.206">
        <ExtendedData>
          <SchemaData schemaUrl="#Lote_B.schema">
            <SimpleData name="Cédula">5113106.00000000000</SimpleData>
            <SimpleData name="Nombres_y_">ESTEBAN  TYKUARANGI</SimpleData>
            <SimpleData name="Sexo">Hombre</SimpleData>
            <SimpleData name="Cambio_de_">NO</SimpleData>
            <SimpleData name="Titular_se">NO</SimpleData>
            <SimpleData name="ci_UNIF">5113106.00000000000</SimpleData>
            <SimpleData name="Situación">NO</SimpleData>
            <SimpleData name="Comunidad">Ind?gena</SimpleData>
            <SimpleData name="Modelo_imp">Modelo 4</SimpleData>
            <SimpleData name="Departamen">CAAZAPA</SimpleData>
            <SimpleData name="Distrito">ABAI</SimpleData>
            <SimpleData name="Localidad">COM INDIG YPETIMI</SimpleData>
            <SimpleData name="Teléfono">982191053</SimpleData>
            <SimpleData name="Vivienda_L">-25.94125400000</SimpleData>
            <SimpleData name="Vivienda_1">-55.70505680000</SimpleData>
            <SimpleData name="Superficie">0.70000000000</SimpleData>
            <SimpleData name="Situaci_1">Par?metro</SimpleData>
            <SimpleData name="Plantado">NO</SimpleData>
            <SimpleData name="Jornales">0.00000000000</SimpleData>
            <SimpleData name="Monto">0.00000000000</SimpleData>
            <SimpleData name="Grupo_de_p">B-GN-XX-XX-XX</SimpleData>
            <SimpleData name="Estado_del">Activo</SimpleData>
            <SimpleData name="Empresa">Unique Wood Paraguay SA</SimpleData>
            <SimpleData name="Lote">B</SimpleData>
            <SimpleData name="Parametro">0.00000000000</SimpleData>
            <SimpleData name="Sup_SIG">0.71881292636</SimpleData>
            <SimpleData name="X">-55.72680350000</SimpleData>
            <SimpleData name="Y">-25.95345716000</SimpleData>
            <SimpleData name="cedula">5113106</SimpleData>
          </SchemaData>
        </ExtendedData>
        <Polygon>
          <outerBoundaryIs>
            <LinearRing>
              <coordinates>
                -55.7264382052464,-25.9531081404418,0
                -55.726120384463,-25.9531450322275,0
                -55.7266127998196,-25.9538283996632,0
                -55.7274643998274,-25.9538152999214,0
                -55.7274544686533,-25.9537958247613,0
                -55.7270148234256,-25.9530730928208,0
                -55.7264382052464,-25.9531081404418,0
              </coordinates>
            </LinearRing>
          </outerBoundaryIs>
        </Polygon>
      </Placemark>
      <Placemark id="Lote_B.207">
        <ExtendedData>
          <SchemaData schemaUrl="#Lote_B.schema">
            <SimpleData name="Cédula">5451931.00000000000</SimpleData>
            <SimpleData name="Nombres_y_">NOELIA MEMBOPURANGI</SimpleData>
            <SimpleData name="Sexo">Mujer</SimpleData>
            <SimpleData name="Cambio_de_">NO</SimpleData>
            <SimpleData name="Titular_se">NO</SimpleData>
            <SimpleData name="ci_UNIF">5451931.00000000000</SimpleData>
            <SimpleData name="Situación">NO</SimpleData>
            <SimpleData name="Comunidad">Ind?gena</SimpleData>
            <SimpleData name="Modelo_imp">Modelo 4</SimpleData>
            <SimpleData name="Departamen">CAAZAPA</SimpleData>
            <SimpleData name="Distrito">ABAI</SimpleData>
            <SimpleData name="Localidad">COM INDIG YPETIMI</SimpleData>
            <SimpleData name="Teléfono">0984026556</SimpleData>
            <SimpleData name="Vivienda_L">-25.94102300000</SimpleData>
            <SimpleData name="Vivienda_1">-55.70494440000</SimpleData>
            <SimpleData name="Superficie">0.70000000000</SimpleData>
            <SimpleData name="Situaci_1">Par?metro</SimpleData>
            <SimpleData name="Plantado">NO</SimpleData>
            <SimpleData name="Jornales">0.00000000000</SimpleData>
            <SimpleData name="Monto">0.00000000000</SimpleData>
            <SimpleData name="Grupo_de_p">B-GN-XX-XX-XX</SimpleData>
            <SimpleData name="Estado_del">Activo</SimpleData>
            <SimpleData name="Empresa">Unique Wood Paraguay SA</SimpleData>
            <SimpleData name="Lote">B</SimpleData>
            <SimpleData name="Parametro">0.00000000000</SimpleData>
            <SimpleData name="Sup_SIG">0.72359464800</SimpleData>
            <SimpleData name="X">-55.73251408000</SimpleData>
            <SimpleData name="Y">-25.95196406000</SimpleData>
            <SimpleData name="cedula">5451931</SimpleData>
          </SchemaData>
        </ExtendedData>
        <Polygon>
          <outerBoundaryIs>
            <LinearRing>
              <coordinates>
                -55.7319241706136,-25.9516839787821,0
                -55.7319256833032,-25.9516860559554,0
                -55.7319588089051,-25.9517315474721,0
                -55.7319079451549,-25.9517357219397,0
                -55.7322716998315,-25.952385499194,0
                -55.7331381583149,-25.9522231202977,0
                -55.732766799763,-25.9515527006709,0
                -55.7319241706136,-25.9516839787821,0
              </coordinates>
            </LinearRing>
          </outerBoundaryIs>
        </Polygon>
      </Placemark>
      <Placemark id="Lote_B.208">
        <ExtendedData>
          <SchemaData schemaUrl="#Lote_B.schema">
            <SimpleData name="Cédula">5451955.00000000000</SimpleData>
            <SimpleData name="Nombres_y_">ELIZABETH  CHEJUGI</SimpleData>
            <SimpleData name="Sexo">Mujer</SimpleData>
            <SimpleData name="Cambio_de_">NO</SimpleData>
            <SimpleData name="Titular_se">NO</SimpleData>
            <SimpleData name="ci_UNIF">5451955.00000000000</SimpleData>
            <SimpleData name="Situación">NO</SimpleData>
            <SimpleData name="Comunidad">Ind?gena</SimpleData>
            <SimpleData name="Modelo_imp">Modelo 4</SimpleData>
            <SimpleData name="Departamen">CAAZAPA</SimpleData>
            <SimpleData name="Distrito">ABAI</SimpleData>
            <SimpleData name="Localidad">COM INDIG YPETIMI</SimpleData>
            <SimpleData name="Teléfono">0</SimpleData>
            <SimpleData name="Vivienda_L">-25.94102140000</SimpleData>
            <SimpleData name="Vivienda_1">-55.70495940000</SimpleData>
            <SimpleData name="Superficie">0.70000000000</SimpleData>
            <SimpleData name="Situaci_1">Par?metro</SimpleData>
            <SimpleData name="Plantado">NO</SimpleData>
            <SimpleData name="Jornales">0.00000000000</SimpleData>
            <SimpleData name="Monto">0.00000000000</SimpleData>
            <SimpleData name="Grupo_de_p">B-GN-XX-XX-XX</SimpleData>
            <SimpleData name="Estado_del">Activo</SimpleData>
            <SimpleData name="Empresa">Unique Wood Paraguay SA</SimpleData>
            <SimpleData name="Lote">B</SimpleData>
            <SimpleData name="Parametro">0.00000000000</SimpleData>
            <SimpleData name="Sup_SIG">0.73462313344</SimpleData>
            <SimpleData name="X">-55.73045744000</SimpleData>
            <SimpleData name="Y">-25.95163398000</SimpleData>
            <SimpleData name="cedula">5451955</SimpleData>
          </SchemaData>
        </ExtendedData>
        <Polygon>
          <outerBoundaryIs>
            <LinearRing>
              <coordinates>
                -55.7299040104663,-25.9514213539194,0
                -55.7302325808146,-25.9521511985447,0
                -55.7310362984458,-25.9518142144141,0
                -55.7306536828909,-25.9511274459901,0
                -55.7299040104663,-25.9514213539194,0
              </coordinates>
            </LinearRing>
          </outerBoundaryIs>
        </Polygon>
      </Placemark>
      <Placemark id="Lote_B.209">
        <ExtendedData>
          <SchemaData schemaUrl="#Lote_B.schema">
            <SimpleData name="Cédula">5968753.00000000000</SimpleData>
            <SimpleData name="Nombres_y_">AMELIA KRUVAGI CHIMBEGI CHACHUPURANGI</SimpleData>
            <SimpleData name="Sexo">Mujer</SimpleData>
            <SimpleData name="Cambio_de_">NO</SimpleData>
            <SimpleData name="Titular_se">NO</SimpleData>
            <SimpleData name="ci_UNIF">5968753.00000000000</SimpleData>
            <SimpleData name="Situación">NO</SimpleData>
            <SimpleData name="Comunidad">Ind?gena</SimpleData>
            <SimpleData name="Modelo_imp">Modelo 4</SimpleData>
            <SimpleData name="Departamen">CAAZAPA</SimpleData>
            <SimpleData name="Distrito">ABAI</SimpleData>
            <SimpleData name="Localidad">COM INDIG YPETIMI</SimpleData>
            <SimpleData name="Teléfono">985515167</SimpleData>
            <SimpleData name="Vivienda_L">-25.94108430000</SimpleData>
            <SimpleData name="Vivienda_1">-55.70496500000</SimpleData>
            <SimpleData name="Superficie">0.70000000000</SimpleData>
            <SimpleData name="Situaci_1">Par?metro</SimpleData>
            <SimpleData name="Plantado">NO</SimpleData>
            <SimpleData name="Jornales">0.00000000000</SimpleData>
            <SimpleData name="Monto">0.00000000000</SimpleData>
            <SimpleData name="Grupo_de_p">B-GN-XX-XX-XX</SimpleData>
            <SimpleData name="Estado_del">Activo</SimpleData>
            <SimpleData name="Empresa">Unique Wood Paraguay SA</SimpleData>
            <SimpleData name="Lote">B</SimpleData>
            <SimpleData name="Parametro">0.00000000000</SimpleData>
            <SimpleData name="Sup_SIG">0.69812617597</SimpleData>
            <SimpleData name="X">-55.72929979000</SimpleData>
            <SimpleData name="Y">-25.95293330000</SimpleData>
            <SimpleData name="cedula">5968753</SimpleData>
          </SchemaData>
        </ExtendedData>
        <Polygon>
          <outerBoundaryIs>
            <LinearRing>
              <coordinates>
                -55.7286995340986,-25.9527219914843,0
                -55.7286964744151,-25.9527228981709,0
                -55.7287033232672,-25.9527350800207,0
                -55.7290462322699,-25.9533449842714,0
                -55.7298409372204,-25.9531954950822,0
                -55.7299198999661,-25.9531761001462,0
                -55.7294965778443,-25.9524858271363,0
                -55.7286995340986,-25.9527219914843,0
              </coordinates>
            </LinearRing>
          </outerBoundaryIs>
        </Polygon>
      </Placemark>
      <Placemark id="Lote_B.210">
        <ExtendedData>
          <SchemaData schemaUrl="#Lote_B.schema">
            <SimpleData name="Cédula">6175656.00000000000</SimpleData>
            <SimpleData name="Nombres_y_">NANCY KRAJAGI RAMIREZ MIRANDA</SimpleData>
            <SimpleData name="Sexo">Mujer</SimpleData>
            <SimpleData name="Cambio_de_">NO</SimpleData>
            <SimpleData name="Titular_se">NO</SimpleData>
            <SimpleData name="ci_UNIF">6175656.00000000000</SimpleData>
            <SimpleData name="Situación">NO</SimpleData>
            <SimpleData name="Comunidad">Ind?gena</SimpleData>
            <SimpleData name="Modelo_imp">Modelo 4</SimpleData>
            <SimpleData name="Departamen">CAAZAPA</SimpleData>
            <SimpleData name="Distrito">ABAI</SimpleData>
            <SimpleData name="Localidad">COM INDIG YPETIMI</SimpleData>
            <SimpleData name="Teléfono">0</SimpleData>
            <SimpleData name="Vivienda_L">-25.94114000000</SimpleData>
            <SimpleData name="Vivienda_1">-55.70501130000</SimpleData>
            <SimpleData name="Superficie">0.70000000000</SimpleData>
            <SimpleData name="Situaci_1">Par?metro</SimpleData>
            <SimpleData name="Plantado">NO</SimpleData>
            <SimpleData name="Jornales">0.00000000000</SimpleData>
            <SimpleData name="Monto">0.00000000000</SimpleData>
            <SimpleData name="Grupo_de_p">B-GN-XX-XX-XX</SimpleData>
            <SimpleData name="Estado_del">Activo</SimpleData>
            <SimpleData name="Empresa">Unique Wood Paraguay SA</SimpleData>
            <SimpleData name="Lote">B</SimpleData>
            <SimpleData name="Parametro">0.00000000000</SimpleData>
            <SimpleData name="Sup_SIG">0.72866464858</SimpleData>
            <SimpleData name="X">-55.72817825000</SimpleData>
            <SimpleData name="Y">-25.95241684000</SimpleData>
            <SimpleData name="cedula">6175656</SimpleData>
          </SchemaData>
        </ExtendedData>
        <Polygon>
          <outerBoundaryIs>
            <LinearRing>
              <coordinates>
                -55.7284297872793,-25.9519314557769,0
                -55.7284070530848,-25.9519374587351,0
                -55.7277068209551,-25.9521376666194,0
                -55.7276854917857,-25.9521437648702,0
                -55.727798507708,-25.9527607217181,0
                -55.7278174551067,-25.9528419527186,0
                -55.7286851547285,-25.9527377482369,0
                -55.7287033232672,-25.9527350800207,0
                -55.7286964744151,-25.9527228981709,0
                -55.7286995340986,-25.9527219914843,0
                -55.7287035897711,-25.9527126888757,0
                -55.7285332189103,-25.9521886680308,0
                -55.7284480287114,-25.9519266394368,0
                -55.7284297872793,-25.9519314557769,0
              </coordinates>
            </LinearRing>
          </outerBoundaryIs>
        </Polygon>
      </Placemark>
      <Placemark id="Lote_B.211">
        <ExtendedData>
          <SchemaData schemaUrl="#Lote_B.schema">
            <SimpleData name="Cédula">6302050.00000000000</SimpleData>
            <SimpleData name="Nombres_y_">ESMERALDA  ENEGI</SimpleData>
            <SimpleData name="Sexo">Mujer</SimpleData>
            <SimpleData name="Cambio_de_">NO</SimpleData>
            <SimpleData name="Titular_se">NO</SimpleData>
            <SimpleData name="ci_UNIF">6302050.00000000000</SimpleData>
            <SimpleData name="Situación">NO</SimpleData>
            <SimpleData name="Comunidad">Ind?gena</SimpleData>
            <SimpleData name="Modelo_imp">Modelo 4</SimpleData>
            <SimpleData name="Departamen">CAAZAPA</SimpleData>
            <SimpleData name="Distrito">ABAI</SimpleData>
            <SimpleData name="Localidad">COM INDIG YPETIMI</SimpleData>
            <SimpleData name="Teléfono">984896107</SimpleData>
            <SimpleData name="Vivienda_L">-25.94103050000</SimpleData>
            <SimpleData name="Vivienda_1">-55.70498610000</SimpleData>
            <SimpleData name="Superficie">0.70000000000</SimpleData>
            <SimpleData name="Situaci_1">Par?metro</SimpleData>
            <SimpleData name="Plantado">NO</SimpleData>
            <SimpleData name="Jornales">0.00000000000</SimpleData>
            <SimpleData name="Monto">0.00000000000</SimpleData>
            <SimpleData name="Grupo_de_p">B-GN-XX-XX-XX</SimpleData>
            <SimpleData name="Estado_del">Activo</SimpleData>
            <SimpleData name="Empresa">Unique Wood Paraguay SA</SimpleData>
            <SimpleData name="Lote">B</SimpleData>
            <SimpleData name="Parametro">0.00000000000</SimpleData>
            <SimpleData name="Sup_SIG">0.72178852336</SimpleData>
            <SimpleData name="X">-55.73007936000</SimpleData>
            <SimpleData name="Y">-25.95267544000</SimpleData>
            <SimpleData name="cedula">6302050</SimpleData>
          </SchemaData>
        </ExtendedData>
        <Polygon>
          <outerBoundaryIs>
            <LinearRing>
              <coordinates>
                -55.7294965778443,-25.9524858271363,0
                -55.7299198999661,-25.9531761001462,0
                -55.7299291965269,-25.9531713649665,0
                -55.7306750004273,-25.9528700001065,0
                -55.7306363864686,-25.9528111810119,0
                -55.7302132999967,-25.9521667003047,0
                -55.7294965778443,-25.9524858271363,0
              </coordinates>
            </LinearRing>
          </outerBoundaryIs>
        </Polygon>
      </Placemark>
      <Placemark id="Lote_B.212">
        <ExtendedData>
          <SchemaData schemaUrl="#Lote_B.schema">
            <SimpleData name="Cédula">6694020.00000000000</SimpleData>
            <SimpleData name="Nombres_y_">SONIA  FAGI</SimpleData>
            <SimpleData name="Sexo">Mujer</SimpleData>
            <SimpleData name="Cambio_de_">NO</SimpleData>
            <SimpleData name="Titular_se">NO</SimpleData>
            <SimpleData name="ci_UNIF">6694020.00000000000</SimpleData>
            <SimpleData name="Situación">NO</SimpleData>
            <SimpleData name="Comunidad">Ind?gena</SimpleData>
            <SimpleData name="Modelo_imp">Modelo 4</SimpleData>
            <SimpleData name="Departamen">CAAZAPA</SimpleData>
            <SimpleData name="Distrito">ABAI</SimpleData>
            <SimpleData name="Localidad">COM INDIG YPETIMI</SimpleData>
            <SimpleData name="Teléfono">984140283</SimpleData>
            <SimpleData name="Vivienda_L">-25.94114630000</SimpleData>
            <SimpleData name="Vivienda_1">-55.70500530000</SimpleData>
            <SimpleData name="Superficie">0.70000000000</SimpleData>
            <SimpleData name="Situaci_1">Par?metro</SimpleData>
            <SimpleData name="Plantado">NO</SimpleData>
            <SimpleData name="Jornales">0.00000000000</SimpleData>
            <SimpleData name="Monto">0.00000000000</SimpleData>
            <SimpleData name="Grupo_de_p">B-GN-XX-XX-XX</SimpleData>
            <SimpleData name="Estado_del">Activo</SimpleData>
            <SimpleData name="Empresa">Unique Wood Paraguay SA</SimpleData>
            <SimpleData name="Lote">B</SimpleData>
            <SimpleData name="Parametro">0.00000000000</SimpleData>
            <SimpleData name="Sup_SIG">0.72798069011</SimpleData>
            <SimpleData name="X">-55.72841557000</SimpleData>
            <SimpleData name="Y">-25.95312701000</SimpleData>
            <SimpleData name="cedula">6694020</SimpleData>
          </SchemaData>
        </ExtendedData>
        <Polygon>
          <outerBoundaryIs>
            <LinearRing>
              <coordinates>
                -55.7286851547285,-25.9527377482369,0
                -55.7277182901854,-25.9528797352741,0
                -55.7277316528105,-25.952896606042,0
                -55.7278208283156,-25.9530091989817,0
                -55.7282650008843,-25.9535700000392,0
                -55.7290462322699,-25.9533449842714,0
                -55.7287033232672,-25.9527350800207,0
                -55.7286851547285,-25.9527377482369,0
              </coordinates>
            </LinearRing>
          </outerBoundaryIs>
        </Polygon>
      </Placemark>
      <Placemark id="Lote_B.213">
        <ExtendedData>
          <SchemaData schemaUrl="#Lote_B.schema">
            <SimpleData name="Cédula">6752692.00000000000</SimpleData>
            <SimpleData name="Nombres_y_">KATALINA  TYKUARANGI</SimpleData>
            <SimpleData name="Sexo">Mujer</SimpleData>
            <SimpleData name="Cambio_de_">NO</SimpleData>
            <SimpleData name="Titular_se">NO</SimpleData>
            <SimpleData name="ci_UNIF">6752692.00000000000</SimpleData>
            <SimpleData name="Situación">NO</SimpleData>
            <SimpleData name="Comunidad">Ind?gena</SimpleData>
            <SimpleData name="Modelo_imp">Modelo 4</SimpleData>
            <SimpleData name="Departamen">CAAZAPA</SimpleData>
            <SimpleData name="Distrito">ABAI</SimpleData>
            <SimpleData name="Localidad">COM INDIG YPETIMI</SimpleData>
            <SimpleData name="Teléfono">0</SimpleData>
            <SimpleData name="Vivienda_L">-25.94116390000</SimpleData>
            <SimpleData name="Vivienda_1">-55.70504120000</SimpleData>
            <SimpleData name="Superficie">0.70000000000</SimpleData>
            <SimpleData name="Situaci_1">Par?metro</SimpleData>
            <SimpleData name="Plantado">NO</SimpleData>
            <SimpleData name="Jornales">0.00000000000</SimpleData>
            <SimpleData name="Monto">0.00000000000</SimpleData>
            <SimpleData name="Grupo_de_p">B-GN-XX-XX-XX</SimpleData>
            <SimpleData name="Estado_del">Activo</SimpleData>
            <SimpleData name="Empresa">Unique Wood Paraguay SA</SimpleData>
            <SimpleData name="Lote">B</SimpleData>
            <SimpleData name="Parametro">0.00000000000</SimpleData>
            <SimpleData name="Sup_SIG">0.70306827856</SimpleData>
            <SimpleData name="X">-55.72895648000</SimpleData>
            <SimpleData name="Y">-25.95222539000</SimpleData>
            <SimpleData name="cedula">6752692</SimpleData>
          </SchemaData>
        </ExtendedData>
        <MultiGeometry>
          <Polygon>
            <outerBoundaryIs>
              <LinearRing>
                <coordinates>
                  -55.7285332189103,-25.9521886680308,0
                  -55.7287035897711,-25.9527126888757,0
                  -55.7294974170075,-25.952474452218,0
                  -55.7295003750364,-25.9524731527834,0
                  -55.7295047498773,-25.9524712301713,0
                  -55.7291715920301,-25.9517550003351,0
                  -55.7284480287114,-25.9519266394368,0
                  -55.7285332189103,-25.9521886680308,0
                </coordinates>
              </LinearRing>
            </outerBoundaryIs>
          </Polygon>
          <Polygon>
            <outerBoundaryIs>
              <LinearRing>
                <coordinates>
                  -55.7284070530848,-25.9519374587351,0
                  -55.7284296323579,-25.9519310029894,0
                  -55.7284066864696,-25.9519364461248,0
                  -55.7284070530848,-25.9519374587351,0
                </coordinates>
              </LinearRing>
            </outerBoundaryIs>
          </Polygon>
          <Polygon>
            <outerBoundaryIs>
              <LinearRing>
                <coordinates>
                  -55.7284480287114,-25.9519266394368,0
                  -55.7284296323579,-25.9519310029894,0
                  -55.7284297872793,-25.9519314557769,0
                  -55.7284480287114,-25.9519266394368,0
                </coordinates>
              </LinearRing>
            </outerBoundaryIs>
          </Polygon>
        </MultiGeometry>
      </Placemark>
      <Placemark id="Lote_B.214">
        <ExtendedData>
          <SchemaData schemaUrl="#Lote_B.schema">
            <SimpleData name="Cédula">6773935.00000000000</SimpleData>
            <SimpleData name="Nombres_y_">CELESTE  TAKYPIRANGI</SimpleData>
            <SimpleData name="Sexo">Mujer</SimpleData>
            <SimpleData name="Cambio_de_">NO</SimpleData>
            <SimpleData name="Titular_se">NO</SimpleData>
            <SimpleData name="ci_UNIF">6773935.00000000000</SimpleData>
            <SimpleData name="Situación">NO</SimpleData>
            <SimpleData name="Comunidad">Ind?gena</SimpleData>
            <SimpleData name="Modelo_imp">Modelo 4</SimpleData>
            <SimpleData name="Departamen">CAAZAPA</SimpleData>
            <SimpleData name="Distrito">ABAI</SimpleData>
            <SimpleData name="Localidad">COM INDIG YPETIMI</SimpleData>
            <SimpleData name="Teléfono">0</SimpleData>
            <SimpleData name="Vivienda_L">-25.94108850000</SimpleData>
            <SimpleData name="Vivienda_1">-55.70498950000</SimpleData>
            <SimpleData name="Superficie">0.70000000000</SimpleData>
            <SimpleData name="Situaci_1">Par?metro</SimpleData>
            <SimpleData name="Plantado">NO</SimpleData>
            <SimpleData name="Jornales">0.00000000000</SimpleData>
            <SimpleData name="Monto">0.00000000000</SimpleData>
            <SimpleData name="Grupo_de_p">B-GN-XX-XX-XX</SimpleData>
            <SimpleData name="Estado_del">Activo</SimpleData>
            <SimpleData name="Empresa">Unique Wood Paraguay SA</SimpleData>
            <SimpleData name="Lote">B</SimpleData>
            <SimpleData name="Parametro">0.00000000000</SimpleData>
            <SimpleData name="Sup_SIG">0.72441876514</SimpleData>
            <SimpleData name="X">-55.72970186000</SimpleData>
            <SimpleData name="Y">-25.95193699000</SimpleData>
            <SimpleData name="cedula">6773935</SimpleData>
          </SchemaData>
        </ExtendedData>
        <Polygon>
          <outerBoundaryIs>
            <LinearRing>
              <coordinates>
                -55.7291715920301,-25.9517550003351,0
                -55.7295047498773,-25.9524712301713,0
                -55.7295141136235,-25.9524671167699,0
                -55.7302308141352,-25.9521522258487,0
                -55.7299040104663,-25.9514213539194,0
                -55.7298862000711,-25.9513809005992,0
                -55.7291715920301,-25.9517550003351,0
              </coordinates>
            </LinearRing>
          </outerBoundaryIs>
        </Polygon>
      </Placemark>
      <Placemark id="Lote_B.215">
        <ExtendedData>
          <SchemaData schemaUrl="#Lote_B.schema">
            <SimpleData name="Cédula">6795684.00000000000</SimpleData>
            <SimpleData name="Nombres_y_">SAUL VALENTIN AREVALOS RIOS</SimpleData>
            <SimpleData name="Sexo">Hombre</SimpleData>
            <SimpleData name="Cambio_de_">NO</SimpleData>
            <SimpleData name="Titular_se">NO</SimpleData>
            <SimpleData name="ci_UNIF">6795684.00000000000</SimpleData>
            <SimpleData name="Situación">NO</SimpleData>
            <SimpleData name="Comunidad">Ind?gena</SimpleData>
            <SimpleData name="Modelo_imp">Modelo 4</SimpleData>
            <SimpleData name="Departamen">CAAZAPA</SimpleData>
            <SimpleData name="Distrito">ABAI</SimpleData>
            <SimpleData name="Localidad">COM INDIG YPETIMI</SimpleData>
            <SimpleData name="Teléfono">0</SimpleData>
            <SimpleData name="Vivienda_L">-25.94106570000</SimpleData>
            <SimpleData name="Vivienda_1">-55.70499930000</SimpleData>
            <SimpleData name="Superficie">0.70000000000</SimpleData>
            <SimpleData name="Situaci_1">Par?metro</SimpleData>
            <SimpleData name="Plantado">NO</SimpleData>
            <SimpleData name="Jornales">0.00000000000</SimpleData>
            <SimpleData name="Monto">0.00000000000</SimpleData>
            <SimpleData name="Grupo_de_p">B-GN-XX-XX-XX</SimpleData>
            <SimpleData name="Estado_del">Activo</SimpleData>
            <SimpleData name="Empresa">Unique Wood Paraguay SA</SimpleData>
            <SimpleData name="Lote">B</SimpleData>
            <SimpleData name="Parametro">0.00000000000</SimpleData>
            <SimpleData name="Sup_SIG">0.70330782779</SimpleData>
            <SimpleData name="X">-55.72731295000</SimpleData>
            <SimpleData name="Y">-25.95257100000</SimpleData>
            <SimpleData name="cedula">6795684</SimpleData>
          </SchemaData>
        </ExtendedData>
        <Polygon>
          <outerBoundaryIs>
            <LinearRing>
              <coordinates>
                -55.7267748091387,-25.9524494075776,0
                -55.7270562125433,-25.9530108826334,0
                -55.7277085997759,-25.9528675004234,0
                -55.7278174551067,-25.9528419527186,0
                -55.727798507708,-25.9527607217181,0
                -55.7276854917857,-25.9521437648702,0
                -55.7276852323773,-25.9521423487218,0
                -55.7267208670189,-25.9523389530416,0
                -55.7267748091387,-25.9524494075776,0
              </coordinates>
            </LinearRing>
          </outerBoundaryIs>
        </Polygon>
      </Placemark>
      <Placemark id="Lote_B.216">
        <ExtendedData>
          <SchemaData schemaUrl="#Lote_B.schema">
            <SimpleData name="Cédula">6859993.00000000000</SimpleData>
            <SimpleData name="Nombres_y_">ESTEFANI  TATUGI</SimpleData>
            <SimpleData name="Sexo">Mujer</SimpleData>
            <SimpleData name="Cambio_de_">NO</SimpleData>
            <SimpleData name="Titular_se">NO</SimpleData>
            <SimpleData name="ci_UNIF">6859993.00000000000</SimpleData>
            <SimpleData name="Situación">NO</SimpleData>
            <SimpleData name="Comunidad">Ind?gena</SimpleData>
            <SimpleData name="Modelo_imp">Modelo 4</SimpleData>
            <SimpleData name="Departamen">CAAZAPA</SimpleData>
            <SimpleData name="Distrito">ABAI</SimpleData>
            <SimpleData name="Localidad">COM INDIG YPETIMI</SimpleData>
            <SimpleData name="Teléfono">0</SimpleData>
            <SimpleData name="Vivienda_L">-25.94108600000</SimpleData>
            <SimpleData name="Vivienda_1">-55.70500970000</SimpleData>
            <SimpleData name="Superficie">0.70000000000</SimpleData>
            <SimpleData name="Situaci_1">Par?metro</SimpleData>
            <SimpleData name="Plantado">NO</SimpleData>
            <SimpleData name="Jornales">0.00000000000</SimpleData>
            <SimpleData name="Monto">0.00000000000</SimpleData>
            <SimpleData name="Grupo_de_p">B-GN-XX-XX-XX</SimpleData>
            <SimpleData name="Estado_del">Activo</SimpleData>
            <SimpleData name="Empresa">Unique Wood Paraguay SA</SimpleData>
            <SimpleData name="Lote">B</SimpleData>
            <SimpleData name="Parametro">0.00000000000</SimpleData>
            <SimpleData name="Sup_SIG">0.72095158604</SimpleData>
            <SimpleData name="X">-55.73214645000</SimpleData>
            <SimpleData name="Y">-25.95126460000</SimpleData>
            <SimpleData name="cedula">6859993</SimpleData>
          </SchemaData>
        </ExtendedData>
        <Polygon>
          <outerBoundaryIs>
            <LinearRing>
              <coordinates>
                -55.7319241706136,-25.9516839787821,0
                -55.732766799763,-25.9515527006709,0
                -55.7323542997916,-25.9508279996886,0
                -55.7315267004775,-25.9509982994802,0
                -55.7319241706136,-25.9516839787821,0
              </coordinates>
            </LinearRing>
          </outerBoundaryIs>
        </Polygon>
      </Placemark>
      <Placemark id="Lote_B.217">
        <ExtendedData>
          <SchemaData schemaUrl="#Lote_B.schema">
            <SimpleData name="Cédula">7460613.00000000000</SimpleData>
            <SimpleData name="Nombres_y_">VICTORIANO  BOGADO RIOS</SimpleData>
            <SimpleData name="Sexo">Hombre</SimpleData>
            <SimpleData name="Cambio_de_">NO</SimpleData>
            <SimpleData name="Titular_se">NO</SimpleData>
            <SimpleData name="ci_UNIF">7460613.00000000000</SimpleData>
            <SimpleData name="Situación">NO</SimpleData>
            <SimpleData name="Comunidad">Ind?gena</SimpleData>
            <SimpleData name="Modelo_imp">Modelo 4</SimpleData>
            <SimpleData name="Departamen">CAAZAPA</SimpleData>
            <SimpleData name="Distrito">ABAI</SimpleData>
            <SimpleData name="Localidad">COM INDIG YPETIMI</SimpleData>
            <SimpleData name="Teléfono">982427213</SimpleData>
            <SimpleData name="Vivienda_L">-25.94107470000</SimpleData>
            <SimpleData name="Vivienda_1">-55.70498470000</SimpleData>
            <SimpleData name="Superficie">0.70000000000</SimpleData>
            <SimpleData name="Situaci_1">Par?metro</SimpleData>
            <SimpleData name="Plantado">NO</SimpleData>
            <SimpleData name="Jornales">0.00000000000</SimpleData>
            <SimpleData name="Monto">0.00000000000</SimpleData>
            <SimpleData name="Grupo_de_p">B-GN-XX-XX-XX</SimpleData>
            <SimpleData name="Estado_del">Activo</SimpleData>
            <SimpleData name="Empresa">Unique Wood Paraguay SA</SimpleData>
            <SimpleData name="Lote">B</SimpleData>
            <SimpleData name="Parametro">0.00000000000</SimpleData>
            <SimpleData name="Sup_SIG">0.74779187389</SimpleData>
            <SimpleData name="X">-55.72761404000</SimpleData>
            <SimpleData name="Y">-25.95333976000</SimpleData>
            <SimpleData name="cedula">7460613</SimpleData>
          </SchemaData>
        </ExtendedData>
        <Polygon>
          <outerBoundaryIs>
            <LinearRing>
              <coordinates>
                -55.7270641161994,-25.9530266518377,0
                -55.7269967033036,-25.9530433081798,0
                -55.7270148234256,-25.9530730928208,0
                -55.7274544686533,-25.9537958247613,0
                -55.7274782993458,-25.953834999557,0
                -55.7281958336591,-25.9535932991689,0
                -55.7282650008843,-25.9535700000392,0
                -55.7278208283156,-25.9530091989817,0
                -55.7277316528105,-25.952896606042,0
                -55.7277182901854,-25.9528797352741,0
                -55.7277085997759,-25.9528675004234,0
                -55.7272331472748,-25.9529849109478,0
                -55.7270641161994,-25.9530266518377,0
              </coordinates>
            </LinearRing>
          </outerBoundaryIs>
        </Polygon>
      </Placemark>
      <Placemark id="Lote_B.218">
        <ExtendedData>
          <SchemaData schemaUrl="#Lote_B.schema">
            <SimpleData name="Cédula">8429202.00000000000</SimpleData>
            <SimpleData name="Nombres_y_">VICTOR ALCIDES BENITEZ AYALA</SimpleData>
            <SimpleData name="Sexo">Hombre</SimpleData>
            <SimpleData name="Cambio_de_">NO</SimpleData>
            <SimpleData name="Titular_se">NO</SimpleData>
            <SimpleData name="ci_UNIF">8429202.00000000000</SimpleData>
            <SimpleData name="Situación">NO</SimpleData>
            <SimpleData name="Comunidad">Ind?gena</SimpleData>
            <SimpleData name="Modelo_imp">Modelo 4</SimpleData>
            <SimpleData name="Departamen">CAAZAPA</SimpleData>
            <SimpleData name="Distrito">ABAI</SimpleData>
            <SimpleData name="Localidad">COM INDIG YPETIMI</SimpleData>
            <SimpleData name="Vivienda_L">-25.94114970000</SimpleData>
            <SimpleData name="Vivienda_1">-55.70502010000</SimpleData>
            <SimpleData name="Superficie">0.70000000000</SimpleData>
            <SimpleData name="Situaci_1">Par?metro</SimpleData>
            <SimpleData name="Plantado">NO</SimpleData>
            <SimpleData name="Jornales">0.00000000000</SimpleData>
            <SimpleData name="Monto">0.00000000000</SimpleData>
            <SimpleData name="Grupo_de_p">B-GN-XX-XX-XX</SimpleData>
            <SimpleData name="Estado_del">Activo</SimpleData>
            <SimpleData name="Empresa">Unique Wood Paraguay SA</SimpleData>
            <SimpleData name="Lote">B</SimpleData>
            <SimpleData name="Parametro">0.00000000000</SimpleData>
            <SimpleData name="Sup_SIG">0.70713683312</SimpleData>
            <SimpleData name="X">-55.72644620000</SimpleData>
            <SimpleData name="Y">-25.95276975000</SimpleData>
            <SimpleData name="cedula">8429202</SimpleData>
          </SchemaData>
        </ExtendedData>
        <Polygon>
          <outerBoundaryIs>
            <LinearRing>
              <coordinates>
                -55.726120384463,-25.9531450322275,0
                -55.7264382052464,-25.9531081404418,0
                -55.7269967033036,-25.9530433081798,0
                -55.7270641161994,-25.9530266518377,0
                -55.7270562125433,-25.9530108826334,0
                -55.7267748091387,-25.9524494075776,0
                -55.7267300000861,-25.9523600003213,0
                -55.7258419005874,-25.9525341002964,0
                -55.7261085993578,-25.9531464001924,0
                -55.726120384463,-25.9531450322275,0
              </coordinates>
            </LinearRing>
          </outerBoundaryIs>
        </Polygon>
      </Placemark>
      <Placemark id="Lote_B.219">
        <ExtendedData>
          <SchemaData schemaUrl="#Lote_B.schema">
            <SimpleData name="Cédula">5877388.00000000000</SimpleData>
            <SimpleData name="Nombres_y_">ZUNY NU?EZ CABRAL</SimpleData>
            <SimpleData name="Sexo">Mujer</SimpleData>
            <SimpleData name="Cambio_de_">NO</SimpleData>
            <SimpleData name="Titular_se">NO</SimpleData>
            <SimpleData name="ci_UNIF">5877388.00000000000</SimpleData>
            <SimpleData name="Situación">NO</SimpleData>
            <SimpleData name="Comunidad">Ind?gena</SimpleData>
            <SimpleData name="Modelo_imp">Modelo 5</SimpleData>
            <SimpleData name="Departamen">CAAZAPA</SimpleData>
            <SimpleData name="Distrito">ABAI</SimpleData>
            <SimpleData name="Localidad"><![CDATA[COM INDIG YPETI - NARA'I]]></SimpleData>
            <SimpleData name="Teléfono">0985433599</SimpleData>
            <SimpleData name="Vivienda_L">-25.80426910000</SimpleData>
            <SimpleData name="Vivienda_1">-55.59368290000</SimpleData>
            <SimpleData name="Superficie">0.70000000000</SimpleData>
            <SimpleData name="Situaci_1">Par?metro</SimpleData>
            <SimpleData name="Plantado">SI</SimpleData>
            <SimpleData name="Fecha_Plan">2025/12/12</SimpleData>
            <SimpleData name="Jornales">0.00000000000</SimpleData>
            <SimpleData name="Monto">0.00000000000</SimpleData>
            <SimpleData name="Grupo_de_p">B-GN-XX-XX-XX</SimpleData>
            <SimpleData name="Estado_del">Activo</SimpleData>
            <SimpleData name="Empresa">Unique Wood Paraguay SA</SimpleData>
            <SimpleData name="Lote">B</SimpleData>
            <SimpleData name="Parametro">0.00000000000</SimpleData>
            <SimpleData name="Sup_SIG">0.71169611612</SimpleData>
            <SimpleData name="X">-55.59064085000</SimpleData>
            <SimpleData name="Y">-25.80710247000</SimpleData>
            <SimpleData name="cedula">5877388</SimpleData>
          </SchemaData>
        </ExtendedData>
        <MultiGeometry>
          <Polygon>
            <outerBoundaryIs>
              <LinearRing>
                <coordinates>
                  -55.5904814993909,-25.80746389948,0
                  -55.5911488006085,-25.8070879996048,0
                  -55.5909077996717,-25.8067211991851,0
                  -55.5900667999974,-25.8071482990042,0
                  -55.5904814993909,-25.80746389948,0
                </coordinates>
              </LinearRing>
            </outerBoundaryIs>
          </Polygon>
          <Polygon>
            <outerBoundaryIs>
              <LinearRing>
                <coordinates>
                  -55.5955093996559,-25.8027031992335,0
                  -55.5958470997172,-25.8025796986905,0
                  -55.5957607996609,-25.8021277001302,0
                  -55.5951430002455,-25.8021878991462,0
                  -55.5955093996559,-25.8027031992335,0
                </coordinates>
              </LinearRing>
            </outerBoundaryIs>
          </Polygon>
        </MultiGeometry>
      </Placemark>
      <Placemark id="Lote_B.220">
        <ExtendedData>
          <SchemaData schemaUrl="#Lote_B.schema">
            <SimpleData name="Cédula">8030673.00000000000</SimpleData>
            <SimpleData name="Nombres_y_">PABLINO VERA NU?EZ</SimpleData>
            <SimpleData name="Sexo">Hombre</SimpleData>
            <SimpleData name="Cambio_de_">NO</SimpleData>
            <SimpleData name="Titular_se">NO</SimpleData>
            <SimpleData name="ci_UNIF">8030673.00000000000</SimpleData>
            <SimpleData name="Situación">NO</SimpleData>
            <SimpleData name="Comunidad">Ind?gena</SimpleData>
            <SimpleData name="Modelo_imp">Modelo 1</SimpleData>
            <SimpleData name="Departamen">CAAZAPA</SimpleData>
            <SimpleData name="Distrito">ABAI</SimpleData>
            <SimpleData name="Localidad"><![CDATA[COM INDIG YPETI - NARA'I]]></SimpleData>
            <SimpleData name="Teléfono">0986576515</SimpleData>
            <SimpleData name="Vivienda_L">-25.80286370000</SimpleData>
            <SimpleData name="Vivienda_1">-55.59214800000</SimpleData>
            <SimpleData name="Superficie">0.80000000000</SimpleData>
            <SimpleData name="Situaci_1">Par?metro</SimpleData>
            <SimpleData name="Plantado">SI</SimpleData>
            <SimpleData name="Fecha_Plan">2025/12/06</SimpleData>
            <SimpleData name="Jornales">0.00000000000</SimpleData>
            <SimpleData name="Monto">0.00000000000</SimpleData>
            <SimpleData name="Grupo_de_p">B-GN-XX-XX-XX</SimpleData>
            <SimpleData name="Estado_del">Activo</SimpleData>
            <SimpleData name="Empresa">Unique Wood Paraguay SA</SimpleData>
            <SimpleData name="Lote">B</SimpleData>
            <SimpleData name="Parametro">0.00000000000</SimpleData>
            <SimpleData name="Sup_SIG">0.79771720137</SimpleData>
            <SimpleData name="X">-55.57664143000</SimpleData>
            <SimpleData name="Y">-25.81001404000</SimpleData>
            <SimpleData name="cedula">8030673</SimpleData>
          </SchemaData>
        </ExtendedData>
        <Polygon>
          <outerBoundaryIs>
            <LinearRing>
              <coordinates>
                -55.5761016995358,-25.8098904991338,0
                -55.5764537999526,-25.8106694988853,0
                -55.5768427001103,-25.8104356998089,0
                -55.5770479999126,-25.8100099995111,0
                -55.5770527991062,-25.8093512996612,0
                -55.5761016995358,-25.8098904991338,0
              </coordinates>
            </LinearRing>
          </outerBoundaryIs>
        </Polygon>
      </Placemark>
      <Placemark id="Lote_B.221">
        <ExtendedData>
          <SchemaData schemaUrl="#Lote_B.schema">
            <SimpleData name="Cédula">6198525.00000000000</SimpleData>
            <SimpleData name="Nombres_y_">EDGAR BENITEZ CENTURION</SimpleData>
            <SimpleData name="Sexo">Hombre</SimpleData>
            <SimpleData name="Cambio_de_">NO</SimpleData>
            <SimpleData name="Titular_se">NO</SimpleData>
            <SimpleData name="ci_UNIF">6198525.00000000000</SimpleData>
            <SimpleData name="Situación">NO</SimpleData>
            <SimpleData name="Comunidad">Ind?gena</SimpleData>
            <SimpleData name="Modelo_imp">Modelo 6</SimpleData>
            <SimpleData name="Departamen">GUAIRA</SimpleData>
            <SimpleData name="Distrito">PASO YOBAI</SimpleData>
            <SimpleData name="Localidad">COM INDIG YRYVU KUA - NARANJITO</SimpleData>
            <SimpleData name="Teléfono">0984712898</SimpleData>
            <SimpleData name="Vivienda_L">-25.66791490000</SimpleData>
            <SimpleData name="Vivienda_1">-55.97537550000</SimpleData>
            <SimpleData name="Superficie">0.90000000000</SimpleData>
            <SimpleData name="Situaci_1">Par?metro</SimpleData>
            <SimpleData name="Plantado">NO</SimpleData>
            <SimpleData name="Jornales">0.00000000000</SimpleData>
            <SimpleData name="Monto">0.00000000000</SimpleData>
            <SimpleData name="Grupo_de_p">B-GN-XX-XX-XX</SimpleData>
            <SimpleData name="Estado_del">Activo</SimpleData>
            <SimpleData name="Empresa">Unique Wood Paraguay SA</SimpleData>
            <SimpleData name="Lote">B</SimpleData>
            <SimpleData name="Parametro">0.00000000000</SimpleData>
            <SimpleData name="Sup_SIG">0.93296109100</SimpleData>
            <SimpleData name="X">-55.97493483000</SimpleData>
            <SimpleData name="Y">-25.66756577000</SimpleData>
            <SimpleData name="cedula">6198525</SimpleData>
          </SchemaData>
        </ExtendedData>
        <Polygon>
          <outerBoundaryIs>
            <LinearRing>
              <coordinates>
                -55.9747939005418,-25.6681412000657,0
                -55.9750452998378,-25.6683525997135,0
                -55.9753419999732,-25.6680690003776,0
                -55.9751029995335,-25.6675504000562,0
                -55.9754267003928,-25.6673232999124,0
                -55.9750229992573,-25.6668058004588,0
                -55.9746083997838,-25.6671035994321,0
                -55.9746511999944,-25.6673706998013,0
                -55.9743629994226,-25.667591000253,0
                -55.9747689993178,-25.6680220000635,0
                -55.9747939005418,-25.6681412000657,0
              </coordinates>
            </LinearRing>
          </outerBoundaryIs>
        </Polygon>
      </Placemark>
      <Placemark id="Lote_B.222">
        <ExtendedData>
          <SchemaData schemaUrl="#Lote_B.schema">
            <SimpleData name="Cédula">6771691.00000000000</SimpleData>
            <SimpleData name="Nombres_y_">ALBINA BENITEZ GONZALEZ</SimpleData>
            <SimpleData name="Sexo">Mujer</SimpleData>
            <SimpleData name="Cambio_de_">NO</SimpleData>
            <SimpleData name="Titular_se">NO</SimpleData>
            <SimpleData name="ci_UNIF">6771691.00000000000</SimpleData>
            <SimpleData name="Situación">NO</SimpleData>
            <SimpleData name="Comunidad">Ind?gena</SimpleData>
            <SimpleData name="Modelo_imp">Modelo 6</SimpleData>
            <SimpleData name="Departamen">GUAIRA</SimpleData>
            <SimpleData name="Distrito">PASO YOBAI</SimpleData>
            <SimpleData name="Localidad">COM INDIG YRYVU KUA - NARANJITO</SimpleData>
            <SimpleData name="Teléfono">0981568285</SimpleData>
            <SimpleData name="Vivienda_L">-25.67393170000</SimpleData>
            <SimpleData name="Vivienda_1">-55.96774000000</SimpleData>
            <SimpleData name="Superficie">0.90000000000</SimpleData>
            <SimpleData name="Situaci_1">Par?metro</SimpleData>
            <SimpleData name="Plantado">NO</SimpleData>
            <SimpleData name="Jornales">0.00000000000</SimpleData>
            <SimpleData name="Monto">0.00000000000</SimpleData>
            <SimpleData name="Grupo_de_p">B-GN-XX-XX-XX</SimpleData>
            <SimpleData name="Estado_del">Activo</SimpleData>
            <SimpleData name="Empresa">Unique Wood Paraguay SA</SimpleData>
            <SimpleData name="Lote">B</SimpleData>
            <SimpleData name="Parametro">0.00000000000</SimpleData>
            <SimpleData name="Sup_SIG">0.96129231785</SimpleData>
            <SimpleData name="X">-55.96383928000</SimpleData>
            <SimpleData name="Y">-25.67402554000</SimpleData>
            <SimpleData name="cedula">6771691</SimpleData>
          </SchemaData>
        </ExtendedData>
        <Polygon>
          <outerBoundaryIs>
            <LinearRing>
              <coordinates>
                -55.9634633001721,-25.6737216996477,0
                -55.9631350001389,-25.6740049994116,0
                -55.9632799997205,-25.6743332997744,0
                -55.9632948000138,-25.674509400228,0
                -55.9638499994162,-25.674403600303,0
                -55.9642890002942,-25.674326000125,0
                -55.964284899985,-25.674113099866,0
                -55.9643282997129,-25.6740181005362,0
                -55.9644706998993,-25.6739852999114,0
                -55.9644872004219,-25.6738959001465,0
                -55.9645863003221,-25.673902899536,0
                -55.9646038991946,-25.6738575002933,0
                -55.9646071000292,-25.6736937000966,0
                -55.9645089991674,-25.6736833001421,0
                -55.9645241997789,-25.6736092997102,0
                -55.9634633004972,-25.6737083001139,0
                -55.9634633001721,-25.6737216996477,0
              </coordinates>
            </LinearRing>
          </outerBoundaryIs>
        </Polygon>
      </Placemark>
      <Placemark id="Lote_B.223">
        <ExtendedData>
          <SchemaData schemaUrl="#Lote_B.schema">
            <SimpleData name="Cédula">8113594.00000000000</SimpleData>
            <SimpleData name="Nombres_y_">DARIO GONZALEZ PENAYO</SimpleData>
            <SimpleData name="Sexo">Hombre</SimpleData>
            <SimpleData name="Cambio_de_">NO</SimpleData>
            <SimpleData name="Titular_se">NO</SimpleData>
            <SimpleData name="ci_UNIF">8113594.00000000000</SimpleData>
            <SimpleData name="Situación">NO</SimpleData>
            <SimpleData name="Comunidad">Ind?gena</SimpleData>
            <SimpleData name="Modelo_imp">Modelo 6</SimpleData>
            <SimpleData name="Departamen">GUAIRA</SimpleData>
            <SimpleData name="Distrito">PASO YOBAI</SimpleData>
            <SimpleData name="Localidad">COM INDIG YRYVU KUA - NARANJITO</SimpleData>
            <SimpleData name="Teléfono">0986317670</SimpleData>
            <SimpleData name="Vivienda_L">-25.67130090000</SimpleData>
            <SimpleData name="Vivienda_1">-55.96433290000</SimpleData>
            <SimpleData name="Superficie">0.90000000000</SimpleData>
            <SimpleData name="Situaci_1">Par?metro</SimpleData>
            <SimpleData name="Plantado">NO</SimpleData>
            <SimpleData name="Jornales">0.00000000000</SimpleData>
            <SimpleData name="Monto">0.00000000000</SimpleData>
            <SimpleData name="Grupo_de_p">B-GN-XX-XX-XX</SimpleData>
            <SimpleData name="Estado_del">Activo</SimpleData>
            <SimpleData name="Empresa">Unique Wood Paraguay SA</SimpleData>
            <SimpleData name="Lote">B</SimpleData>
            <SimpleData name="Parametro">0.00000000000</SimpleData>
            <SimpleData name="Sup_SIG">0.90220693763</SimpleData>
            <SimpleData name="X">-55.96419525000</SimpleData>
            <SimpleData name="Y">-25.67107044000</SimpleData>
            <SimpleData name="cedula">8113594</SimpleData>
          </SchemaData>
        </ExtendedData>
        <MultiGeometry>
          <Polygon>
            <outerBoundaryIs>
              <LinearRing>
                <coordinates>
                  -55.9645684002768,-25.6714169003402,0
                  -55.96495019945,-25.6713649010072,0
                  -55.9649864003739,-25.670852200803,0
                  -55.9645923005194,-25.6709025003575,0
                  -55.9645684002768,-25.6714169003402,0
                </coordinates>
              </LinearRing>
            </outerBoundaryIs>
          </Polygon>
          <Polygon>
            <outerBoundaryIs>
              <LinearRing>
                <coordinates>
                  -55.9635718993667,-25.6715285007029,0
                  -55.9640666001904,-25.671512500087,0
                  -55.964115399157,-25.6713645007494,0
                  -55.9644492995968,-25.6711871000042,0
                  -55.9644800003631,-25.6708850010431,0
                  -55.9644736994552,-25.6708075008281,0
                  -55.9644099993652,-25.670778300275,0
                  -55.9642382997155,-25.6706917002598,0
                  -55.9641516001966,-25.6706183002532,0
                  -55.964053299241,-25.670584200218,0
                  -55.9639678995944,-25.6705708002796,0
                  -55.9637623000192,-25.6705799003093,0
                  -55.9635718993667,-25.6715285007029,0
                </coordinates>
              </LinearRing>
            </outerBoundaryIs>
          </Polygon>
        </MultiGeometry>
      </Placemark>
    </Document>
  </Document>
</kml>
